bvn,full_name
10433218196,James Okorie
15594078161,Ibrahim Bello
38849696532,Sadiq Okorie
48281489325,Oluwatobi Okafor
63834657871,Aisha Balogun
73763116566,Sadiq Bello
32677360260,Samuel Abdullahi
38425135427,Ibrahim Okafor
05242786801,Chinedu Mohammed
33754330365,Ibrahim Bello
34060883561,Blessing Okafor
79176936763,Oluwatobi Mohammed
77434873471,Ibrahim Balogun
80699016272,James Abdullahi
18506716572,Samuel Balogun
49578856855,Sadiq Abdullahi
71902294131,Samuel Okafor
49361832421,James Balogun
46807154516,James Mohammed
87558867533,Samuel Balogun
92221969379,Oluwatobi Balogun
85884247451,Sadiq Okorie
13826758692,Samuel Mohammed
05329318393,Aisha Abdullahi
84700766177,Chinedu Okorie
88516560494,Blessing Okorie
66752545991,James Balogun
10762268388,Blessing Okorie
95527177449,James Abdullahi
20715182037,Sadiq Okafor
85054235733,Oluwatobi Balogun
73834735977,Ibrahim Bello
43410369711,Sadiq Okafor
06540515319,Blessing Balogun
45054156676,Blessing Balogun
65431027868,Chinedu Abdullahi
12517785289,Oluwatobi Bello
09439690784,Ibrahim Adebayo
63259532787,Sadiq Abdullahi
78729825952,Samuel Okafor
38578652785,Blessing Mohammed
30165712082,Samuel Mohammed
30463745499,James Abdullahi
13971870728,Samuel Adebayo
56766182512,Samuel Okafor
30284395995,Aisha Abdullahi
26343517518,Aisha Okorie
99642353693,Sadiq Okafor
21182339845,Ibrahim Bello
63159996504,Sadiq Adebayo
10158199560,Ibrahim Adebayo
19398280737,Ibrahim Bello
13529096561,James Okorie
36226609379,Samuel Adebayo
57924991251,Aisha Abdullahi
05072368876,Sadiq Adebayo
49481260422,Aisha Balogun
70632424154,Chinedu Abdullahi
21890927532,Samuel Okafor
84866618892,Ibrahim Okorie
50792524191,Aisha Mohammed
23806174451,Sadiq Okorie
99062344565,Blessing Adebayo
21003236519,Ibrahim Bello
47209993476,Sadiq Okorie
30407859321,Aisha Mohammed
93252500292,Chinedu Bello
70433154100,Samuel Adebayo
61497310324,Chinedu Adebayo
11586938068,Samuel Okafor
67997024629,Samuel Okorie
97279855241,Ibrahim Okorie
20744666099,Aisha Abdullahi
73816846022,Aisha Abdullahi
25753260332,Aisha Mohammed
30461849926,Chinedu Okafor
19721811437,Ibrahim Abdullahi
99358891637,Blessing Mohammed
13055488510,Oluwatobi Adebayo
69958669346,Blessing Abdullahi
65800439735,Aisha Bello
32818268861,Blessing Balogun
81128801336,Chinedu Balogun
00996881435,Aisha Adebayo
92995562053,Aisha Mohammed
92750373145,Aisha Okorie
23184322259,Chinedu Mohammed
97723692929,Ibrahim Balogun
14986430098,Chinedu Okafor
58874495621,Aisha Adebayo
84309883920,Blessing Balogun
69042681818,Ibrahim Abdullahi
58804341651,Oluwatobi Adebayo
56271875003,Samuel Okafor
92931438663,Oluwatobi Bello
93998245587,Sadiq Okorie
28200557784,Sadiq Balogun
30853686632,Samuel Bello
23460136730,Aisha Adebayo
49163009792,Blessing Bello
40778487392,Blessing Abdullahi
37170586509,Ibrahim Okafor
12286852897,Blessing Abdullahi
34419693157,Oluwatobi Adebayo
58320679981,Aisha Adebayo
97927033521,Chinedu Mohammed
98042043940,Sadiq Mohammed
38457620555,Ibrahim Balogun
05664742312,Oluwatobi Okorie
88081770388,Samuel Mohammed
98266570279,Aisha Adebayo
20644742123,James Okafor
27950145561,Samuel Bello
89952997877,Oluwatobi Okafor
55770272785,Sadiq Bello
07681040915,Sadiq Okorie
13858542493,Oluwatobi Okorie
01715772459,Oluwatobi Okafor
95832197199,Sadiq Abdullahi
97335494651,James Okafor
09738468950,James Okafor
44401929275,Oluwatobi Abdullahi
60476580185,Samuel Okafor
44717465421,Ibrahim Bello
10119470720,James Mohammed
70050506138,Sadiq Mohammed
82530925114,Oluwatobi Bello
12772200543,Samuel Abdullahi
43520904217,Sadiq Adebayo
06867177318,James Mohammed
93355486401,Blessing Abdullahi
54025472928,Ibrahim Balogun
47492975170,Oluwatobi Mohammed
37599805626,Blessing Adebayo
47873002447,Chinedu Mohammed
85544518952,James Balogun
07603108907,Chinedu Abdullahi
11908334280,Chinedu Balogun
35396136749,Ibrahim Bello
27624671978,Sadiq Adebayo
41520850769,Samuel Abdullahi
83440496391,Chinedu Okafor
36442493631,Oluwatobi Balogun
41651623198,Chinedu Okafor
37606441343,Oluwatobi Adebayo
31652669300,Aisha Okorie
41180053759,James Okorie
32074276170,Sadiq Abdullahi
16423610326,Samuel Abdullahi
81476174224,Aisha Okafor
64122031030,Aisha Adebayo
40767899730,James Adebayo
38005452280,Chinedu Abdullahi
63266678507,Oluwatobi Bello
89267389975,Samuel Bello
74907539989,Aisha Abdullahi
81377028519,Samuel Okorie
18510679497,Blessing Bello
26085641118,Oluwatobi Abdullahi
57861706304,Chinedu Balogun
91416128463,Blessing Mohammed
94337504793,James Balogun
32541107609,Blessing Bello
69915078593,Chinedu Okorie
49822749545,James Okafor
37563620501,Blessing Okorie
02615347355,Oluwatobi Okafor
46692548121,Ibrahim Adebayo
44566907826,Aisha Balogun
90225999966,Aisha Adebayo
34817058025,Samuel Adebayo
90147546926,Aisha Balogun
12418621042,Sadiq Abdullahi
81558393866,Chinedu Balogun
71509976838,James Balogun
50864035533,James Mohammed
73471566277,Samuel Okafor
37050249724,Aisha Okafor
86462252237,Oluwatobi Okafor
77100409013,James Adebayo
67164932898,James Balogun
98366552899,Aisha Okorie
92774233305,Chinedu Mohammed
11783099974,Chinedu Bello
93218401184,Blessing Okafor
61844626714,Samuel Mohammed
63611284971,Blessing Mohammed
11312901487,James Adebayo
38144744309,Samuel Balogun
56053134026,Samuel Mohammed
63718923923,Chinedu Balogun
89534396112,Chinedu Okorie
90367881278,Samuel Okafor
16498373543,Samuel Balogun
45723084810,James Okorie
10225267711,Samuel Mohammed
47286333021,Oluwatobi Adebayo
47657041200,Oluwatobi Okafor
34111595034,Oluwatobi Okafor
46835652156,Chinedu Okafor
71024817175,Oluwatobi Abdullahi
90380214629,Samuel Bello
71470827235,James Okafor
48072791033,Samuel Mohammed
64649111109,Samuel Okorie
63128196482,Blessing Balogun
40412091179,Chinedu Okorie
02841390808,Oluwatobi Balogun
51720849649,Blessing Adebayo
16493831849,Chinedu Okafor
30021563213,Blessing Bello
88397745731,Ibrahim Bello
13072407875,Ibrahim Okorie
89786103131,James Okorie
57907371009,Ibrahim Bello
65313614878,Oluwatobi Abdullahi
04254882142,Aisha Adebayo
83441497826,Samuel Okorie
87010415914,Sadiq Mohammed
20223288377,Ibrahim Abdullahi
52774025883,Blessing Mohammed
76298334774,Aisha Balogun
28411730985,James Balogun
87240107835,Samuel Adebayo
05593429671,Chinedu Okorie
04967066703,Aisha Adebayo
44138459609,Ibrahim Abdullahi
08304405809,Aisha Abdullahi
90250429019,Aisha Bello
79376392836,Oluwatobi Okafor
57676472298,Chinedu Balogun
65220368499,Blessing Okorie
41513152854,Sadiq Mohammed
31830617893,Oluwatobi Okorie
73504763928,Aisha Bello
25563830008,Chinedu Okafor
58173906375,Sadiq Okafor
52059960438,Sadiq Okafor
05622710433,Chinedu Okafor
28767548138,Samuel Adebayo
97727810509,Oluwatobi Mohammed
86204485157,Chinedu Okafor
84183437401,Oluwatobi Adebayo
95764038166,Ibrahim Okafor
68157903923,Blessing Abdullahi
04641978575,Blessing Okorie
07540915086,Aisha Balogun
15466024161,Aisha Okafor
80555572773,Oluwatobi Mohammed
86367747226,Ibrahim Okorie
39773973278,Chinedu Bello
73454757494,James Bello
92529858567,Oluwatobi Bello
33997718051,Aisha Adebayo
94725878444,Aisha Abdullahi
79643474524,Blessing Mohammed
96010548574,Chinedu Adebayo
44902166670,James Okafor
62439587395,Oluwatobi Balogun
63369112898,Chinedu Balogun
02329028227,James Okorie
22105316117,Sadiq Adebayo
77539673794,Sadiq Okorie
80858382521,Oluwatobi Mohammed
33513426192,Aisha Adebayo
95376601444,Blessing Adebayo
05146074555,Aisha Abdullahi
58562614991,Blessing Balogun
37490797796,Chinedu Balogun
53986289509,James Mohammed
90805120800,Blessing Adebayo
15352373605,James Adebayo
71587964740,James Balogun
35137399006,Aisha Mohammed
66437490607,Oluwatobi Mohammed
21136957279,James Mohammed
01168809255,James Balogun
94577278532,Ibrahim Mohammed
39578654362,Sadiq Okorie
41822261896,Oluwatobi Okafor
44765047158,James Balogun
41715810213,Chinedu Balogun
12342893113,Oluwatobi Bello
39205677567,Sadiq Adebayo
76627051157,Ibrahim Balogun
85953259399,Aisha Bello
75983399140,Aisha Okafor
56259045990,James Mohammed
00370033228,Blessing Abdullahi
39439457039,Ibrahim Balogun
90040476921,James Abdullahi
66007676209,James Mohammed
78255882556,Oluwatobi Okafor
37230817214,Aisha Bello
13176539705,Ibrahim Okafor
77560858167,James Abdullahi
12688122821,Sadiq Okafor
62398471690,Samuel Okorie
51758891444,Ibrahim Okafor
75367497852,Ibrahim Okafor
76651221500,Chinedu Abdullahi
53208953263,James Balogun
33116772696,James Okafor
16453454722,Aisha Bello
76230391114,Oluwatobi Okafor
95947372132,James Okorie
37260321450,Blessing Adebayo
19646300402,Aisha Adebayo
93306745847,Samuel Okorie
92529596111,Chinedu Bello
09032671494,Chinedu Bello
66189437052,Samuel Balogun
25848689993,Samuel Bello
39464083037,Aisha Adebayo
83061537012,Ibrahim Balogun
52883750566,Chinedu Bello
61851744600,Ibrahim Abdullahi
15402119017,James Adebayo
64970169342,Oluwatobi Bello
15566847323,Samuel Abdullahi
47642737203,Sadiq Adebayo
73214644936,Blessing Okorie
82073651189,Aisha Okafor
11231261632,Ibrahim Mohammed
81588144582,Oluwatobi Okorie
22489056708,Samuel Adebayo
55054296080,Sadiq Okorie
44170646255,Ibrahim Bello
53888245279,James Mohammed
75617868800,Oluwatobi Balogun
59520149118,Ibrahim Okorie
00308356691,James Adebayo
35437882603,Aisha Mohammed
91408499323,Chinedu Balogun
05612996508,Oluwatobi Adebayo
10168311395,James Okorie
07779462072,Samuel Bello
13371844490,Oluwatobi Bello
38318285605,Aisha Okafor
84802205093,Samuel Mohammed
99687225893,Sadiq Mohammed
25544286796,Aisha Balogun
84685095744,Aisha Okorie
93678136750,James Okafor
75854859655,Ibrahim Balogun
44889669972,Sadiq Bello
83647238750,Oluwatobi Bello
59143882325,Blessing Mohammed
20539787137,Blessing Balogun
44361995171,Blessing Bello
32176720191,Chinedu Okorie
03995297013,Sadiq Okorie
16690632248,Chinedu Abdullahi
06831764172,Samuel Okafor
35104584743,Samuel Balogun
96274666215,Chinedu Okafor
31520499809,Ibrahim Mohammed
60204181359,Sadiq Balogun
78570820048,James Adebayo
24096496683,Ibrahim Okafor
36133760523,James Abdullahi
46813592664,Samuel Okafor
03988636536,Oluwatobi Okorie
33890623546,Samuel Bello
24115848860,James Bello
12120384375,Aisha Adebayo
33427203886,Oluwatobi Bello
53400181677,Ibrahim Okafor
53912878848,Samuel Bello
32001867661,James Okorie
41134078516,Ibrahim Bello
82604180952,Chinedu Bello
70900163564,James Adebayo
11950927115,Oluwatobi Adebayo
54329876989,Aisha Bello
84253646280,Blessing Abdullahi
07409131117,Samuel Okorie
50026015153,Oluwatobi Abdullahi
13599285535,Blessing Balogun
78423394495,Aisha Okorie
84290292334,Blessing Bello
29045759887,Blessing Bello
23621921581,Sadiq Mohammed
00537893186,Oluwatobi Okafor
02816506463,James Mohammed
02983104384,Chinedu Okafor
14243625854,Oluwatobi Okorie
50583334303,Chinedu Okorie
81526925596,Samuel Abdullahi
68744701732,James Mohammed
69552862092,Sadiq Bello
10870826971,Oluwatobi Bello
19442589222,Blessing Adebayo
38418520136,Oluwatobi Adebayo
11955640919,Samuel Okafor
60987312677,Aisha Okorie
21915057644,Sadiq Bello
77119529635,Aisha Okorie
39344974394,Samuel Abdullahi
72021707548,Blessing Balogun
31458434566,Aisha Okorie
79686800852,Ibrahim Adebayo
66527523328,Oluwatobi Okafor
45301239847,Oluwatobi Balogun
71775461992,Ibrahim Okorie
99452951712,Oluwatobi Balogun
63295634277,Sadiq Abdullahi
72629420661,Blessing Mohammed
64420062987,Sadiq Mohammed
00366602000,Blessing Balogun
32838963376,Chinedu Okafor
43192797617,Chinedu Abdullahi
08974748599,Ibrahim Adebayo
82484581308,Aisha Bello
56619953056,Ibrahim Okorie
55996725622,Oluwatobi Okorie
83507124553,Chinedu Balogun
52294252516,Chinedu Okafor
80331836113,Aisha Bello
89156734467,Chinedu Mohammed
28575958281,James Balogun
30388568119,Aisha Okafor
81810450243,Sadiq Balogun
89666053428,Chinedu Adebayo
09690676490,Oluwatobi Balogun
41309091538,Samuel Okorie
10979412248,Sadiq Okorie
57795001732,Blessing Bello
21045461719,Oluwatobi Okafor
41209447726,James Balogun
64986478686,Oluwatobi Balogun
23720550330,James Okorie
16923273798,Sadiq Mohammed
13711815198,Blessing Mohammed
94026208581,Sadiq Abdullahi
28382710123,Oluwatobi Okafor
66562241976,Sadiq Okafor
44111973881,Oluwatobi Adebayo
30160498603,Sadiq Balogun
13171978601,Samuel Balogun
23996477183,Sadiq Abdullahi
46706751691,Aisha Okafor
16758646339,Blessing Balogun
36024465467,Sadiq Balogun
38027414857,Oluwatobi Adebayo
71353867625,Oluwatobi Balogun
36273202227,Chinedu Okorie
05216903922,James Balogun
98519393272,Sadiq Balogun
74995070886,Ibrahim Bello
89093225333,Oluwatobi Okorie
08059831244,Chinedu Balogun
10629419375,Chinedu Okafor
24032115355,James Abdullahi
88345819204,Sadiq Adebayo
08585883825,Samuel Mohammed
26604509563,Oluwatobi Okorie
62313361094,Ibrahim Mohammed
94290461755,Chinedu Okafor
74216435990,James Okafor
41858990027,Sadiq Mohammed
18222667941,James Bello
71826533717,James Okafor
15890164928,Chinedu Abdullahi
82968244850,James Adebayo
44435962458,Sadiq Okorie
60396702436,Blessing Balogun
94972204298,Samuel Balogun
60413482084,Aisha Okorie
40592082353,James Okafor
50361920259,Chinedu Okafor
08517328951,Ibrahim Abdullahi
40788026529,Blessing Okorie
96047220539,Sadiq Mohammed
76626235960,Blessing Balogun
36050281640,Chinedu Okorie
57454492054,Ibrahim Mohammed
26602351585,James Okorie
86646936561,Aisha Balogun
67699242773,Oluwatobi Balogun
83100643322,Samuel Mohammed
74027406758,Oluwatobi Adebayo
61212898115,Ibrahim Okafor
64799846058,Samuel Mohammed
40516654512,Oluwatobi Abdullahi
90961979797,Oluwatobi Bello
25849073420,Aisha Okorie
81788242655,Ibrahim Adebayo
87084779541,Sadiq Adebayo
61820706690,Chinedu Okorie
44404588311,Ibrahim Okorie
29573783159,Sadiq Abdullahi
50221816981,Ibrahim Okorie
77196666102,Blessing Mohammed
31995695592,Oluwatobi Adebayo
09543776618,Aisha Okorie
31542306002,Aisha Okorie
24005392220,Blessing Adebayo
86449760249,Samuel Adebayo
80966414753,Aisha Adebayo
61682497939,Chinedu Adebayo
89678082649,Aisha Okorie
66497196706,Aisha Balogun
11604991004,Oluwatobi Okorie
38601571171,Aisha Balogun
67857646391,Aisha Okafor
96261684552,Blessing Balogun
44130686240,Sadiq Bello
32822282408,Ibrahim Adebayo
41945341952,Chinedu Mohammed
08429069690,Ibrahim Abdullahi
84376992964,Ibrahim Abdullahi
82863040296,Samuel Balogun
37063250313,Oluwatobi Okafor
00029561622,Blessing Adebayo
05276120928,Chinedu Bello
00037539892,Aisha Mohammed
53820114065,Oluwatobi Mohammed
72935097934,Ibrahim Bello
78233720945,Chinedu Mohammed
13249519350,James Okorie
56685135381,Ibrahim Okafor
16115866861,Chinedu Okafor
02853272766,Aisha Abdullahi
21024234473,James Abdullahi
57911501016,Oluwatobi Adebayo
92149679146,Aisha Mohammed
01000908993,Chinedu Okafor
73979842189,Chinedu Mohammed
61652289890,Sadiq Abdullahi
91295651887,Chinedu Mohammed
30112501860,Sadiq Abdullahi
05714469567,Ibrahim Okorie
95805045050,Oluwatobi Okafor
27943379531,Chinedu Okorie
93511745553,Sadiq Mohammed
26084818762,James Okafor
67312343888,James Abdullahi
10297711506,Oluwatobi Mohammed
36915737671,James Abdullahi
86760304093,Ibrahim Adebayo
78947672000,Blessing Balogun
19194454569,Sadiq Balogun
17614215248,Aisha Okorie
28247183018,Chinedu Adebayo
78811938999,James Adebayo
58583563998,Chinedu Balogun
87240899217,Sadiq Mohammed
36540181444,Oluwatobi Abdullahi
10356594299,Oluwatobi Okorie
83463348893,Aisha Abdullahi
59470396964,Blessing Balogun
97110384715,Samuel Adebayo
92571402503,Blessing Bello
46896331812,Aisha Balogun
03767687404,Oluwatobi Okorie
56119989965,Chinedu Okorie
82905256599,Blessing Okorie
51318660474,Sadiq Bello
13518302585,Aisha Abdullahi
73091218527,Aisha Abdullahi
11096598455,Sadiq Adebayo
91005932572,Oluwatobi Okafor
66430165562,Aisha Okafor
28395167309,Blessing Mohammed
68467678096,Ibrahim Abdullahi
51199764534,Samuel Abdullahi
46018040334,James Okorie
02155383077,Blessing Bello
49828385974,Sadiq Adebayo
55785641354,Sadiq Abdullahi
16602841362,Aisha Balogun
67949078692,Blessing Abdullahi
07228834133,Blessing Bello
80300735658,Oluwatobi Adebayo
25261197892,Blessing Bello
01483335401,Chinedu Balogun
74199160539,James Adebayo
08875480293,Aisha Bello
77170305687,James Okafor
57451048480,Ibrahim Mohammed
06699261382,Samuel Bello
06952357865,Oluwatobi Okafor
60203922131,Sadiq Okorie
62917964416,James Balogun
62750152697,Ibrahim Abdullahi
14858197015,James Mohammed
70493795829,Chinedu Abdullahi
43549787296,Blessing Adebayo
40916573762,Ibrahim Balogun
71539022624,Sadiq Mohammed
20675493934,Aisha Mohammed
07155587094,James Abdullahi
75571663282,Ibrahim Adebayo
60809010146,Chinedu Bello
51856905096,Blessing Adebayo
95145498367,Chinedu Abdullahi
61548720124,James Balogun
07417996546,Samuel Balogun
86361527695,Ibrahim Abdullahi
99256924768,Aisha Abdullahi
44708560940,Samuel Adebayo
03374499987,James Okafor
46125360640,James Abdullahi
43338496552,Aisha Okafor
73946248723,Blessing Bello
03934271866,Oluwatobi Abdullahi
31044817736,Blessing Abdullahi
49995225296,Ibrahim Abdullahi
16266032358,Ibrahim Okorie
11173670386,Oluwatobi Abdullahi
41627963651,Oluwatobi Okafor
09166316696,Sadiq Mohammed
99613152552,Aisha Mohammed
82603174890,Aisha Okorie
60895897015,Oluwatobi Balogun
61139979927,Chinedu Mohammed
92626543475,Chinedu Mohammed
36999528502,Aisha Okorie
02006174136,Ibrahim Abdullahi
60777894332,Sadiq Adebayo
20039344907,Samuel Okafor
26980446658,Blessing Balogun
80928261641,Sadiq Okorie
98312428535,Ibrahim Okorie
02549723920,Chinedu Okorie
13379376699,Sadiq Adebayo
80358624057,Ibrahim Abdullahi
42597205548,Oluwatobi Bello
74134019293,Samuel Okorie
02274330372,Sadiq Okorie
98428828470,Blessing Balogun
26852728760,Aisha Balogun
77004535859,Sadiq Balogun
70411678815,Samuel Mohammed
95301203398,James Mohammed
43567027728,Sadiq Okorie
65119214574,Ibrahim Abdullahi
18052579599,James Mohammed
13399627686,Chinedu Balogun
41710389191,Sadiq Abdullahi
52572316316,James Bello
58009714086,Aisha Balogun
39196034823,Samuel Adebayo
75529776014,Blessing Okafor
77140344545,Blessing Mohammed
06279595142,Blessing Abdullahi
07812945761,Aisha Okorie
79116114644,Samuel Mohammed
78812532512,Chinedu Bello
64682100370,James Adebayo
48762965074,Ibrahim Bello
90740635168,Blessing Balogun
72372259310,Aisha Bello
19851769680,Samuel Abdullahi
19859655102,Blessing Okorie
54656531708,Sadiq Balogun
91660191090,Ibrahim Okafor
51837847719,Aisha Adebayo
08803546946,Samuel Okorie
85500295738,James Okorie
51919396871,Samuel Bello
69516571211,Samuel Okorie
59688910961,Samuel Bello
19714083469,Blessing Abdullahi
91953016472,Samuel Okorie
85894961721,Blessing Bello
10912944314,Chinedu Abdullahi
98181009624,Oluwatobi Adebayo
72047676660,Oluwatobi Okafor
97296970100,Aisha Bello
07047314836,Sadiq Abdullahi
34435849811,Ibrahim Bello
61341749195,Aisha Bello
48044236479,Oluwatobi Bello
96736720961,James Bello
73260968568,Samuel Bello
76596458766,Ibrahim Bello
93291369648,James Mohammed
59209410102,Sadiq Adebayo
57547893505,Oluwatobi Adebayo
37745998413,Aisha Adebayo
78598444088,Blessing Mohammed
30799154027,Aisha Balogun
09305484738,Blessing Adebayo
15089244640,Aisha Abdullahi
74592541238,Sadiq Balogun
27276531451,Aisha Abdullahi
66808950491,James Okafor
79020388782,Chinedu Okafor
27966379581,Sadiq Adebayo
24687220373,Aisha Adebayo
61465344200,Ibrahim Balogun
58508143229,Sadiq Adebayo
61092216897,Ibrahim Abdullahi
75552672036,Sadiq Mohammed
93235393305,Ibrahim Okafor
36330575437,James Okorie
59169833179,Aisha Adebayo
93609194908,Chinedu Mohammed
00751674867,Aisha Abdullahi
99971252019,Aisha Okorie
51739222931,Sadiq Mohammed
86708855069,Ibrahim Balogun
75601642624,Blessing Abdullahi
41202241756,Chinedu Adebayo
81791578290,Blessing Balogun
69888665948,Chinedu Mohammed
28402246267,Chinedu Mohammed
24003305109,Sadiq Balogun
99593116992,Chinedu Mohammed
51948454225,Blessing Abdullahi
36590504173,Sadiq Balogun
31149331088,Samuel Balogun
61687873214,Sadiq Bello
04131355579,Ibrahim Balogun
75138771239,Chinedu Okafor
75859391853,Samuel Mohammed
53544078967,Sadiq Mohammed
26244704986,Sadiq Okorie
97490304381,Sadiq Adebayo
34374325674,James Bello
15999442618,Ibrahim Bello
54425247777,Ibrahim Abdullahi
96016099324,Sadiq Okorie
22402393627,Samuel Okorie
51002607721,Ibrahim Balogun
75908268009,James Adebayo
30888060941,Sadiq Abdullahi
50497236694,Samuel Balogun
78953770124,Aisha Bello
56926920327,Aisha Abdullahi
70600746143,Aisha Bello
33998215900,Sadiq Mohammed
39116457677,Samuel Abdullahi
06724663903,Oluwatobi Bello
87552452961,Blessing Okorie
69476293684,Oluwatobi Adebayo
39350824326,Oluwatobi Abdullahi
70244043109,James Adebayo
79895824773,Aisha Mohammed
06591004436,Ibrahim Balogun
72847034463,Aisha Balogun
09222514557,Blessing Bello
92295014962,Ibrahim Okorie
46892704723,Aisha Abdullahi
18380169347,Samuel Okafor
91523133631,Ibrahim Bello
75690001917,Samuel Bello
60059324183,Oluwatobi Mohammed
73022099417,Blessing Balogun
77037846797,James Mohammed
82901832051,Chinedu Bello
88631240790,Ibrahim Mohammed
82772532095,Oluwatobi Okafor
86762273533,Ibrahim Okorie
42463815129,Chinedu Okorie
86243014606,Samuel Mohammed
50796699784,Oluwatobi Okorie
94757637982,Aisha Okorie
07512101842,Samuel Balogun
74852512258,Ibrahim Adebayo
94614262040,Blessing Balogun
41917160333,James Okafor
43511026939,Blessing Abdullahi
76216483427,Sadiq Balogun
84889199495,Chinedu Adebayo
25028004177,James Bello
63646059551,Samuel Okorie
74869784879,Samuel Mohammed
98637085536,James Adebayo
46352356118,Oluwatobi Okorie
32659845033,Sadiq Okafor
05687807126,Blessing Balogun
84943457766,Chinedu Mohammed
60878072020,Aisha Mohammed
39677054673,Aisha Okorie
67347436939,James Okafor
88767660628,Blessing Bello
97026638207,Chinedu Abdullahi
87192497265,Blessing Bello
93465027586,James Balogun
37038547872,Samuel Okafor
55418925883,Chinedu Abdullahi
16896213250,Samuel Balogun
30310166366,Oluwatobi Bello
01749538916,Oluwatobi Abdullahi
53331714795,Blessing Abdullahi
26962505073,Oluwatobi Abdullahi
54399942858,James Balogun
74447939117,Chinedu Adebayo
94043935160,Oluwatobi Adebayo
53298734011,Ibrahim Okafor
16991658723,Samuel Balogun
43763185596,Sadiq Okorie
78371053925,James Bello
22702543163,Chinedu Abdullahi
16943532861,Sadiq Okafor
10705570529,Blessing Okorie
34616461526,Blessing Balogun
30080588990,Blessing Bello
31166946021,Oluwatobi Abdullahi
45086295322,Aisha Okorie
22368312753,Ibrahim Okorie
03231866790,Samuel Adebayo
14846036383,Samuel Mohammed
72350194737,Sadiq Okafor
74966529483,James Abdullahi
65875031049,Sadiq Okafor
71243566830,Aisha Balogun
90951956630,James Mohammed
02933132689,Aisha Adebayo
82933528789,Sadiq Okorie
67974476193,Sadiq Okafor
45977366098,Blessing Okafor
31984449616,Aisha Bello
36585405919,Aisha Abdullahi
09773983666,James Okafor
08840755380,Blessing Balogun
68483681672,Aisha Okafor
49316608161,Chinedu Abdullahi
45581708335,Chinedu Bello
03846912815,James Okorie
44152644582,Samuel Mohammed
56183262138,Ibrahim Okorie
77674695881,Ibrahim Bello
16648023628,James Bello
06608623650,Ibrahim Adebayo
40157997062,Chinedu Okorie
73815229322,Sadiq Mohammed
75550458387,Blessing Okorie
96401014601,Aisha Balogun
00567352635,Blessing Okorie
31715111424,Chinedu Balogun
18172035796,Blessing Bello
21746453316,Ibrahim Okafor
36970168525,Aisha Okorie
08806831121,Sadiq Okafor
07937415871,Ibrahim Balogun
50246948412,Aisha Balogun
08099371519,Aisha Okorie
58753715641,Blessing Bello
17037930618,Oluwatobi Okorie
65299053679,Chinedu Balogun
78174420540,Blessing Okorie
54976834875,Oluwatobi Abdullahi
76702546168,Ibrahim Abdullahi
87807376764,Sadiq Balogun
70447771405,Sadiq Bello
89426603669,James Bello
36950725925,James Okorie
14659511203,Aisha Okafor
34850302772,Chinedu Adebayo
28774786910,Ibrahim Okorie
73137001749,Aisha Okorie
01531195960,Oluwatobi Adebayo
26786504441,Ibrahim Abdullahi
76817006814,Aisha Adebayo
21922834914,Aisha Okorie
20836108802,Blessing Adebayo
96586360253,Samuel Okafor
04479058304,Sadiq Okorie
50725532052,Blessing Okorie
92689947387,Aisha Okorie
43653145945,Samuel Okafor
23338831960,Oluwatobi Abdullahi
78966368053,Sadiq Balogun
09863678281,Samuel Okafor
58672602131,James Adebayo
97662084078,Ibrahim Mohammed
92389862254,Samuel Mohammed
17846274205,Oluwatobi Bello
64349465265,James Bello
43329457867,Ibrahim Mohammed
84429829931,Samuel Mohammed
95943578459,James Mohammed
37987752399,Samuel Bello
15533317931,Aisha Mohammed
79274622689,Sadiq Abdullahi
92771573685,James Mohammed
10506859023,Aisha Okorie
90411797796,Aisha Okorie
71547595013,Aisha Adebayo
05815193942,Sadiq Okafor
29420670805,Blessing Okafor
19495832519,James Okorie
43448213801,Chinedu Abdullahi
33500645580,Ibrahim Bello
16750115327,James Bello
75376445125,Samuel Balogun
92162986042,Sadiq Okafor
68085884443,Sadiq Balogun
56842181801,Sadiq Abdullahi
31001792513,Samuel Bello
06353335016,Oluwatobi Adebayo
53390363857,Ibrahim Balogun
42018190232,James Okorie
97453145955,James Okafor
98245081464,Sadiq Okorie
63790584828,Chinedu Adebayo
14399925709,Oluwatobi Okafor
71970957445,Ibrahim Okorie
68160519170,Oluwatobi Mohammed
64731168859,Oluwatobi Adebayo
72293804503,James Bello
02136716033,Ibrahim Okorie
07248611562,Aisha Okorie
69843663375,Samuel Bello
44892396042,Ibrahim Abdullahi
61997078393,Chinedu Balogun
84109600661,Samuel Bello
57554606834,Oluwatobi Adebayo
40363487451,Oluwatobi Bello
32249673719,Samuel Adebayo
41835909490,Ibrahim Bello
91085877707,Blessing Okorie
16338638130,Aisha Balogun
69001923315,Oluwatobi Bello
84173265234,Samuel Abdullahi
07491850582,Ibrahim Okorie
78730539003,Ibrahim Mohammed
57878280957,Oluwatobi Mohammed
09802075204,Samuel Bello
71890112036,Sadiq Balogun
31300161832,Chinedu Abdullahi
73778892141,Chinedu Okorie
79033675947,Chinedu Bello
07000267554,Sadiq Abdullahi
25804430657,Sadiq Balogun
11070686864,Samuel Mohammed
99632304772,Blessing Mohammed
43096474293,Oluwatobi Adebayo
40419744765,Oluwatobi Bello
64878413831,Oluwatobi Adebayo
71568539091,Sadiq Abdullahi
05980188800,Aisha Okorie
97662154151,James Adebayo
95591092335,Blessing Bello
11891728458,Ibrahim Okafor
02519067244,Samuel Okorie
28765755525,Samuel Okafor
33706951181,Samuel Mohammed
80167743604,James Bello
12605574028,Ibrahim Abdullahi
51492863270,Oluwatobi Balogun
64162987025,Oluwatobi Okorie
34087056833,Blessing Abdullahi
66558990658,Samuel Bello
00013278928,Oluwatobi Abdullahi
40830709063,Aisha Adebayo
38243821462,Oluwatobi Balogun
08939350462,Aisha Balogun
35650869227,James Mohammed
53206543261,Ibrahim Balogun
10101244805,Samuel Okafor
87850660675,Chinedu Abdullahi
11162714359,Aisha Abdullahi
08452408860,Samuel Mohammed
92543450266,Ibrahim Mohammed
08240893513,Aisha Mohammed
86961108403,James Mohammed
25098055644,Chinedu Okafor
43753157522,Blessing Okorie
00378101032,James Okafor
22772610540,Oluwatobi Mohammed
31834290024,Oluwatobi Mohammed
44986029653,Oluwatobi Mohammed
83378814742,Blessing Okorie
27577306146,James Okorie
40349893975,Blessing Abdullahi
15834430299,Sadiq Mohammed
87378156162,Chinedu Mohammed
78523529800,Aisha Abdullahi
90706776931,Aisha Okorie
88368636444,Chinedu Okorie
47616806803,James Abdullahi
95992917919,Samuel Bello
01153609643,Ibrahim Abdullahi
55169324057,Ibrahim Okorie
80439429008,Oluwatobi Abdullahi
00485412348,Chinedu Okorie
21669481001,Chinedu Balogun
90595094281,Samuel Okafor
35221732842,Ibrahim Bello
77026049769,Sadiq Okafor
16697446970,Sadiq Okorie
23624588469,Aisha Adebayo
42443793666,James Abdullahi
07907704553,James Okorie
25177485652,Samuel Abdullahi
72500932195,Samuel Mohammed
06232151751,Samuel Adebayo
74286017678,Sadiq Balogun
63244896846,James Abdullahi
47610296544,Chinedu Okafor
04851199065,Samuel Mohammed
57617657224,Blessing Bello
00022750936,James Abdullahi
88040933627,Oluwatobi Abdullahi
39660575296,Samuel Mohammed
64499514370,Ibrahim Balogun
32710453513,Blessing Mohammed
14536513386,Chinedu Bello
40697296720,Ibrahim Okorie
60385528823,Chinedu Balogun
11716535955,Aisha Okafor
40405277035,Ibrahim Adebayo
55523783904,Sadiq Abdullahi
06392318678,Chinedu Mohammed
35472863996,Oluwatobi Abdullahi
28693953910,Samuel Bello
54983910320,Ibrahim Okorie
63302251766,Samuel Bello
37637825648,Blessing Okafor
62750209225,Oluwatobi Okorie
49999169535,Blessing Balogun
96197400597,Blessing Bello
93757707960,Samuel Okorie
34943856337,Blessing Okafor
08220448435,Chinedu Okafor
79685462116,Sadiq Okorie
13449689509,Oluwatobi Bello
75639490465,Chinedu Bello
77727154224,Chinedu Balogun
82632189451,James Okafor
17316332430,Sadiq Bello
69915283119,Sadiq Adebayo
58163021291,Oluwatobi Balogun
67622676174,Sadiq Okafor
96034897311,Samuel Okorie
68088358558,Aisha Adebayo
89451193246,Sadiq Okorie
19729410367,Blessing Okafor
08773731692,Sadiq Abdullahi
70010222126,Aisha Bello
94116328225,Chinedu Okafor
20613920318,Samuel Adebayo
27893287322,Sadiq Bello
37619157701,Ibrahim Okorie
63975057921,Blessing Okorie
38082632676,Aisha Mohammed
61438381674,Oluwatobi Mohammed
45390579866,Oluwatobi Mohammed
87171359358,Chinedu Okorie
56859441649,Aisha Balogun
52291656130,Sadiq Mohammed
05757866070,Oluwatobi Bello
01820871638,Chinedu Okafor
22624915289,Aisha Balogun
93765118256,Samuel Mohammed
82125588774,James Bello
06703933677,Sadiq Abdullahi
45879579711,Ibrahim Bello
99842003265,James Mohammed
45386876129,Sadiq Adebayo
17794292101,Sadiq Balogun
67070022796,Oluwatobi Mohammed
57854576530,Oluwatobi Abdullahi
39969793393,Aisha Okafor
52199806849,Samuel Okorie
74689933053,Sadiq Abdullahi
86613294063,Blessing Adebayo
14904873597,Blessing Abdullahi
76976938051,Ibrahim Abdullahi
32214894413,Blessing Mohammed
63611287408,Chinedu Okorie
93865471927,James Mohammed
79391947437,Oluwatobi Okafor
90266237738,Chinedu Bello
05895381575,James Okorie
36377665995,James Balogun
31356117027,Ibrahim Adebayo
40739729617,Blessing Adebayo
37520156914,Samuel Mohammed
19571451495,Chinedu Abdullahi
51990818733,James Okorie
53973451359,Samuel Abdullahi
60062892238,Ibrahim Balogun
22133875342,Chinedu Abdullahi
56108010302,Oluwatobi Okorie
19678778801,Chinedu Mohammed
35640930999,Samuel Okafor
12319002415,Blessing Okorie
88958697935,Ibrahim Balogun
64122647254,Aisha Mohammed
66142809702,James Okafor
13311519683,Ibrahim Okafor
97993496577,Blessing Okafor
49141052696,Aisha Bello
56160384952,Samuel Okorie
03358233989,Blessing Okorie
29665144486,Blessing Adebayo
49504432719,Oluwatobi Okafor
70574103762,Oluwatobi Adebayo
46023535968,Oluwatobi Okafor
88847871819,Aisha Bello
94259634900,Chinedu Okafor
77213963620,Chinedu Adebayo
35840470571,Oluwatobi Bello
30434229978,Blessing Balogun
90959027990,Ibrahim Adebayo
15489788141,Oluwatobi Abdullahi
38281404624,Sadiq Okafor
35625762109,James Balogun
20217589283,James Abdullahi
42689880775,Sadiq Bello
77476397103,Chinedu Okafor
70593967015,Blessing Mohammed
98008475557,Sadiq Balogun
98459890906,Samuel Bello
12842092749,Aisha Mohammed
23700877751,James Bello
23385437673,James Mohammed
44547597113,Chinedu Abdullahi
64970695990,Chinedu Okafor
17390665068,Blessing Adebayo
82322583376,Oluwatobi Mohammed
48914026963,Chinedu Abdullahi
01773370106,Blessing Balogun
63149289691,Samuel Okorie
28181671771,Chinedu Okorie
01139215819,Oluwatobi Adebayo
69927708665,Sadiq Bello
52173213305,Sadiq Mohammed
74708486711,Sadiq Bello
19187171045,Oluwatobi Mohammed
41741465545,Chinedu Bello
91653647066,Samuel Bello
05091633923,Samuel Balogun
23359133531,Blessing Balogun
32242637836,Chinedu Balogun
99550897754,Sadiq Balogun
48492615283,James Abdullahi
94326032240,James Bello
59012599684,Aisha Abdullahi
17234051558,Samuel Adebayo
48143137400,Chinedu Okafor
85517915436,James Mohammed
64030750599,James Mohammed
01970307817,Samuel Balogun
71254458479,Blessing Okorie
63509680192,Oluwatobi Adebayo
54270182332,James Okorie
92152964587,Chinedu Adebayo
45741756592,Aisha Okorie
52927099306,Sadiq Adebayo
32448880769,Samuel Abdullahi
29914260713,Aisha Bello
67730978039,Aisha Abdullahi
56514997530,Chinedu Abdullahi
68382826674,James Mohammed
53436466937,James Adebayo
01065285443,James Abdullahi
91590542487,Ibrahim Mohammed
90168840476,Aisha Balogun
66785637164,Aisha Adebayo
25101102883,Chinedu Bello
36425424702,Samuel Okafor
45397508290,Aisha Okafor
06782465530,Oluwatobi Balogun
48223322846,Samuel Okorie
36675859877,Chinedu Mohammed
17372017011,Sadiq Abdullahi
39303803543,Chinedu Bello
91062046786,Aisha Okorie
01808725842,Aisha Okorie
46053465740,Samuel Bello
26374198703,Oluwatobi Balogun
23761825930,Sadiq Okafor
47966678303,Chinedu Adebayo
38519405684,Blessing Mohammed
07958254677,Oluwatobi Balogun
28356022935,Chinedu Okorie
66809651198,Sadiq Abdullahi
99818052792,James Okorie
10900281000,Aisha Balogun
77446083486,Ibrahim Okafor
75141648668,Oluwatobi Balogun
07136042121,James Okorie
87235838951,Sadiq Abdullahi
37323014646,Sadiq Abdullahi
98099340960,James Mohammed
20357779312,Ibrahim Okorie
44298368761,James Adebayo
60511697690,Blessing Abdullahi
56431721046,Aisha Bello
54709973413,Blessing Mohammed
80720784584,Blessing Okafor
25754237353,Ibrahim Okafor
15638366694,Aisha Adebayo
15416824977,James Bello
60596765612,Ibrahim Okafor
47868732071,Chinedu Okorie
35743189100,Ibrahim Mohammed
64282359848,Sadiq Adebayo
52643611388,Sadiq Okorie
39303619993,Oluwatobi Adebayo
07461204654,Blessing Adebayo
29299292013,Aisha Adebayo
38268313800,Aisha Balogun
78958932010,Chinedu Okorie
92341024250,Blessing Okafor
80049605469,James Abdullahi
28441333580,Oluwatobi Mohammed
83286041614,Aisha Abdullahi
73331293865,Blessing Adebayo
10831734996,Aisha Balogun
37581835002,Oluwatobi Okafor
59882687443,Aisha Mohammed
58807327146,Aisha Abdullahi
85480514388,Oluwatobi Adebayo
34814157718,James Mohammed
63231026557,Ibrahim Adebayo
89267013619,Chinedu Adebayo
18781626987,Sadiq Balogun
27360075504,James Mohammed
65175866626,Blessing Adebayo
57742735984,James Mohammed
41245621202,Blessing Abdullahi
50926289757,Oluwatobi Okorie
90711364689,James Adebayo
34878193421,Chinedu Abdullahi
15089229830,Oluwatobi Balogun
12951972855,Samuel Adebayo
85971341129,Oluwatobi Mohammed
80690439878,Ibrahim Okafor
25384127913,Oluwatobi Abdullahi
10713779730,Blessing Okorie
64698363320,Ibrahim Okafor
67831464250,Oluwatobi Balogun
27450569582,Samuel Okorie
74766937772,Ibrahim Bello
75610408673,Oluwatobi Abdullahi
35435129045,Samuel Balogun
92814989656,Chinedu Bello
14730748027,Sadiq Mohammed
14579557381,Blessing Mohammed
02109162696,Samuel Adebayo
47012983945,Ibrahim Okorie
87081796211,Samuel Adebayo
22086102130,Blessing Okorie
70511938830,James Abdullahi
92224924440,Samuel Adebayo
17245605182,James Okafor
65959257072,Sadiq Bello
08308320914,Aisha Mohammed
72877130423,Sadiq Mohammed
71087485315,Samuel Abdullahi
49230661901,Sadiq Mohammed
93551697883,Sadiq Bello
87213983020,James Bello
28556336602,Aisha Abdullahi
94797688543,Ibrahim Bello
43737514353,Blessing Abdullahi
44956977556,Chinedu Balogun
24198577873,Ibrahim Okorie
14360438724,Aisha Okorie
76809856835,James Abdullahi
83402110454,James Mohammed
87738007789,Chinedu Bello
49620032302,James Okorie
80026491359,Sadiq Abdullahi
66259578744,Chinedu Okorie
38279414550,Sadiq Balogun
31101522181,Blessing Bello
14142375745,Ibrahim Bello
65164418054,James Okorie
67885168203,Blessing Balogun
42683969957,Chinedu Balogun
85327272066,Sadiq Abdullahi
72028882397,Sadiq Okorie
86858197488,Ibrahim Adebayo
72020631410,Oluwatobi Abdullahi
42142114078,Chinedu Bello
48952414345,Samuel Abdullahi
14610049835,James Bello
00578341080,Sadiq Abdullahi
12155959959,Oluwatobi Abdullahi
83614491792,Chinedu Mohammed
06014612058,Ibrahim Okafor
87905073090,Sadiq Bello
39394272828,Chinedu Bello
63823919294,Sadiq Mohammed
82319617258,Oluwatobi Mohammed
03581397951,Samuel Mohammed
55422054872,Chinedu Balogun
53188658522,Sadiq Adebayo
94974500970,Samuel Abdullahi
96071376670,James Adebayo
38935317324,Samuel Okorie
79965912394,Ibrahim Bello
04708444453,Oluwatobi Abdullahi
27619903777,Aisha Okorie
23979881188,Oluwatobi Okorie
96607028737,Oluwatobi Balogun
54460688958,Aisha Balogun
40441631664,Chinedu Adebayo
02891708880,Sadiq Bello
65167921271,Blessing Balogun
61010619581,Samuel Okorie
15212193387,Aisha Okorie
72594037649,Ibrahim Mohammed
32558613333,James Abdullahi
43358628358,James Abdullahi
66814034845,Ibrahim Abdullahi
70611402235,Samuel Okorie
05550133343,Chinedu Bello
49774181827,Chinedu Mohammed
12336781215,Blessing Abdullahi
00421099798,Blessing Adebayo
05467884880,Blessing Okafor
07215980560,Oluwatobi Balogun
24491306108,Blessing Abdullahi
21059784281,Ibrahim Mohammed
64562009832,Sadiq Balogun
04026166845,James Okorie
09269788331,James Mohammed
09545549128,Aisha Okorie
55094786416,Aisha Okafor
56407556941,Ibrahim Adebayo
15628379477,Ibrahim Okorie
21736656673,James Adebayo
12349457244,Chinedu Adebayo
75863804044,Chinedu Adebayo
49875840249,Aisha Okafor
36957001503,Ibrahim Balogun
38606828972,Sadiq Okorie
33606101323,Chinedu Balogun
16883921143,Samuel Adebayo
74210943805,Ibrahim Mohammed
52925824914,James Okafor
36032112458,Samuel Okorie
81162596971,Blessing Okorie
92834402608,Aisha Abdullahi
42735991921,Blessing Adebayo
88257843711,Sadiq Mohammed
37840871957,Chinedu Abdullahi
36201342148,Sadiq Adebayo
45919878133,Chinedu Bello
57942753737,Aisha Balogun
76924610599,Aisha Okorie
10500917195,Aisha Adebayo
97418868287,Blessing Adebayo
06462066729,Aisha Adebayo
26581772925,Sadiq Okafor
65210107452,James Mohammed
49371910451,Ibrahim Okorie
85881185577,Chinedu Adebayo
82815978007,Samuel Okorie
16001311378,Sadiq Okorie
23797309053,Aisha Bello
65037150074,Aisha Okafor
87949231511,James Mohammed
60617125507,Blessing Okafor
00738654370,Chinedu Okorie
82652271068,Ibrahim Adebayo
11350336689,Ibrahim Bello
96324700429,Blessing Abdullahi
82464118803,Ibrahim Adebayo
14127701533,Sadiq Okafor
44247222647,Oluwatobi Okafor
29635975228,Aisha Balogun
44442973726,Aisha Balogun
17159183333,Blessing Adebayo
30709964886,Aisha Okafor
64465923965,Sadiq Okafor
12904428236,Chinedu Adebayo
97042097766,Aisha Okorie
33275094448,Aisha Okorie
26410144230,Blessing Adebayo
46926590282,Sadiq Bello
30779001215,Aisha Balogun
51651265473,Sadiq Okorie
70737366803,Chinedu Adebayo
16169313336,Aisha Abdullahi
06029822489,Sadiq Okorie
61422847469,Sadiq Okafor
60781829521,Aisha Okafor
31074914876,Ibrahim Balogun
71617277539,Blessing Abdullahi
18570010920,Sadiq Balogun
10358077109,Chinedu Balogun
30037363757,James Okafor
00266897427,Blessing Adebayo
84927254528,Aisha Bello
49192832495,Chinedu Okorie
79307217821,Oluwatobi Adebayo
49258674564,Ibrahim Balogun
07248018799,Sadiq Okorie
62667141682,Samuel Mohammed
20612687370,Chinedu Abdullahi
99837673264,Oluwatobi Adebayo
68106595036,Aisha Mohammed
10564006741,Blessing Okafor
34178148089,Samuel Abdullahi
59535324126,Samuel Adebayo
45288764688,James Bello
48863668029,Blessing Abdullahi
20969860077,Blessing Adebayo
98095990560,Aisha Bello
10729967224,Blessing Abdullahi
37475063685,Aisha Okafor
82725639300,Oluwatobi Mohammed
55131039868,Samuel Balogun
41546422559,Oluwatobi Bello
93687017215,Chinedu Okafor
16484351454,Samuel Balogun
52810074988,Sadiq Okorie
33936469549,Ibrahim Adebayo
40758822272,Ibrahim Okafor
82239497083,Ibrahim Okorie
97376027870,Aisha Bello
09471888069,Blessing Okorie
98823916270,Ibrahim Okafor
94195130745,Blessing Balogun
64294612579,Chinedu Bello
89332345422,Aisha Mohammed
50214210611,Ibrahim Okorie
09238798323,Oluwatobi Bello
30161880411,Oluwatobi Bello
16393483557,Ibrahim Okafor
31815899609,Aisha Mohammed
58999673903,Chinedu Bello
20187767129,Ibrahim Mohammed
81120056555,Aisha Okorie
83954345712,Ibrahim Okorie
89833337873,Aisha Abdullahi
42273006364,Sadiq Okorie
79731080271,Aisha Adebayo
68584536981,James Abdullahi
25999178027,Chinedu Abdullahi
54211357961,Ibrahim Abdullahi
70428485013,Samuel Adebayo
58357178620,Oluwatobi Adebayo
95440888850,Aisha Bello
50654139074,Ibrahim Balogun
69777532386,Aisha Mohammed
69277038931,Aisha Mohammed
76207266931,Blessing Bello
19377286756,Samuel Mohammed
46420207657,Samuel Adebayo
04677933839,Blessing Bello
19067736852,Aisha Adebayo
47603107773,Blessing Balogun
00475870128,James Okafor
76853893356,Oluwatobi Mohammed
80105118426,Ibrahim Okorie
60670625091,Sadiq Mohammed
22163174199,Aisha Okafor
89122800237,James Mohammed
33958332650,James Okorie
26723406887,Sadiq Balogun
60510019950,James Okafor
89789417263,Blessing Balogun
99785061613,Chinedu Mohammed
70494415361,Ibrahim Abdullahi
68516406400,Blessing Okafor
88187169467,Blessing Adebayo
72724557699,Sadiq Abdullahi
94459596140,Sadiq Adebayo
18055470068,Sadiq Balogun
31096872540,Sadiq Adebayo
47059488753,Ibrahim Okorie
76475833566,Aisha Okafor
15461214912,Oluwatobi Okafor
56324540536,James Adebayo
69953596071,Oluwatobi Abdullahi
04582609600,Sadiq Abdullahi
84263361891,Aisha Abdullahi
36322802979,James Bello
92749914383,Sadiq Mohammed
19275848277,Blessing Okafor
16945384554,Oluwatobi Mohammed
72136008438,James Okorie
00529942325,Blessing Mohammed
45334335784,Aisha Adebayo
37845736253,James Balogun
81713032928,Ibrahim Abdullahi
20025569318,Samuel Okorie
13988784295,Aisha Mohammed
48703218703,Blessing Mohammed
44626556157,Sadiq Balogun
09126028700,Sadiq Bello
94654112422,Samuel Okorie
67326813615,Aisha Adebayo
08699205103,Ibrahim Mohammed
64236917032,Ibrahim Balogun
43152119971,Sadiq Okafor
90497910303,Aisha Bello
55263733806,Chinedu Adebayo
98364690610,Samuel Okorie
78871308483,Sadiq Balogun
75003814043,James Okorie
60425990401,Aisha Okafor
25704414822,Ibrahim Bello
59569172070,Aisha Adebayo
33401647850,Samuel Okorie
87950470062,Oluwatobi Abdullahi
66057965273,Aisha Okorie
37034084978,Blessing Balogun
52795860725,James Bello
11862050255,Chinedu Balogun
74216919575,Ibrahim Okorie
70074989006,Chinedu Okafor
54788915593,Sadiq Adebayo
66090351490,Aisha Balogun
87942634054,Sadiq Abdullahi
44156574375,Oluwatobi Abdullahi
49131046527,Ibrahim Okorie
11874223185,Aisha Okorie
28468519261,Sadiq Mohammed
63162958107,Sadiq Okorie
81868506345,Blessing Adebayo
57332006119,Aisha Adebayo
25846589933,Aisha Bello
75245216420,Chinedu Okorie
42769017706,James Mohammed
07354600797,Ibrahim Okorie
96857539169,Chinedu Balogun
99396007894,Aisha Abdullahi
32022401732,Chinedu Abdullahi
82331671629,Samuel Mohammed
79271855137,James Balogun
33138634923,Blessing Mohammed
38911482199,Chinedu Balogun
34315329314,Aisha Okafor
00254064676,Blessing Okorie
06644651571,Sadiq Mohammed
89779036496,Ibrahim Abdullahi
81575810015,Ibrahim Abdullahi
91242348390,Samuel Okorie
41881576515,James Balogun
40303253555,Blessing Balogun
45962239724,Ibrahim Balogun
24696492896,Aisha Bello
65012404034,Chinedu Adebayo
22408407493,Aisha Abdullahi
19165806438,Blessing Bello
35069844338,James Balogun
14238614509,Ibrahim Okorie
26344556582,Ibrahim Adebayo
29386291879,Aisha Mohammed
37501605570,Ibrahim Bello
51006707603,Ibrahim Bello
42062488782,James Bello
41850711383,Blessing Okorie
88501829990,Chinedu Okorie
07718729703,Ibrahim Abdullahi
14538233213,James Okorie
44690488356,Aisha Abdullahi
58599192892,Chinedu Bello
76219893835,Aisha Okorie
75673110176,Samuel Okorie
16598115791,Aisha Adebayo
43244392207,Chinedu Bello
51534356794,Chinedu Abdullahi
37885079047,Blessing Abdullahi
89506659356,Chinedu Mohammed
87015295063,Blessing Abdullahi
85112748162,Samuel Mohammed
89936500319,James Okafor
22861982726,James Adebayo
72892576555,Chinedu Abdullahi
39347495004,Ibrahim Bello
79340486938,Ibrahim Okorie
50080001826,James Mohammed
15774416621,Ibrahim Mohammed
83955701601,Samuel Okorie
18833895349,Chinedu Okorie
43826782827,Blessing Okafor
71871000300,Aisha Abdullahi
18913887217,Oluwatobi Mohammed
69328743420,Blessing Okorie
70021361399,Oluwatobi Balogun
28998511860,Blessing Abdullahi
51154947504,Samuel Bello
65358189857,Chinedu Mohammed
40147669648,Ibrahim Adebayo
10617355997,Chinedu Adebayo
72375435477,James Okorie
91596545827,Aisha Adebayo
00927338528,Oluwatobi Bello
71783003056,Ibrahim Abdullahi
20836162287,Ibrahim Adebayo
26698032739,Samuel Adebayo
22089580901,Blessing Bello
59820290166,Blessing Okorie
63229919457,Samuel Balogun
84271713756,Ibrahim Okafor
26332933002,Aisha Balogun
78297253983,Sadiq Abdullahi
16252308197,Aisha Mohammed
02678869512,Sadiq Mohammed
28210388781,Blessing Okorie
42466047294,Ibrahim Balogun
41518134288,Chinedu Abdullahi
16282613624,Aisha Mohammed
86743339898,Blessing Bello
92621973145,Sadiq Balogun
71003666063,Oluwatobi Okafor
96386768444,Chinedu Mohammed
11210597012,Ibrahim Mohammed
03875567613,Ibrahim Balogun
62326862513,Sadiq Adebayo
78889012269,Blessing Okorie
08013604947,Ibrahim Mohammed
59053044319,Sadiq Abdullahi
93318683985,Chinedu Bello
47790013885,Sadiq Mohammed
36402981687,Aisha Balogun
12420441568,Oluwatobi Bello
74086560022,Blessing Bello
42074801559,Sadiq Balogun
88069733828,Sadiq Okafor
70431345516,Aisha Okafor
84011540335,Samuel Bello
62609492745,Aisha Adebayo
73672310109,Ibrahim Abdullahi
23916135024,Blessing Bello
02012212584,Sadiq Bello
21046059899,Oluwatobi Adebayo
54523558972,Blessing Abdullahi
72548354599,Blessing Adebayo
43410230130,Chinedu Bello
91221904360,Blessing Adebayo
26151871040,Ibrahim Abdullahi
37581301217,James Okafor
78105289416,Samuel Bello
97686990078,Oluwatobi Okafor
55770183078,Ibrahim Okafor
71338447278,Chinedu Balogun
46834854975,Chinedu Mohammed
51382226293,Samuel Bello
45806187001,Aisha Adebayo
25153104308,James Abdullahi
33330655976,Chinedu Balogun
40605643290,James Okafor
57972731392,Chinedu Okorie
73376107277,Sadiq Mohammed
48400045344,Ibrahim Adebayo
82759655987,Samuel Bello
48579494184,Ibrahim Balogun
48690802678,Oluwatobi Balogun
97298468585,Sadiq Adebayo
65291893580,Blessing Okafor
34223550440,Blessing Adebayo
25092011988,Blessing Abdullahi
54003518893,Ibrahim Mohammed
35754845240,Blessing Abdullahi
41243205892,James Mohammed
41670214929,James Bello
54917808855,Sadiq Adebayo
53170277721,Sadiq Mohammed
10891887089,Blessing Okorie
69072807934,Ibrahim Bello
07535354236,Blessing Mohammed
01612792426,Oluwatobi Okafor
05570143027,Samuel Adebayo
96764263331,Aisha Balogun
64837153037,Samuel Balogun
17841647560,Chinedu Abdullahi
34432801940,Ibrahim Abdullahi
82637406859,Samuel Abdullahi
54891021140,Chinedu Abdullahi
75254217191,Samuel Okafor
66695981837,James Balogun
24082872740,Samuel Abdullahi
99596170885,Ibrahim Okafor
09430894366,Samuel Mohammed
21317236132,James Okorie
40226956209,Ibrahim Okafor
69832144568,Samuel Balogun
64880788990,Sadiq Okorie
57676314131,Oluwatobi Okafor
29045057326,Samuel Balogun
04960913307,Sadiq Balogun
85214611105,Blessing Okafor
66370216987,James Okafor
26901873637,Samuel Bello
74152031475,Ibrahim Mohammed
72553655560,Blessing Okafor
52586217008,Sadiq Bello
86598989208,Blessing Okafor
42071015633,Chinedu Okafor
49880694406,Aisha Adebayo
51130010589,Chinedu Okorie
28873381745,Ibrahim Okafor
42172199898,Oluwatobi Balogun
98233215328,Oluwatobi Bello
00382955363,Chinedu Abdullahi
18129168606,Oluwatobi Abdullahi
85916915820,Chinedu Okorie
65748586858,Sadiq Mohammed
72067972384,Oluwatobi Okafor
02973995992,Sadiq Mohammed
24325650948,Ibrahim Adebayo
96508433724,Chinedu Mohammed
99551540328,Oluwatobi Adebayo
95646295672,Aisha Okorie
47788093676,Samuel Okorie
63955564226,James Bello
82581202725,Chinedu Mohammed
86677190233,Samuel Okafor
24098604366,Blessing Adebayo
75986078638,Chinedu Balogun
33495692401,Aisha Okafor
91201116282,James Mohammed
21208655099,James Adebayo
01278270917,Samuel Okorie
50834001704,Sadiq Adebayo
62055067282,Aisha Adebayo
23131979912,Aisha Okorie
57303341604,Samuel Balogun
24938457159,Samuel Bello
39309065822,Aisha Bello
99212030827,Aisha Mohammed
98503083892,Ibrahim Abdullahi
74902573597,Oluwatobi Okafor
97239858798,James Adebayo
75787359446,Aisha Abdullahi
63075925797,Sadiq Mohammed
21916771086,Samuel Bello
35527845127,Chinedu Okorie
41189474717,Aisha Okafor
79115987248,Aisha Abdullahi
75235637108,Sadiq Balogun
41353123469,Oluwatobi Mohammed
94338364548,Oluwatobi Adebayo
52588858212,Ibrahim Okorie
72785398745,Sadiq Balogun
55786796302,Aisha Bello
01296764249,Blessing Abdullahi
43842883351,Chinedu Abdullahi
07623785567,Chinedu Balogun
05968328233,Chinedu Adebayo
56238025557,Chinedu Adebayo
11814850618,Sadiq Okafor
90534975744,Blessing Okorie
35716170297,Oluwatobi Adebayo
46551737234,Oluwatobi Mohammed
84994766273,Sadiq Balogun
93192649928,Oluwatobi Okorie
96450676146,Chinedu Okorie
96944710792,Aisha Bello
99387888588,Oluwatobi Okafor
63392829811,Samuel Balogun
99450549522,Oluwatobi Abdullahi
23566257832,Chinedu Bello
33022930848,Blessing Bello
44853172682,Chinedu Abdullahi
05853748580,Ibrahim Okafor
38066525670,Blessing Mohammed
85648800125,Aisha Okafor
83153389601,James Abdullahi
57114187347,Sadiq Adebayo
69178700174,Blessing Balogun
20446979559,Aisha Mohammed
04814853968,Aisha Okorie
89182455372,Ibrahim Bello
65434967097,Aisha Okafor
72074472276,Ibrahim Balogun
78726196971,Samuel Okafor
66645070731,Chinedu Abdullahi
25383697791,James Okafor
77534245912,Blessing Bello
54830386065,Blessing Okorie
82406383466,Chinedu Okorie
27814696767,Chinedu Abdullahi
64017489090,Chinedu Mohammed
63222170507,Blessing Adebayo
90168618147,Samuel Bello
85516877001,Ibrahim Okafor
24897137388,Sadiq Mohammed
48851010211,Aisha Mohammed
42974224417,Blessing Balogun
36760696879,Oluwatobi Bello
58313129785,Blessing Balogun
18009863316,Samuel Bello
89598711969,James Balogun
27461981644,Aisha Balogun
90361654384,Ibrahim Okorie
92544951764,Oluwatobi Abdullahi
82064602883,Samuel Okafor
53774769304,Blessing Bello
50778843995,James Mohammed
81088130575,Ibrahim Okorie
42928406453,Aisha Okafor
43563108232,Chinedu Okorie
47355878576,Sadiq Bello
07471314396,Oluwatobi Bello
97485420848,Chinedu Balogun
48773978651,Sadiq Okafor
09382963553,Oluwatobi Bello
61171396083,Oluwatobi Okorie
69813221249,Blessing Abdullahi
82326680866,Aisha Mohammed
89550047962,Samuel Balogun
77626018357,Ibrahim Okorie
32217841516,Samuel Bello
27514214547,Chinedu Adebayo
85168862043,Sadiq Okafor
80487340571,Sadiq Okafor
07310837089,James Abdullahi
95000159693,Blessing Abdullahi
15789937038,Sadiq Balogun
68565505284,Aisha Okorie
76024401143,Oluwatobi Bello
60748529867,Blessing Abdullahi
76220215442,Aisha Okafor
69637109996,Ibrahim Bello
17234660380,James Okorie
98153201073,Blessing Abdullahi
66665085624,Blessing Abdullahi
55760587891,Sadiq Adebayo
19609586050,Blessing Abdullahi
91041109792,Aisha Mohammed
63993197330,Samuel Okafor
15854345920,Oluwatobi Mohammed
17371784587,Blessing Okafor
01160641668,Chinedu Mohammed
26795035588,James Mohammed
68671491696,James Okorie
20322585728,Oluwatobi Okafor
89444517030,Aisha Adebayo
09942414529,Chinedu Abdullahi
89748697121,James Adebayo
41720504657,Ibrahim Adebayo
68514237048,Blessing Abdullahi
59989001118,Chinedu Okafor
22274217827,Sadiq Okorie
26424001742,Blessing Okafor
40847710027,Blessing Mohammed
46396392669,Chinedu Okafor
51495722816,James Mohammed
62639638569,James Abdullahi
71297258871,Aisha Balogun
87970415742,Ibrahim Balogun
99375792708,Blessing Abdullahi
75226255483,Chinedu Abdullahi
01438920446,Aisha Abdullahi
72697072790,Sadiq Balogun
88601025698,Oluwatobi Okafor
33929578650,Blessing Mohammed
62269640763,Samuel Balogun
97901176215,Sadiq Balogun
91900112840,Chinedu Bello
38914550564,Oluwatobi Okorie
24414633278,Ibrahim Abdullahi
42370141551,James Bello
33231649586,Ibrahim Bello
13973031051,Samuel Bello
51538410240,Sadiq Abdullahi
30504782773,Ibrahim Mohammed
60489940185,Chinedu Bello
01962231421,Chinedu Mohammed
39597577897,Sadiq Mohammed
97370612455,Blessing Okorie
68586974430,Oluwatobi Adebayo
41321460778,Chinedu Okafor
83613814200,Oluwatobi Okafor
49875528109,Aisha Okorie
04219989396,James Adebayo
41527765592,Blessing Balogun
52243167208,Aisha Mohammed
84697538473,Samuel Abdullahi
02018732856,Blessing Okafor
54234898376,Aisha Okafor
91954017749,Blessing Okorie
30673875027,Sadiq Mohammed
09707102023,Ibrahim Okafor
19100225916,Aisha Balogun
52646507231,Aisha Abdullahi
33329619300,Oluwatobi Okorie
12719810984,Ibrahim Bello
18384293631,Sadiq Mohammed
84489983587,Ibrahim Mohammed
35513649301,Samuel Bello
15760670012,James Okorie
14685749452,Oluwatobi Abdullahi
72569374686,Aisha Okafor
47941612365,Oluwatobi Okafor
87871395038,Blessing Abdullahi
61057265284,Samuel Mohammed
59993312993,Chinedu Bello
41280949305,Blessing Balogun
57231488975,Blessing Bello
96851990765,Chinedu Abdullahi
02450762486,Ibrahim Abdullahi
86341521386,Sadiq Mohammed
73979600860,Sadiq Okafor
85085424012,Oluwatobi Adebayo
85168505293,Blessing Abdullahi
80234070267,Oluwatobi Bello
84298148978,Aisha Bello
91488377356,Sadiq Okorie
76028855298,James Okorie
32162392657,Oluwatobi Bello
49879635784,Samuel Okorie
75214974210,Samuel Mohammed
11677477313,Aisha Abdullahi
48399120615,Blessing Okafor
41911168802,Chinedu Balogun
22050258028,Ibrahim Adebayo
27011923573,Sadiq Mohammed
28479433152,Chinedu Adebayo
42943214749,Aisha Mohammed
20315915731,Ibrahim Bello
55642458197,Oluwatobi Bello
53579539455,Oluwatobi Okafor
80543913225,Blessing Adebayo
18891863591,Oluwatobi Bello
26839700734,Blessing Balogun
73403618406,Chinedu Abdullahi
50252843129,Blessing Abdullahi
17697970998,Ibrahim Abdullahi
68798760591,Oluwatobi Mohammed
54813702689,Oluwatobi Okorie
46572118728,Ibrahim Balogun
47469259769,Oluwatobi Abdullahi
83086370126,Sadiq Mohammed
47271224639,Ibrahim Okafor
70103775658,Samuel Mohammed
87761268531,Ibrahim Mohammed
99798512461,Oluwatobi Mohammed
89140964664,Oluwatobi Abdullahi
24789146534,Samuel Okorie
26714062096,Aisha Okorie
54769094158,Samuel Balogun
76511402007,Aisha Okorie
47923176114,Sadiq Mohammed
23013718932,Sadiq Adebayo
85168621243,James Mohammed
87260718709,Sadiq Bello
68794685767,Samuel Mohammed
47990737074,Aisha Abdullahi
83000753714,Oluwatobi Balogun
42318114073,Chinedu Bello
22303085938,Sadiq Okorie
68389050526,Samuel Adebayo
63680524579,Blessing Okorie
11918206045,Ibrahim Bello
95714639709,James Balogun
61418013742,Blessing Okafor
23629382887,Sadiq Adebayo
48038343069,James Bello
66292319122,Samuel Adebayo
78048189029,James Okorie
39871409619,Ibrahim Balogun
34631847612,Ibrahim Okorie
29926476965,James Balogun
20464446274,Chinedu Balogun
07264272516,James Bello
68268827086,Blessing Okorie
11855657610,Oluwatobi Okafor
80360265163,Blessing Mohammed
14546152255,Blessing Okorie
41273345056,Aisha Abdullahi
59434967787,Aisha Adebayo
73650733140,Sadiq Abdullahi
30656335368,Blessing Mohammed
90565295263,Blessing Okafor
31884224789,Aisha Okorie
85527993662,Blessing Abdullahi
59733814359,Sadiq Balogun
55791805337,Blessing Mohammed
96571468472,Samuel Balogun
50708517675,Chinedu Mohammed
23421543800,Sadiq Balogun
90536261771,Aisha Abdullahi
55390159973,Samuel Bello
65643694207,Blessing Abdullahi
11931450411,Blessing Okafor
09724595521,Oluwatobi Bello
58311081234,Aisha Bello
64720958760,Chinedu Mohammed
31257334053,Aisha Okafor
20103283111,James Bello
23068125878,Chinedu Mohammed
82313842873,Aisha Balogun
42835946106,James Bello
06207098679,Blessing Okorie
39641177449,Ibrahim Okorie
02835620438,Blessing Okorie
90466129631,Chinedu Abdullahi
79963911792,Aisha Mohammed
78940627930,Blessing Adebayo
98384248120,James Okafor
54768476750,Samuel Balogun
91824514065,Aisha Abdullahi
39728018705,Oluwatobi Okafor
37159743334,Aisha Bello
09886598541,Sadiq Bello
47085412447,Ibrahim Balogun
86003422256,Oluwatobi Bello
58837103558,Ibrahim Abdullahi
99009886567,Aisha Balogun
14341824538,James Adebayo
88280312438,Sadiq Bello
59355062942,James Abdullahi
74127822234,Oluwatobi Balogun
97242279346,Oluwatobi Mohammed
32884044656,Blessing Okafor
75359482716,Oluwatobi Okorie
30952761380,James Mohammed
05904684089,Ibrahim Bello
91714727039,Aisha Okafor
17016452735,Oluwatobi Mohammed
52003499411,Blessing Balogun
32731129829,Aisha Okafor
19743627141,Sadiq Balogun
29862482922,Ibrahim Balogun
56380400455,Oluwatobi Bello
62869110506,Aisha Abdullahi
18824205125,Aisha Balogun
37295412521,Chinedu Mohammed
53900905848,Chinedu Balogun
01231995662,Samuel Okafor
00651168031,Ibrahim Okorie
13871270839,Sadiq Mohammed
76500744914,Oluwatobi Bello
98148871069,Blessing Mohammed
74198387731,Sadiq Okafor
79703549157,Blessing Okorie
17418786148,Sadiq Mohammed
75855122449,Ibrahim Okafor
71208133241,Oluwatobi Abdullahi
46284061632,Aisha Okafor
05605723647,Ibrahim Okafor
17678823551,Aisha Abdullahi
09863679433,Blessing Mohammed
06336066027,Blessing Okafor
18169775257,Ibrahim Adebayo
79658914976,Blessing Mohammed
70042527695,Blessing Balogun
34267243714,James Okafor
80994567268,Chinedu Okorie
85393138955,Sadiq Okorie
65892848815,James Bello
32175751469,Blessing Abdullahi
73198740621,Blessing Balogun
53831615390,Aisha Okorie
76015004385,Oluwatobi Okafor
14949746923,Sadiq Bello
76259962149,Oluwatobi Adebayo
46609373282,James Mohammed
69065227204,Aisha Okafor
58954285231,Blessing Okafor
95721789402,Samuel Mohammed
88691503091,Aisha Adebayo
25984941922,Oluwatobi Bello
02980781216,James Bello
40692471123,Blessing Okorie
94680546354,Chinedu Abdullahi
40255284003,Blessing Balogun
92326772276,Sadiq Balogun
09245004968,Sadiq Bello
06460015516,Samuel Okorie
37006586892,Aisha Mohammed
87052768373,Blessing Abdullahi
54742905789,Blessing Mohammed
88568531935,Blessing Mohammed
65301938440,Ibrahim Adebayo
35303367983,Oluwatobi Okafor
69358354103,Oluwatobi Mohammed
74847586218,Sadiq Abdullahi
89600032066,Aisha Okorie
87614733220,Samuel Mohammed
44622036999,Blessing Adebayo
00176920990,Sadiq Balogun
99532466896,Sadiq Adebayo
43113012155,James Okorie
06984349597,Blessing Okafor
32096358792,Chinedu Balogun
61002703144,Oluwatobi Abdullahi
98374612207,James Adebayo
91085688615,Blessing Abdullahi
87618705708,Chinedu Okorie
00909878697,Oluwatobi Okafor
47990974223,Blessing Okorie
19563938651,Samuel Okorie
61590726671,Samuel Balogun
39435684006,Blessing Mohammed
41750227831,Chinedu Adebayo
07785275320,Samuel Mohammed
49786643913,Oluwatobi Bello
68384324761,Chinedu Abdullahi
21709117786,Ibrahim Okafor
28359633003,Sadiq Abdullahi
93200242636,Aisha Balogun
80428503885,Aisha Adebayo
38662502845,Chinedu Okafor
99765304827,Oluwatobi Okorie
17302156013,Ibrahim Bello
32210814409,Aisha Okorie
89893961574,Ibrahim Balogun
65607416881,Chinedu Balogun
94645752621,Aisha Balogun
72700318513,Oluwatobi Abdullahi
08600451266,Ibrahim Okafor
96927176934,Aisha Okorie
30927078689,Chinedu Okorie
12683317430,Chinedu Adebayo
59319426021,Chinedu Mohammed
27485613662,Samuel Balogun
32941116866,James Okafor
84504373712,Blessing Adebayo
21812641507,Blessing Adebayo
69050731441,Oluwatobi Okorie
14373574001,Oluwatobi Balogun
25384436652,James Abdullahi
80143122288,Chinedu Okafor
40938352756,Chinedu Adebayo
72563700825,Chinedu Balogun
25573824079,Aisha Bello
04589453284,Aisha Abdullahi
34199617644,Aisha Balogun
44649459924,Blessing Okafor
24179465225,Samuel Adebayo
13339597523,Blessing Bello
12776138672,Aisha Mohammed
41171393863,James Bello
78312692239,Samuel Adebayo
00878032409,Sadiq Bello
16072238970,Blessing Balogun
31031939810,Aisha Abdullahi
31929319826,Aisha Okorie
50144169930,Sadiq Bello
09539349230,Samuel Adebayo
87239517451,Ibrahim Okafor
71320313310,Aisha Balogun
32367053610,Blessing Okorie
60300863864,Oluwatobi Adebayo
47267890442,Oluwatobi Okorie
18107543870,Aisha Adebayo
91458230860,Samuel Abdullahi
84891728645,Blessing Okorie
81714642139,Sadiq Bello
74096168627,Sadiq Abdullahi
20165762857,Sadiq Adebayo
76810149820,Oluwatobi Balogun
02227869229,Oluwatobi Balogun
93842640088,Sadiq Mohammed
66229063470,Chinedu Mohammed
68443510868,Aisha Mohammed
37665078343,Ibrahim Okafor
32131910752,Sadiq Okafor
17706756149,James Abdullahi
70814508237,Aisha Okafor
33104347465,Chinedu Bello
54440869919,Sadiq Bello
77234890262,Chinedu Okafor
60890647242,Oluwatobi Mohammed
89975336598,Samuel Abdullahi
99445078490,Oluwatobi Mohammed
42768551461,Oluwatobi Mohammed
87729188443,Sadiq Adebayo
87138111844,Oluwatobi Balogun
03369224947,Oluwatobi Okafor
21506849821,Ibrahim Okafor
12161060655,Ibrahim Okorie
61032256483,Samuel Okafor
22462718110,James Bello
48324923679,James Okafor
51891686796,Sadiq Okorie
14884660612,Ibrahim Mohammed
52552142785,Chinedu Balogun
46765817994,Blessing Abdullahi
68953555705,Aisha Balogun
14527326194,Chinedu Okorie
21695855639,James Bello
07735846775,Sadiq Adebayo
76684542772,Oluwatobi Okorie
70006962685,Blessing Okorie
57890662595,Oluwatobi Bello
78629158147,Ibrahim Abdullahi
51539728061,Blessing Okafor
14974634975,Aisha Abdullahi
12958553001,Aisha Adebayo
58470197881,Chinedu Okorie
67611796167,Samuel Adebayo
55563693479,Ibrahim Abdullahi
97010338948,James Balogun
10650825726,Samuel Adebayo
03931102643,Chinedu Adebayo
96568651890,Oluwatobi Bello
94157221969,Aisha Okafor
72179825075,Aisha Balogun
90504580470,Oluwatobi Bello
64131848032,Oluwatobi Okorie
28489359985,Chinedu Okorie
84936466960,Chinedu Adebayo
23812904214,James Okafor
74753435760,Blessing Abdullahi
51598657317,Blessing Bello
03048210236,Chinedu Okafor
64414183946,Samuel Okafor
19055998188,Blessing Balogun
94558275326,Oluwatobi Balogun
58608822351,Samuel Adebayo
28098769174,Sadiq Bello
76945276309,Samuel Abdullahi
31424130389,Sadiq Adebayo
49738636202,Samuel Okorie
96503820527,James Okorie
10593078301,Samuel Balogun
19204531570,Aisha Bello
68947908405,Sadiq Adebayo
57466729155,Ibrahim Okafor
96397640782,Aisha Adebayo
90834708042,Samuel Okorie
64022082579,Chinedu Okorie
49917606635,Blessing Abdullahi
31201487354,Ibrahim Bello
48824211070,Oluwatobi Okafor
27741440221,Chinedu Mohammed
44789712776,Sadiq Balogun
90211360057,Aisha Mohammed
34589143374,Chinedu Bello
69469468339,Sadiq Mohammed
85554074348,Samuel Adebayo
83117410433,Oluwatobi Adebayo
93835090382,Chinedu Abdullahi
29594606419,Aisha Balogun
28976184746,Chinedu Mohammed
51242673904,Chinedu Balogun
22885141292,Sadiq Bello
69693445361,James Abdullahi
89216516050,Sadiq Bello
45705589351,Samuel Adebayo
04162692225,Blessing Balogun
05162432719,Blessing Okafor
98312358520,Chinedu Okorie
01108528194,Samuel Mohammed
03891079446,Sadiq Okafor
38785398067,Oluwatobi Bello
36883128829,Aisha Mohammed
42238936700,Aisha Adebayo
06563200374,Blessing Balogun
22323592791,Samuel Okorie
67880625291,Sadiq Mohammed
44523764683,Chinedu Okafor
33470847483,Ibrahim Okafor
83424110588,Oluwatobi Bello
10906203273,James Adebayo
44688130100,Aisha Okorie
22567342142,Samuel Adebayo
92702372953,Ibrahim Bello
01775562217,Chinedu Abdullahi
45460607649,James Balogun
08323235916,Samuel Mohammed
78775507181,James Balogun
59075411832,Ibrahim Okorie
41361672687,Sadiq Bello
77306036179,Oluwatobi Okafor
20896719191,Samuel Okorie
76951949199,Samuel Mohammed
87097206881,Ibrahim Adebayo
11014152038,Oluwatobi Okafor
78655205483,Sadiq Bello
48057358844,Blessing Abdullahi
35581039098,James Mohammed
24509203019,Blessing Balogun
68922289878,Aisha Bello
70340529419,Chinedu Bello
97548411994,Sadiq Abdullahi
30627778928,Aisha Okafor
16469487112,Blessing Adebayo
40539865551,James Adebayo
27532626120,Blessing Adebayo
21423345375,James Balogun
63829885249,Samuel Bello
03680776303,Oluwatobi Adebayo
11738635563,Chinedu Abdullahi
44293454626,Samuel Abdullahi
33939925358,Chinedu Adebayo
32233168885,Chinedu Mohammed
46256532038,Ibrahim Balogun
16481889874,Aisha Okorie
82721058683,James Okafor
92008687264,Chinedu Okafor
96711961400,Ibrahim Abdullahi
96397684574,Ibrahim Okorie
96355387214,Sadiq Adebayo
65301770093,Ibrahim Abdullahi
74832254538,James Okorie
36472235339,Oluwatobi Mohammed
13243365716,Sadiq Balogun
88996559976,Sadiq Okafor
89995886039,Sadiq Okafor
53738935057,Samuel Mohammed
78311150238,Chinedu Okafor
55095445499,Blessing Balogun
51153853603,Ibrahim Adebayo
23272970278,Samuel Abdullahi
42718641453,Sadiq Balogun
61507291960,Samuel Okorie
33997035155,Sadiq Okafor
54606015482,Sadiq Bello
88579383413,Chinedu Bello
79512417984,Aisha Balogun
60762632749,Oluwatobi Mohammed
81908154850,James Balogun
88448947319,Sadiq Okafor
95722935533,Samuel Mohammed
79221600900,James Mohammed
64830243909,Aisha Okorie
34581166579,Oluwatobi Adebayo
45757158770,James Bello
47934205177,Blessing Bello
92016014043,James Abdullahi
27159576963,Blessing Abdullahi
02591298738,Ibrahim Abdullahi
30544594064,Blessing Okorie
47894392839,Oluwatobi Okafor
82734929446,Ibrahim Mohammed
77017701812,Aisha Abdullahi
15643921192,Chinedu Balogun
46815957696,Oluwatobi Abdullahi
71177580218,Aisha Abdullahi
63197613869,James Bello
55514903479,Ibrahim Adebayo
38403836425,Chinedu Okorie
72009015466,James Adebayo
75992711479,Aisha Abdullahi
27376149981,Oluwatobi Okafor
20145051499,Oluwatobi Balogun
20212990756,Chinedu Adebayo
66641634230,Sadiq Okafor
04936777639,Blessing Adebayo
10338928079,Ibrahim Okorie
50162614815,Oluwatobi Mohammed
98619188025,Ibrahim Okorie
43529230561,Chinedu Abdullahi
35355755142,James Bello
12987169455,Blessing Bello
88700079013,Chinedu Okafor
33482899118,Oluwatobi Adebayo
11851339398,Aisha Abdullahi
50675505768,Blessing Balogun
14246474000,Blessing Adebayo
62340910462,Aisha Okafor
33173612377,Sadiq Abdullahi
37229146715,Samuel Abdullahi
76161503152,Chinedu Bello
84431320471,Aisha Bello
54023723972,Oluwatobi Okorie
38013684658,Ibrahim Okorie
30511496078,Aisha Adebayo
04456673941,Sadiq Adebayo
79145667684,Blessing Bello
15068946491,Sadiq Adebayo
85302092644,Sadiq Adebayo
91652009049,James Adebayo
69162887508,Samuel Bello
94742881006,Aisha Okafor
43763256337,Oluwatobi Mohammed
54269998450,Aisha Adebayo
65397642234,Chinedu Mohammed
61113697938,James Bello
96331776331,James Mohammed
35818801764,Sadiq Okorie
11887269927,Samuel Mohammed
77774714227,Oluwatobi Abdullahi
42459894785,James Mohammed
83166224586,James Abdullahi
12869222207,Ibrahim Balogun
70591361856,Oluwatobi Bello
31422354801,Ibrahim Okafor
68312113693,Chinedu Abdullahi
83960651813,Aisha Okafor
44772879522,Sadiq Balogun
68028287105,Aisha Okorie
68627375209,James Adebayo
44386073031,Samuel Balogun
14530996543,Chinedu Mohammed
20617569878,Samuel Bello
70644913202,Aisha Adebayo
38255346169,Blessing Okorie
71784549394,Ibrahim Abdullahi
20299259834,Samuel Bello
59702635371,Sadiq Adebayo
84177411842,Sadiq Bello
41298765354,Sadiq Abdullahi
26439156508,Sadiq Mohammed
65451830793,Samuel Abdullahi
52096733733,Samuel Bello
82632820706,Sadiq Balogun
92146558266,Oluwatobi Okafor
08574124768,Sadiq Okorie
90119133743,Oluwatobi Mohammed
15924701598,James Mohammed
82692439359,Ibrahim Okorie
29610917533,Sadiq Balogun
31670861890,Sadiq Mohammed
61513359467,Blessing Adebayo
14704249931,Sadiq Bello
29275960245,James Balogun
37863014211,Sadiq Adebayo
52776200900,Aisha Adebayo
64768362641,Ibrahim Okorie
67455363182,Ibrahim Balogun
13805465422,Samuel Okafor
45397277995,Aisha Balogun
36642774215,Oluwatobi Bello
77563754068,Oluwatobi Abdullahi
52731824383,Ibrahim Abdullahi
59886422312,Aisha Bello
18119988976,Chinedu Okafor
64912459689,Oluwatobi Bello
26788955383,Aisha Abdullahi
29801481372,Aisha Mohammed
08358192226,James Okafor
68293372406,Blessing Mohammed
04357392536,Aisha Okafor
53441439972,Aisha Abdullahi
41536590490,Sadiq Okafor
10910756242,Sadiq Abdullahi
65336309578,Blessing Abdullahi
00562561209,Sadiq Balogun
81911551925,James Bello
03490280995,Samuel Adebayo
62440437381,Sadiq Mohammed
90280240195,Chinedu Abdullahi
65436247345,James Abdullahi
55354587710,Ibrahim Abdullahi
93502280964,Chinedu Okafor
36221494069,Aisha Abdullahi
72718098469,Sadiq Okafor
26249914430,Chinedu Abdullahi
06112895169,Sadiq Okafor
28318445694,Oluwatobi Bello
58896621901,Chinedu Abdullahi
72575504410,Ibrahim Bello
32424942096,Oluwatobi Abdullahi
93045981815,James Bello
78945100747,Chinedu Adebayo
82443470674,Sadiq Okorie
57696049522,Blessing Abdullahi
84265817197,Sadiq Okafor
76034166720,Chinedu Adebayo
01941667720,Blessing Mohammed
55780033428,James Bello
07196914084,Aisha Adebayo
39335341207,Ibrahim Okorie
34813404854,Blessing Abdullahi
04928679500,Samuel Balogun
41076860896,James Bello
44396415142,Blessing Bello
54792644838,Aisha Okorie
93399349258,Sadiq Mohammed
60071946173,Oluwatobi Bello
09359622854,James Adebayo
61563442540,Samuel Okorie
67499767976,Chinedu Mohammed
65286515841,Blessing Abdullahi
96201202825,James Okorie
53969772326,Ibrahim Okorie
72242884070,James Okorie
42461788269,Samuel Okorie
35915963089,Blessing Adebayo
37706661298,Sadiq Okafor
85857384543,Chinedu Okorie
38779503051,James Abdullahi
59102748975,Oluwatobi Bello
25528018227,Chinedu Mohammed
53033499660,Sadiq Abdullahi
87221226112,Aisha Okafor
57760796487,Aisha Bello
50387247548,Oluwatobi Mohammed
26788706707,James Balogun
37257840902,Samuel Balogun
08919745918,Blessing Adebayo
74810443094,Sadiq Okafor
35023717821,Sadiq Abdullahi
39268523430,James Okafor
88742242425,Aisha Abdullahi
51649201049,Chinedu Mohammed
27542431632,Blessing Abdullahi
85438115074,Oluwatobi Okorie
07566131378,Ibrahim Balogun
73636525946,Samuel Okorie
50336665384,Ibrahim Balogun
82760939803,Ibrahim Okafor
36883762650,Sadiq Adebayo
94578493094,Oluwatobi Bello
74629429217,Blessing Bello
54443775543,Sadiq Okorie
80773451302,Blessing Adebayo
59322777757,Samuel Mohammed
91261025488,Blessing Adebayo
20591784289,Ibrahim Okafor
44053536048,Blessing Bello
24765253863,James Adebayo
85132899433,Sadiq Okafor
30733847584,James Adebayo
93148407590,Aisha Mohammed
52373618024,Oluwatobi Okafor
27394168730,Oluwatobi Okorie
38138022074,Aisha Balogun
83473646257,Samuel Okafor
70025926757,Aisha Okorie
51345340482,Oluwatobi Bello
31122918546,Aisha Adebayo
32570236923,Blessing Okafor
80426348142,Chinedu Okorie
23314082901,Chinedu Bello
19973841319,Sadiq Abdullahi
38936333443,Blessing Abdullahi
27524400797,Chinedu Balogun
09126111086,James Bello
11518023661,Blessing Abdullahi
22940583215,Oluwatobi Bello
70442170851,Ibrahim Abdullahi
86571365676,Samuel Bello
81485898217,Chinedu Mohammed
15355213962,Blessing Abdullahi
41455405129,Oluwatobi Mohammed
86162684825,James Adebayo
47033500297,Samuel Okafor
65109920220,Oluwatobi Mohammed
13622949591,Ibrahim Okorie
62516600642,Oluwatobi Adebayo
44704483807,Aisha Adebayo
62910410231,Aisha Mohammed
58487205724,Sadiq Okorie
08770298918,Blessing Okorie
24420570237,Blessing Adebayo
73325320372,Ibrahim Okafor
46004045899,Samuel Abdullahi
80596969621,Chinedu Adebayo
80591070237,Blessing Bello
83920493147,James Abdullahi
14653892039,Oluwatobi Okafor
67444752711,Aisha Okorie
24056464333,Ibrahim Okafor
55759418795,Samuel Mohammed
22240463147,Blessing Abdullahi
47106125241,Sadiq Okafor
62069851246,Ibrahim Adebayo
19820169396,Sadiq Okafor
20717456378,Aisha Okafor
52920183627,Oluwatobi Okorie
41454818847,Ibrahim Abdullahi
90976085092,Samuel Mohammed
26877689254,Oluwatobi Okafor
97875563804,Chinedu Adebayo
97366875556,Sadiq Okorie
18130255474,Samuel Abdullahi
99650324475,Chinedu Adebayo
06314205410,Blessing Bello
61215420984,Ibrahim Abdullahi
19121821608,Sadiq Okafor
74473366357,Oluwatobi Okorie
71773955176,Samuel Balogun
85561420533,Ibrahim Okorie
22106317145,Ibrahim Okafor
14046604551,Ibrahim Okafor
61371343638,Blessing Bello
38424724270,Chinedu Okorie
60672833815,Blessing Bello
73118631471,Blessing Okafor
78237801618,Chinedu Adebayo
47026681031,Ibrahim Okafor
33235115634,Ibrahim Adebayo
71248344521,Chinedu Okafor
66159052445,Samuel Balogun
17314365035,James Bello
13153965188,James Bello
36332371856,Samuel Balogun
41735782027,James Mohammed
51145503398,Blessing Mohammed
31357324696,Blessing Adebayo
96539397242,Blessing Bello
01354162731,Chinedu Abdullahi
08510798043,Chinedu Abdullahi
66988198088,Ibrahim Abdullahi
76941825415,Chinedu Abdullahi
21016168764,Aisha Adebayo
48054351501,Chinedu Bello
70523805636,Oluwatobi Adebayo
90822013702,Sadiq Adebayo
17079173476,Oluwatobi Balogun
79715362907,Sadiq Balogun
23792457494,Oluwatobi Okorie
12729983361,Blessing Adebayo
58994797836,James Okafor
14004764822,James Balogun
53834798380,James Abdullahi
64663686518,Samuel Mohammed
58686624121,Aisha Abdullahi
64935024147,Samuel Balogun
56280811425,Chinedu Abdullahi
53675823978,Aisha Bello
05116841620,Samuel Balogun
32114324307,Aisha Abdullahi
61172391468,James Bello
30392321751,Sadiq Abdullahi
58085778268,Sadiq Balogun
51723030180,Aisha Adebayo
51304770666,Oluwatobi Abdullahi
11091571030,James Okorie
85055580918,Samuel Balogun
33893177137,Ibrahim Okafor
87439183706,Sadiq Bello
24340458344,Samuel Mohammed
34746492903,Blessing Okorie
31881912622,James Bello
03743275317,Chinedu Adebayo
99526493316,Samuel Okorie
11376731793,Aisha Abdullahi
71106304079,Samuel Balogun
64093942517,Ibrahim Balogun
96456412123,Sadiq Okorie
11568683859,James Okafor
44084857782,Samuel Balogun
62253530354,Blessing Mohammed
07789057012,Sadiq Okorie
01787227289,Sadiq Bello
90081647860,Ibrahim Abdullahi
70871559943,Aisha Okafor
63252809498,Oluwatobi Balogun
67273510718,Ibrahim Bello
57324278691,Samuel Balogun
52646514989,Blessing Okorie
80936958705,Samuel Abdullahi
13971211642,Chinedu Okafor
48161444405,Sadiq Mohammed
74326185936,Aisha Abdullahi
73640959148,Aisha Mohammed
10704051770,James Okorie
77866769329,Blessing Bello
62837400641,Sadiq Mohammed
06854867126,Sadiq Okafor
90368785609,Blessing Okorie
28056922310,Aisha Abdullahi
27141647516,Chinedu Okafor
89810063458,James Abdullahi
68415191504,Samuel Okafor
36487794673,Blessing Bello
62545229970,Chinedu Bello
93879466285,Aisha Abdullahi
74242295778,Blessing Bello
93520123778,Blessing Bello
78380623946,Samuel Bello
22040071848,Samuel Bello
26853413327,Sadiq Okorie
80699948706,James Abdullahi
69998706290,Samuel Bello
62640624945,Oluwatobi Bello
89571592952,Samuel Okafor
78845921233,Ibrahim Okorie
08828310366,Chinedu Bello
65702430029,Oluwatobi Balogun
59384163954,Oluwatobi Abdullahi
51573255481,James Okafor
01364016162,Blessing Bello
03858468438,Chinedu Okorie
96209722708,Ibrahim Balogun
83316635909,Sadiq Balogun
52618228637,Ibrahim Balogun
32265611274,James Adebayo
15337550423,Sadiq Okafor
86130747370,Oluwatobi Abdullahi
56958942462,James Okafor
40492603448,Aisha Okafor
14975749925,Samuel Okorie
88598071236,James Bello
86039983376,Chinedu Balogun
80095674042,Ibrahim Abdullahi
47519773522,Blessing Balogun
69929290655,Sadiq Mohammed
55295031096,Blessing Okorie
13448351834,Sadiq Balogun
40795571756,Sadiq Okafor
73010487657,James Abdullahi
15958129789,Blessing Okafor
16856424367,Blessing Bello
97500344581,Chinedu Abdullahi
82890045888,Oluwatobi Okafor
23741062769,James Abdullahi
84577092916,Oluwatobi Mohammed
63966093631,Sadiq Bello
87417261940,Samuel Okafor
76875473390,Aisha Adebayo
29277610026,James Mohammed
03822586506,James Okorie
44001927116,Ibrahim Bello
62821977294,Blessing Okorie
38043083286,Ibrahim Balogun
62951414108,Aisha Adebayo
19838900608,Blessing Abdullahi
49317508312,Samuel Balogun
21524728512,Ibrahim Okorie
33273100187,Ibrahim Bello
26791309956,Ibrahim Okafor
44835345407,Chinedu Mohammed
17766858425,Blessing Mohammed
83814854709,Chinedu Balogun
97832987600,Oluwatobi Bello
52882519110,Samuel Bello
82003682887,Blessing Okorie
71893838298,Oluwatobi Adebayo
88639278152,Blessing Adebayo
44499583405,Sadiq Adebayo
54074563816,Aisha Adebayo
07814135723,Sadiq Balogun
76333161419,James Balogun
69984605418,Ibrahim Okafor
27586559185,Sadiq Adebayo
12572348661,Ibrahim Abdullahi
31947577851,Aisha Okorie
55060165612,Sadiq Okorie
82305046360,Blessing Mohammed
45708533018,Oluwatobi Okafor
42684027868,Chinedu Balogun
29099794990,James Okorie
95340668164,Ibrahim Okafor
79504772910,Blessing Okafor
15553094680,James Abdullahi
66556251557,Sadiq Adebayo
12650905746,James Adebayo
13183734132,Sadiq Okafor
12622761710,Samuel Abdullahi
82742945729,Oluwatobi Adebayo
52853369341,Ibrahim Adebayo
24241131615,Oluwatobi Okafor
88290374940,James Okafor
59103588631,Blessing Okorie
59260511373,Chinedu Bello
32999434965,Chinedu Abdullahi
61281785975,Ibrahim Mohammed
31476670965,Sadiq Abdullahi
75448405865,Blessing Mohammed
75873863825,Oluwatobi Adebayo
06849210159,Sadiq Adebayo
50201610690,Sadiq Okorie
75436040637,Oluwatobi Abdullahi
76973713049,Blessing Okorie
15177827997,Oluwatobi Mohammed
93273897023,Blessing Adebayo
57068044046,Chinedu Balogun
57054736530,Blessing Adebayo
36796540851,Blessing Abdullahi
35815778455,Aisha Okafor
68624592847,Aisha Mohammed
10490394605,Sadiq Balogun
49660212757,Ibrahim Mohammed
77463471666,Oluwatobi Mohammed
17483319069,Samuel Bello
29069361336,Chinedu Abdullahi
55866929138,Blessing Okafor
80009017150,Aisha Abdullahi
61422477461,Aisha Okorie
48451772408,Sadiq Adebayo
90566656008,Samuel Okorie
09717491970,Sadiq Mohammed
82027534872,Samuel Adebayo
69788202104,Ibrahim Adebayo
96392921253,Aisha Okorie
76828591565,Sadiq Balogun
34475729930,Samuel Abdullahi
39037897288,Sadiq Bello
85440977949,Chinedu Bello
56400507020,Oluwatobi Balogun
43856180617,Aisha Balogun
59558720113,James Abdullahi
08649850093,Samuel Mohammed
56697975012,Chinedu Okorie
41001752160,Blessing Okorie
15774723992,Samuel Okafor
55028389378,Oluwatobi Bello
55397384605,Sadiq Okorie
03060660327,Sadiq Okafor
31650653758,Sadiq Okorie
55751757415,James Mohammed
73709123635,Aisha Adebayo
31785699892,Blessing Okafor
85111710912,Aisha Adebayo
45416323247,Samuel Abdullahi
56878077533,Oluwatobi Okorie
31160897095,Sadiq Okorie
03928292916,Aisha Mohammed
57611293295,Blessing Mohammed
63417878486,James Okafor
28468915558,Oluwatobi Balogun
57064292201,Oluwatobi Balogun
80582568131,Blessing Okorie
72955254878,James Balogun
03968841973,Samuel Mohammed
78913450127,Oluwatobi Okorie
21312711838,Blessing Balogun
39120005266,Ibrahim Mohammed
51999138674,Sadiq Mohammed
60713852047,Sadiq Balogun
98991434809,Blessing Abdullahi
45180761779,Samuel Okafor
56001558155,Samuel Bello
53882808214,Chinedu Adebayo
90055553794,Samuel Okafor
51225066844,Blessing Adebayo
32037435394,Oluwatobi Mohammed
94452532848,Sadiq Mohammed
69159591840,Blessing Balogun
24248351815,Ibrahim Abdullahi
26023352362,Aisha Mohammed
49791025105,Samuel Balogun
96763230499,Ibrahim Okorie
87974965576,Blessing Abdullahi
46097663025,James Balogun
01584884779,Samuel Balogun
11782384062,Chinedu Mohammed
52970778587,Blessing Bello
73732747461,Oluwatobi Okorie
64256736013,Blessing Bello
67382253055,Blessing Balogun
53992337716,Ibrahim Balogun
42496323363,Ibrahim Okafor
20816312590,Oluwatobi Okafor
15074328130,James Mohammed
78309626397,Ibrahim Okorie
96527829851,James Okafor
47997233757,Blessing Mohammed
04317802093,Ibrahim Okafor
11343775716,Blessing Adebayo
08604588861,Oluwatobi Okafor
85489681178,James Adebayo
97578868447,Oluwatobi Okorie
81077778342,Samuel Mohammed
66235150646,James Balogun
07275652272,Oluwatobi Abdullahi
06852865778,Chinedu Balogun
07126122815,James Abdullahi
38303224677,Chinedu Abdullahi
43441967833,Oluwatobi Adebayo
94417185464,Aisha Okafor
71064593400,James Okafor
45402740798,Chinedu Okorie
15821197482,James Balogun
53776314287,Blessing Okafor
09964654962,Sadiq Balogun
13734485638,Blessing Adebayo
36210365070,Blessing Mohammed
73583327448,Sadiq Bello
86181966799,James Bello
53449028409,Samuel Abdullahi
31449734161,Aisha Okafor
09672914286,Aisha Adebayo
52057728477,Sadiq Balogun
65108036821,Blessing Bello
33364858038,Ibrahim Okorie
86202106371,Sadiq Adebayo
07263225494,Blessing Okorie
79297637453,Sadiq Okafor
03308972909,Aisha Adebayo
67351041250,Blessing Abdullahi
11364195562,Ibrahim Okorie
62812263115,Ibrahim Mohammed
27021258400,Chinedu Okorie
30918218972,Oluwatobi Okafor
64254864775,Blessing Okorie
80012666179,Oluwatobi Adebayo
57158489334,Sadiq Adebayo
91599016642,Aisha Abdullahi
17001373242,Aisha Balogun
26447777603,Blessing Adebayo
81377468945,James Okafor
87205011140,Blessing Balogun
59030355320,Chinedu Balogun
31843527611,Sadiq Adebayo
10869923427,Aisha Abdullahi
25366574493,Oluwatobi Okafor
57901918213,Ibrahim Okorie
73011606922,James Mohammed
57810712591,James Balogun
61905217487,Samuel Mohammed
62805404067,Blessing Okorie
34773529015,Samuel Mohammed
50620673530,James Bello
34272258900,Oluwatobi Balogun
21781051794,Oluwatobi Bello
34118982734,Chinedu Abdullahi
78115981919,Chinedu Abdullahi
46436480579,Aisha Abdullahi
30333714715,Ibrahim Okafor
61688148316,Samuel Abdullahi
49953925116,Aisha Okafor
51722011556,Chinedu Okafor
21959545470,Chinedu Adebayo
37815067678,Blessing Adebayo
60521021784,Sadiq Okafor
59494353313,Samuel Mohammed
84695231362,Chinedu Abdullahi
30869596335,James Bello
65909300281,James Adebayo
74014436235,Samuel Bello
53617338224,Ibrahim Abdullahi
88515493769,James Balogun
97694489197,Sadiq Mohammed
18399104330,Aisha Okorie
37318711054,Aisha Okorie
09843932873,James Bello
52303512037,Ibrahim Abdullahi
31875163670,Aisha Bello
19660778500,Blessing Okorie
50314109833,Blessing Okorie
24311421195,Samuel Balogun
61722773228,James Okafor
33751410071,Oluwatobi Abdullahi
76431306107,Blessing Balogun
27272598296,Blessing Balogun
44525669458,Sadiq Mohammed
55757911815,Sadiq Okafor
88089842730,James Mohammed
45799380707,Chinedu Adebayo
25613684771,Blessing Abdullahi
18339570593,Sadiq Okorie
23607720591,Chinedu Okorie
03014301397,James Okorie
63845316995,James Okafor
91864275376,Chinedu Adebayo
92074512878,Samuel Balogun
72209000165,Chinedu Okorie
78896792772,Blessing Adebayo
09664087713,Blessing Bello
91641954392,Chinedu Adebayo
33283614817,Oluwatobi Bello
08547075201,Samuel Okafor
66345316321,Chinedu Bello
83149709153,Oluwatobi Bello
03289023170,James Mohammed
61372997704,James Okorie
86672994297,Sadiq Abdullahi
58591193509,Ibrahim Balogun
65416814406,Chinedu Mohammed
51461053276,Blessing Abdullahi
18617346131,Samuel Balogun
69104384624,Oluwatobi Okorie
69448529008,James Abdullahi
00510461244,Chinedu Bello
91606224007,Aisha Okorie
13989577402,Sadiq Okorie
10058424051,Blessing Balogun
62648200022,James Okafor
56891380807,Oluwatobi Okafor
69324855645,Samuel Bello
64237841630,James Abdullahi
80123076447,James Okorie
08784561355,James Okorie
01774737327,Oluwatobi Balogun
06988076103,Oluwatobi Okafor
87798857408,Samuel Adebayo
06240039701,Oluwatobi Adebayo
06551070910,Aisha Okafor
93085034611,Samuel Okafor
29428820341,Oluwatobi Adebayo
43058874974,Aisha Okafor
98287924122,Sadiq Bello
81642100007,Chinedu Okafor
44139126908,Chinedu Adebayo
33461079318,Ibrahim Okorie
45627214813,Aisha Abdullahi
45575178795,James Mohammed
20181362100,Sadiq Okafor
88620750644,Samuel Okafor
83227721789,Sadiq Adebayo
90720646139,Chinedu Mohammed
84728116817,Samuel Abdullahi
51086033157,Ibrahim Okafor
69760254604,Chinedu Okorie
84077267118,Ibrahim Bello
98611076633,James Okorie
81398494994,Chinedu Balogun
72763029858,Aisha Adebayo
27628265095,Aisha Mohammed
36551379767,Blessing Okorie
21774296555,Samuel Okafor
47715064074,Chinedu Abdullahi
50796093673,James Bello
52936921898,Ibrahim Okorie
75073864259,Ibrahim Abdullahi
91413583657,James Mohammed
38161277921,Blessing Adebayo
72559223973,Blessing Okorie
44499908433,Blessing Adebayo
22975961298,Sadiq Mohammed
25306300856,Samuel Abdullahi
04440618585,Blessing Balogun
24176459606,Blessing Okorie
29160897902,Aisha Abdullahi
66577333706,Chinedu Abdullahi
73260789996,Aisha Abdullahi
83070372399,Chinedu Mohammed
02979348946,Samuel Mohammed
22088980287,Sadiq Abdullahi
65812130719,Sadiq Bello
12032886284,James Abdullahi
07261177966,Ibrahim Okorie
82700036121,Oluwatobi Abdullahi
04911957713,Samuel Okafor
36358784772,Blessing Okafor
10982682121,Chinedu Abdullahi
34350414675,Oluwatobi Adebayo
03555068861,Chinedu Okafor
63459790514,Ibrahim Mohammed
11431998098,Ibrahim Bello
00843437974,Sadiq Abdullahi
94475765018,James Mohammed
35082021409,Samuel Mohammed
73082031306,Ibrahim Mohammed
80373328800,Aisha Balogun
22383069553,Chinedu Adebayo
48762137872,Sadiq Abdullahi
56827345869,Oluwatobi Okafor
80293205176,Oluwatobi Okafor
91644472442,James Balogun
92234890718,Chinedu Bello
88883264777,Sadiq Adebayo
63820276291,Ibrahim Bello
27120370034,Oluwatobi Mohammed
03285340512,Chinedu Mohammed
25619253610,Sadiq Adebayo
24933188611,Chinedu Mohammed
72631732744,Sadiq Okorie
51896591327,Ibrahim Bello
58153222915,Aisha Balogun
18316616907,James Okorie
87495192624,Aisha Adebayo
91902990405,Sadiq Okorie
55499287593,Aisha Adebayo
44592582237,Aisha Balogun
69855522096,Chinedu Balogun
56586804533,Samuel Okorie
97814277663,James Abdullahi
86390258061,Sadiq Okorie
82085951122,Samuel Mohammed
56454917775,James Okafor
94377509429,Ibrahim Balogun
26286760140,Samuel Bello
02602948250,Chinedu Abdullahi
80008530046,Oluwatobi Mohammed
77625288162,Chinedu Okorie
66655441300,Blessing Bello
22152701081,Blessing Bello
11642606251,Sadiq Mohammed
40364891785,Blessing Okafor
17029973692,Samuel Adebayo
12478765741,Sadiq Bello
08778320963,Samuel Bello
97408596726,Oluwatobi Okorie
22074130670,Chinedu Balogun
27094810259,Chinedu Bello
76701470397,James Mohammed
88814101506,Aisha Bello
57109974789,Blessing Abdullahi
25033858601,Ibrahim Okafor
95366001482,Samuel Bello
22918938912,James Okorie
43490833149,Blessing Abdullahi
69166941075,Ibrahim Balogun
66518448552,Oluwatobi Okorie
57358453019,Chinedu Balogun
43644208651,Samuel Adebayo
42114225941,Oluwatobi Mohammed
19244263801,Sadiq Okorie
32685348875,Blessing Mohammed
29654442056,Sadiq Okorie
08286054972,Oluwatobi Balogun
65608905104,Chinedu Bello
12123080196,Chinedu Balogun
09543828594,Chinedu Balogun
03954238221,Sadiq Balogun
05593645702,Chinedu Bello
60586032817,James Okafor
46552871043,Ibrahim Mohammed
96654638967,Aisha Balogun
74867156233,Ibrahim Adebayo
37131772718,Ibrahim Abdullahi
53495913669,Blessing Balogun
00198016507,Ibrahim Adebayo
80585465649,Oluwatobi Okafor
86425218810,Oluwatobi Abdullahi
00178897665,Chinedu Balogun
89756881109,Samuel Mohammed
26620632463,Ibrahim Okorie
65383818279,Blessing Abdullahi
96347427201,Chinedu Abdullahi
63039340737,Aisha Mohammed
71377325135,Blessing Okafor
26005349060,Oluwatobi Mohammed
16321740505,James Balogun
74821784383,Sadiq Bello
67547985162,Blessing Okafor
14795647079,Chinedu Okorie
66542531930,Blessing Okafor
89837275732,Blessing Balogun
43588184493,Aisha Balogun
57834409383,Blessing Balogun
09108454354,Chinedu Bello
17762697322,Oluwatobi Okafor
79089111622,Aisha Bello
44821278854,Chinedu Abdullahi
04182221306,James Balogun
74214367486,Blessing Okafor
12528760847,Oluwatobi Mohammed
40641216525,Sadiq Okafor
65843488303,Blessing Abdullahi
04769363930,Oluwatobi Okafor
08033459419,Chinedu Balogun
71736029925,Ibrahim Mohammed
70933420601,Oluwatobi Okorie
42599317084,Blessing Okorie
49961404841,Blessing Mohammed
00399514078,Samuel Mohammed
73713858257,Samuel Okorie
15027114845,Chinedu Adebayo
38801734938,Oluwatobi Bello
08422420269,Ibrahim Mohammed
04732951388,Sadiq Abdullahi
89490494068,Ibrahim Okafor
78275564679,James Abdullahi
72011831541,Oluwatobi Okorie
52865354188,Samuel Okorie
49357560582,James Bello
25872665569,Ibrahim Okafor
78549926452,Oluwatobi Abdullahi
79858350519,Chinedu Abdullahi
96260010577,Aisha Bello
44755998520,James Okafor
99832622726,Chinedu Abdullahi
52236151409,Sadiq Okafor
20778839677,Blessing Okafor
13246768069,Oluwatobi Abdullahi
29306822014,Ibrahim Mohammed
87228935225,Chinedu Okorie
16759032886,Aisha Balogun
36969952134,Sadiq Okafor
54308836414,Oluwatobi Okafor
61721500184,Oluwatobi Mohammed
53820238581,Samuel Okorie
21970495404,Chinedu Okorie
22864790562,James Bello
40970580222,Chinedu Bello
22924698398,Aisha Mohammed
88903240577,Oluwatobi Okorie
18381438474,James Okafor
15676683099,Oluwatobi Bello
94041503812,Blessing Okorie
57361181910,Ibrahim Bello
19370566195,James Okorie
14928761046,Ibrahim Okorie
99831713544,James Okafor
52182637757,Aisha Okafor
01686797227,Samuel Abdullahi
88983612569,Sadiq Abdullahi
07992276599,Aisha Okorie
61287305716,Ibrahim Bello
46013701555,Chinedu Mohammed
07590657814,Aisha Balogun
10213902415,Blessing Adebayo
29474830875,Samuel Adebayo
21322126008,Aisha Balogun
69222183071,Samuel Okafor
47238051086,Ibrahim Balogun
93007217986,Aisha Adebayo
06146428484,Chinedu Mohammed
06854887816,James Mohammed
37174551249,Samuel Balogun
37419427831,Samuel Bello
07745451141,Ibrahim Balogun
70199473187,Aisha Okorie
98219883775,Samuel Okafor
43541213002,Oluwatobi Okorie
08091120167,Chinedu Bello
69008228195,Ibrahim Bello
61489690815,Oluwatobi Bello
16335981282,Samuel Okafor
09195837314,Sadiq Mohammed
47739706254,Oluwatobi Okafor
18633366685,Blessing Adebayo
59886755701,Sadiq Okorie
77256724929,Oluwatobi Okafor
40099150282,Samuel Bello
44101154483,Aisha Bello
88479805292,Oluwatobi Okafor
95225387063,James Okafor
20821329137,Samuel Bello
51015110610,James Okafor
22142225140,Chinedu Okafor
71650105867,James Abdullahi
35916432119,Samuel Balogun
01284508177,Oluwatobi Okafor
09160739748,James Adebayo
75323398543,Sadiq Adebayo
88086277094,Aisha Mohammed
53042282448,Sadiq Balogun
31715052928,Blessing Okorie
95249214951,Ibrahim Okafor
27944446851,Sadiq Abdullahi
72160276641,James Okorie
99363761333,Chinedu Okafor
44011282828,Blessing Mohammed
59492677626,Samuel Okafor
06728654790,Blessing Adebayo
54278551334,Oluwatobi Balogun
89169760535,Aisha Okafor
97649399969,Sadiq Okafor
84283903346,Samuel Balogun
72780429235,Chinedu Mohammed
82562540254,Aisha Abdullahi
01259581071,Oluwatobi Okafor
99212029539,Blessing Balogun
29664369118,Samuel Balogun
62523788210,Oluwatobi Balogun
32673008782,Sadiq Abdullahi
32547001589,Chinedu Adebayo
67371778351,James Okafor
35769249574,Oluwatobi Mohammed
28959827809,Blessing Abdullahi
68274950551,Oluwatobi Abdullahi
71186314204,Oluwatobi Abdullahi
20669440174,Blessing Okafor
56308818651,Sadiq Bello
01235019962,Samuel Abdullahi
13909512528,Samuel Balogun
64407252882,Samuel Okorie
17686919845,Ibrahim Bello
04542777190,Chinedu Okorie
54426021071,Oluwatobi Balogun
16648369555,James Okafor
52209497533,Aisha Adebayo
09333241621,Aisha Adebayo
17661913241,Blessing Mohammed
57379338724,Oluwatobi Bello
51236458994,Blessing Okafor
97117152588,James Bello
93009559274,Oluwatobi Mohammed
39861641938,Oluwatobi Okafor
97980977498,Ibrahim Adebayo
74745069891,James Abdullahi
11861955940,Blessing Okafor
38287102972,Oluwatobi Okafor
39163808231,Chinedu Balogun
80676286112,Oluwatobi Okafor
99169807013,Blessing Adebayo
75433547053,Ibrahim Adebayo
69229952693,Oluwatobi Balogun
02315654477,Oluwatobi Adebayo
63604836821,Ibrahim Okorie
62341877516,Oluwatobi Adebayo
43371831906,James Okafor
73693555212,Blessing Mohammed
99174198280,Oluwatobi Adebayo
66630968256,Chinedu Okorie
35003734852,Chinedu Abdullahi
01256710398,Sadiq Adebayo
25932349920,Chinedu Okafor
63248578443,Oluwatobi Balogun
90709706323,Oluwatobi Adebayo
16325040993,James Mohammed
22612470772,Aisha Abdullahi
64987722283,Samuel Abdullahi
14756863421,Sadiq Mohammed
02474211538,Blessing Balogun
82349549356,Chinedu Okafor
96995776763,Ibrahim Okorie
19592647435,Oluwatobi Balogun
73987336366,Blessing Abdullahi
00062627012,Ibrahim Bello
73761277052,Sadiq Balogun
78007543007,Blessing Adebayo
36272431538,Chinedu Mohammed
12389436826,James Abdullahi
46126891558,Aisha Balogun
67942200457,Ibrahim Bello
44377491694,Sadiq Balogun
84195258811,Oluwatobi Adebayo
64684297600,Samuel Bello
34998923526,Samuel Adebayo
29240955191,James Balogun
15959423619,Oluwatobi Abdullahi
86081144878,James Mohammed
49145948668,Chinedu Mohammed
46298604429,Chinedu Okafor
32521795969,Aisha Mohammed
23332749412,Samuel Adebayo
43724649874,Sadiq Balogun
94215051807,Ibrahim Adebayo
89330587563,Samuel Adebayo
65346458157,James Abdullahi
23487335046,Samuel Mohammed
83507744581,Aisha Abdullahi
04343216552,Sadiq Bello
26785735029,James Abdullahi
02070601724,Blessing Bello
30227641650,Ibrahim Abdullahi
45980617632,Samuel Abdullahi
24731424598,Aisha Bello
15448448268,Ibrahim Okorie
78313164489,James Bello
57768467420,Blessing Abdullahi
89939409117,Samuel Bello
06004106649,Blessing Okorie
98185574388,Oluwatobi Mohammed
34396049007,Chinedu Adebayo
17560992525,James Okorie
65498663844,Samuel Okafor
22419586643,Oluwatobi Adebayo
12200033924,James Okorie
01885427796,Sadiq Bello
01211257878,Sadiq Balogun
02771607879,Chinedu Adebayo
87125943703,Samuel Okorie
39533480785,Chinedu Okorie
39253186012,Chinedu Okorie
00596769291,Blessing Okafor
20673616816,Ibrahim Bello
01216813318,Ibrahim Balogun
24513932808,Samuel Adebayo
16911383107,Blessing Bello
48094402593,Ibrahim Adebayo
30505696425,Chinedu Abdullahi
61185587288,James Adebayo
71381567235,Samuel Okorie
58059926530,Blessing Balogun
90812534694,Blessing Okafor
77812231258,Oluwatobi Abdullahi
53603087336,Aisha Balogun
93451747939,Chinedu Okafor
95852478391,Chinedu Balogun
44068456573,James Abdullahi
68988529104,Sadiq Abdullahi
99279453187,Aisha Balogun
18469645929,Chinedu Adebayo
43863847649,Oluwatobi Balogun
45198513827,Sadiq Abdullahi
13812581840,Chinedu Balogun
95325853338,Oluwatobi Okorie
35124720938,Aisha Okorie
66296001375,Ibrahim Okafor
31808906307,Ibrahim Okafor
61965263309,Chinedu Okorie
76736816717,Ibrahim Balogun
62087268440,Chinedu Balogun
50468896876,Sadiq Mohammed
33937468238,Aisha Okorie
53028835043,Aisha Balogun
01293416042,Samuel Balogun
53818544871,Aisha Abdullahi
32378006440,James Okafor
88138307852,James Abdullahi
33752183192,Samuel Balogun
05270800701,Samuel Balogun
88562577125,James Abdullahi
05103973409,James Balogun
82169460880,James Bello
56065369231,Chinedu Mohammed
55270937789,Oluwatobi Mohammed
46249710688,Samuel Mohammed
24805711854,Aisha Adebayo
01169016055,Ibrahim Abdullahi
15946283990,Ibrahim Bello
56596581650,Chinedu Abdullahi
44147675453,Chinedu Okafor
71280092077,Oluwatobi Abdullahi
37240868907,Samuel Adebayo
55483251422,Sadiq Abdullahi
00258096684,Ibrahim Bello
11196975304,Aisha Okorie
06449550797,Aisha Bello
19872426161,Blessing Abdullahi
38207805828,James Abdullahi
70520286872,Blessing Bello
79067975311,James Okorie
08527317516,James Adebayo
64715714993,Chinedu Bello
33570823226,Aisha Abdullahi
55103689916,Oluwatobi Okorie
95614038951,Blessing Okorie
82371665527,Ibrahim Bello
58734875413,Aisha Bello
16407516005,Chinedu Adebayo
16764591109,Sadiq Okorie
52986005417,Sadiq Bello
39090233807,Blessing Abdullahi
72631414493,Sadiq Abdullahi
97573885131,Chinedu Bello
16974319205,Chinedu Abdullahi
56380151667,Aisha Bello
10725706210,Ibrahim Abdullahi
41495009317,Samuel Okafor
97879122893,Chinedu Mohammed
83116041875,Blessing Balogun
01051302173,Oluwatobi Abdullahi
78559172974,James Bello
21042163404,Oluwatobi Adebayo
45238579186,Aisha Bello
24922454779,Chinedu Adebayo
98463665225,Blessing Bello
97169825073,Aisha Adebayo
30706559252,Samuel Adebayo
43029971699,Aisha Okorie
68538281752,Oluwatobi Okorie
12898630405,Chinedu Mohammed
74705216362,Chinedu Bello
05209488523,Aisha Bello
44225008643,Blessing Bello
39520032446,James Balogun
72596072822,Samuel Bello
57943558639,Blessing Adebayo
11841592496,Chinedu Adebayo
93106747868,James Balogun
81397773824,Samuel Okorie
21112454382,Sadiq Adebayo
20463068272,Sadiq Balogun
91887003619,Chinedu Mohammed
92500247142,Oluwatobi Balogun
46604194729,Chinedu Abdullahi
62245963782,James Adebayo
31931504934,Blessing Okorie
25029506586,Sadiq Adebayo
15242222035,Chinedu Balogun
86644606819,Aisha Mohammed
95462257396,Oluwatobi Adebayo
67525518181,Blessing Abdullahi
05953157145,Chinedu Abdullahi
09218927114,Chinedu Okafor
10797111367,Aisha Okafor
23050987231,Oluwatobi Okorie
85834245746,Aisha Okorie
69913434478,Ibrahim Abdullahi
31688100847,Sadiq Okafor
93999963748,Ibrahim Abdullahi
66343752299,Aisha Okafor
70458442185,Aisha Okafor
54964128750,Oluwatobi Abdullahi
53076863112,Blessing Balogun
79034438864,Blessing Adebayo
20442060315,Samuel Abdullahi
16353342716,Sadiq Okorie
20882793400,Sadiq Bello
92741198664,Ibrahim Okafor
49375534336,James Okorie
00563070680,Oluwatobi Bello
24822308153,Samuel Abdullahi
11025956826,Ibrahim Abdullahi
74637271548,Aisha Adebayo
08496660044,Blessing Balogun
03709968818,Blessing Okorie
24967818630,Aisha Okafor
30494800449,Ibrahim Bello
98756866233,Aisha Mohammed
46740042414,Oluwatobi Okafor
03085035394,Chinedu Abdullahi
00210892495,James Adebayo
29247242006,Chinedu Bello
36105126723,Sadiq Okafor
30660750547,James Okafor
91256840321,Oluwatobi Okorie
89571723366,Chinedu Bello
92088762688,Samuel Okorie
62295948894,Ibrahim Adebayo
57358792281,Samuel Abdullahi
68164626546,Blessing Mohammed
13274984753,Ibrahim Bello
84872551555,Samuel Bello
03441324642,James Mohammed
11151518732,Ibrahim Balogun
40561043317,Ibrahim Balogun
41537841663,Blessing Bello
70257936865,Oluwatobi Mohammed
97392495620,Samuel Adebayo
52273352948,Blessing Okorie
23911218051,Chinedu Bello
84111292530,Oluwatobi Mohammed
59247420240,Ibrahim Adebayo
76117405914,Aisha Bello
50191617131,Sadiq Mohammed
39993746076,Sadiq Balogun
45260381617,Oluwatobi Balogun
79611818810,Aisha Abdullahi
56829517169,Oluwatobi Bello
53724246494,Samuel Bello
96127445041,Aisha Okafor
33323187197,Ibrahim Okorie
92305080735,Aisha Bello
12710576638,Chinedu Balogun
31945962486,Aisha Balogun
93352654920,Ibrahim Adebayo
57867365467,Chinedu Balogun
79980744585,Chinedu Okafor
99333209517,James Bello
96659472000,Sadiq Balogun
20372310725,Sadiq Abdullahi
56988257522,Aisha Okafor
73459482518,Chinedu Balogun
02578842380,Oluwatobi Abdullahi
01114228612,Ibrahim Balogun
14788344591,Blessing Bello
89704739129,Blessing Okorie
03772286831,Samuel Okorie
83519762046,Sadiq Balogun
68756623205,Sadiq Balogun
33672595818,Sadiq Bello
25125755126,Aisha Okorie
20332430235,Ibrahim Okorie
98941221125,Oluwatobi Okorie
87715959680,Chinedu Adebayo
11656949243,Chinedu Bello
13392941865,Sadiq Balogun
04018815942,Chinedu Abdullahi
96905911690,Oluwatobi Abdullahi
77375290263,Sadiq Balogun
71290116844,Chinedu Abdullahi
57112664376,Oluwatobi Mohammed
72489010448,Aisha Okafor
37320194443,Ibrahim Abdullahi
53526571465,Sadiq Okorie
06665369397,James Okorie
83965408403,Chinedu Mohammed
58507098728,Ibrahim Okafor
32864520821,Oluwatobi Balogun
20321965595,Aisha Mohammed
81321180541,James Mohammed
19634050831,Oluwatobi Balogun
29297915981,Oluwatobi Mohammed
02057385069,Blessing Balogun
93503169462,James Balogun
69497702387,Chinedu Balogun
58670590290,Samuel Mohammed
81597449973,Oluwatobi Adebayo
32445075063,Blessing Adebayo
21154896047,Blessing Okafor
91555913905,Oluwatobi Bello
38268081743,Sadiq Okorie
47317072054,Ibrahim Okorie
38422150275,Samuel Okorie
21201208649,Aisha Balogun
32894615353,Sadiq Balogun
07188051233,James Abdullahi
19268762540,Sadiq Balogun
08473024860,Chinedu Balogun
94896738790,Chinedu Balogun
46835927773,Chinedu Adebayo
74380189014,Ibrahim Mohammed
73468381029,Aisha Okafor
77380612956,Aisha Okafor
86936242266,Samuel Okafor
93725953773,Chinedu Bello
95847863153,Blessing Abdullahi
54310065621,Oluwatobi Mohammed
19771437062,Blessing Balogun
14668441293,Aisha Okorie
91383056229,Samuel Balogun
28942924168,Oluwatobi Balogun
21597187857,Oluwatobi Abdullahi
97236694127,Oluwatobi Okafor
63700007560,Samuel Okorie
52804219408,Ibrahim Adebayo
54122214338,Sadiq Bello
58551822077,James Adebayo
53493686028,Aisha Okorie
24892758383,Ibrahim Abdullahi
89023586909,James Bello
90644048434,Aisha Adebayo
05555544382,Ibrahim Okorie
32417378403,Aisha Mohammed
45625995690,Chinedu Bello
29647429828,Chinedu Mohammed
64242808683,Ibrahim Abdullahi
36522353583,Aisha Balogun
54248888209,James Bello
38796558540,James Okafor
95990426106,Samuel Abdullahi
82025223785,James Okafor
27430321510,Sadiq Mohammed
33729362723,Oluwatobi Adebayo
46954709299,Samuel Abdullahi
55385994836,Ibrahim Bello
03076258193,Aisha Adebayo
66494019348,Ibrahim Abdullahi
11832745539,Chinedu Adebayo
30313992257,Blessing Okafor
73907897585,Samuel Okafor
05529979910,James Bello
49193105927,Aisha Okorie
98052857765,Blessing Balogun
77686751892,Aisha Adebayo
09174009302,Chinedu Abdullahi
08423471857,Ibrahim Okorie
60545417031,James Adebayo
88044235042,Sadiq Okorie
28805211639,Sadiq Balogun
00430878610,Aisha Okorie
28966418080,Samuel Okafor
37264792049,James Okorie
58129838146,Aisha Adebayo
28885488630,Oluwatobi Okafor
20395261896,Blessing Mohammed
14138536452,Blessing Abdullahi
63549451837,Ibrahim Mohammed
66032943947,Blessing Adebayo
94918045019,Aisha Abdullahi
87312654732,Oluwatobi Mohammed
56366610112,Ibrahim Adebayo
22557840714,Chinedu Balogun
00580057275,Ibrahim Adebayo
34832087208,Samuel Adebayo
41765679609,James Bello
73512129160,Samuel Balogun
63589532659,Chinedu Bello
35410845563,Samuel Okorie
47589610141,Oluwatobi Okorie
36267741413,James Mohammed
60023557329,Blessing Bello
11109474095,Blessing Okorie
03773989610,Blessing Bello
14643007221,Blessing Mohammed
73712849371,Sadiq Bello
39279507076,Samuel Okafor
96227885646,Sadiq Abdullahi
47651516063,James Okafor
28047340035,Aisha Okafor
45385224704,Chinedu Bello
42417942166,Chinedu Okafor
04380855915,Sadiq Balogun
92571059590,Chinedu Mohammed
79880782027,Chinedu Abdullahi
81193090688,Oluwatobi Okafor
42842771165,Oluwatobi Adebayo
80217228211,Samuel Adebayo
25191624849,James Abdullahi
87187014280,Ibrahim Mohammed
78045006894,Ibrahim Adebayo
39775898093,Oluwatobi Abdullahi
62885741377,Aisha Abdullahi
90528137294,Samuel Mohammed
23654540409,Aisha Adebayo
83786841993,Sadiq Okorie
20759072775,Blessing Adebayo
02181847784,James Bello
35552374032,Aisha Bello
31665160785,Aisha Mohammed
61097011309,Chinedu Adebayo
17098458930,James Okafor
96328627980,Sadiq Bello
78881751285,Sadiq Mohammed
52829232839,Chinedu Balogun
26703308780,Chinedu Adebayo
50904578692,Chinedu Okafor
13510961897,James Mohammed
29257911144,Samuel Mohammed
19346606379,James Abdullahi
55046807502,Blessing Bello
39605913973,Oluwatobi Abdullahi
55218255410,Ibrahim Balogun
84456947301,Samuel Balogun
72329625285,Ibrahim Okorie
46548236929,James Okafor
28257862621,Chinedu Mohammed
55146800339,James Balogun
35104171201,Ibrahim Okorie
32984353882,Blessing Abdullahi
36142156844,Chinedu Abdullahi
08610120950,Ibrahim Okafor
55805805349,Chinedu Okorie
44846975255,Ibrahim Okorie
56836875767,Samuel Bello
26214187628,Aisha Okafor
61404184609,Ibrahim Okafor
47072253075,Chinedu Mohammed
85220988195,Sadiq Okafor
96662713915,Aisha Bello
59568443138,Aisha Okorie
35160910777,Oluwatobi Adebayo
65280846557,Ibrahim Bello
30462790469,James Bello
84159553952,Blessing Abdullahi
17461387892,Oluwatobi Balogun
29413912554,Aisha Abdullahi
61060090960,James Abdullahi
50078479916,Ibrahim Okorie
23540295007,Sadiq Adebayo
20300748825,Chinedu Okorie
81619488012,Samuel Okafor
81745192875,Sadiq Balogun
27429968550,Ibrahim Adebayo
43160872972,Chinedu Mohammed
29360955930,Samuel Okafor
22516996154,Aisha Balogun
87471200709,Oluwatobi Okorie
61339345875,Blessing Mohammed
74516835173,Aisha Okorie
53038778579,Sadiq Balogun
16902166562,Sadiq Bello
10439990198,Sadiq Adebayo
49393871669,Samuel Bello
57920392481,Blessing Abdullahi
82387028193,Oluwatobi Balogun
16076084043,Sadiq Okafor
57228311207,Ibrahim Abdullahi
91218753413,Oluwatobi Adebayo
51010472639,Samuel Mohammed
79560516691,Samuel Mohammed
53784363100,James Bello
86309661947,Ibrahim Okorie
66480762458,Ibrahim Abdullahi
96052337202,Sadiq Okafor
20601004438,Sadiq Bello
84868463557,Blessing Bello
28673394388,Sadiq Balogun
80863158424,Chinedu Adebayo
72885784022,Aisha Adebayo
31357944388,Sadiq Balogun
80877061365,Oluwatobi Abdullahi
72642167756,Oluwatobi Balogun
49980574859,Chinedu Okorie
87236020882,Samuel Okafor
57313460278,Samuel Okafor
32320075715,Chinedu Bello
12326821239,Ibrahim Bello
58984774689,Oluwatobi Okafor
85981400219,Aisha Okorie
84338683582,Oluwatobi Okorie
63088633248,Blessing Balogun
27501779120,Blessing Okafor
98509211563,Chinedu Okafor
09597338966,Sadiq Adebayo
45823668821,Ibrahim Adebayo
36638471658,Aisha Bello
89492293129,Sadiq Balogun
70260602499,Blessing Adebayo
16259721189,Blessing Abdullahi
94147961399,Ibrahim Adebayo
44500845321,Sadiq Balogun
22278056970,Blessing Bello
97357013595,Oluwatobi Abdullahi
57474656934,Oluwatobi Bello
56320286200,Ibrahim Okorie
61368973636,Blessing Abdullahi
57722880122,Oluwatobi Okorie
92758564149,Samuel Abdullahi
26072046221,Sadiq Balogun
74401351798,Sadiq Mohammed
66584092667,Aisha Okorie
12379660474,Ibrahim Bello
49129599436,Aisha Okorie
77658108845,Aisha Adebayo
34689452759,Oluwatobi Adebayo
23136998862,Aisha Balogun
94407848937,Aisha Bello
96290903527,Sadiq Bello
75897849251,Blessing Okorie
40588174425,Ibrahim Abdullahi
01329797701,Ibrahim Balogun
16920075516,Samuel Bello
91859026755,Oluwatobi Okafor
78029794827,Aisha Mohammed
63208178250,Blessing Okafor
37669895915,Sadiq Bello
19454815371,Aisha Okorie
12056704366,Ibrahim Mohammed
03941859354,Chinedu Okorie
51361780363,Chinedu Mohammed
17947359333,Sadiq Adebayo
44829515503,Sadiq Bello
03435811424,Blessing Adebayo
23754280416,Blessing Adebayo
23131035996,James Abdullahi
11798076127,Oluwatobi Okafor
71826863471,Samuel Bello
99234815487,Ibrahim Balogun
38549704253,Blessing Abdullahi
61244726488,Chinedu Balogun
45482024927,Oluwatobi Mohammed
72765621797,James Okafor
12724529959,Oluwatobi Mohammed
91481649744,Sadiq Abdullahi
44665984364,Oluwatobi Okorie
54047746862,Blessing Mohammed
63497470533,Oluwatobi Okorie
16052086732,Aisha Mohammed
63605696727,Samuel Balogun
53600026660,Ibrahim Bello
60557642070,Oluwatobi Okorie
64365648552,Blessing Okafor
73702731601,Aisha Adebayo
53384295193,Oluwatobi Bello
14509828562,Chinedu Balogun
59850494897,Oluwatobi Abdullahi
65496516488,Aisha Adebayo
92700665583,Aisha Mohammed
28034657061,Oluwatobi Okafor
40690595434,Samuel Okafor
90807442716,Samuel Okorie
44091157406,James Okafor
56702351244,Blessing Okorie
32468449746,Samuel Mohammed
06321508476,James Okorie
04091708043,Blessing Abdullahi
29731699236,James Mohammed
87316805015,Samuel Balogun
33915250835,James Mohammed
10210015315,Sadiq Balogun
93094865831,Aisha Okorie
73631117120,Ibrahim Okafor
33225060736,Samuel Balogun
45231035590,Chinedu Bello
30699939200,Chinedu Adebayo
44301765454,Blessing Balogun
07194130061,Samuel Balogun
36627299273,Sadiq Abdullahi
40231465446,Chinedu Mohammed
95116241183,Blessing Abdullahi
18158250264,James Balogun
28322093390,James Mohammed
22109329074,Sadiq Adebayo
92060265964,Sadiq Bello
53139304647,James Okafor
22343023639,Aisha Abdullahi
60314502839,Aisha Balogun
02006755346,Aisha Adebayo
40853641003,Sadiq Bello
09766240980,Ibrahim Okafor
35509342788,Ibrahim Okafor
97381625568,Blessing Okafor
01105299284,Chinedu Abdullahi
03814031379,Ibrahim Balogun
75123602246,Aisha Bello
18541391721,Sadiq Okafor
64624921169,Chinedu Okafor
49641541019,Blessing Mohammed
86288817958,Blessing Bello
12491863738,Blessing Abdullahi
47770647816,Chinedu Okafor
32502229929,Ibrahim Okafor
24617150560,Blessing Okorie
57332821148,Blessing Okorie
82826741092,Sadiq Balogun
49256774605,Ibrahim Mohammed
11737266168,James Abdullahi
91234513292,James Adebayo
71372132297,Oluwatobi Bello
26485340568,Ibrahim Bello
99015061836,Sadiq Okafor
42828972691,Chinedu Okorie
86250648313,Ibrahim Mohammed
41986784188,Ibrahim Abdullahi
43727547044,Aisha Bello
77664211883,Aisha Okorie
39472243860,Oluwatobi Okafor
63951310685,James Okafor
64844703371,Blessing Abdullahi
74977886658,Aisha Abdullahi
81173523737,Chinedu Balogun
34654859391,Samuel Adebayo
05814119090,Ibrahim Mohammed
34633267089,Blessing Abdullahi
04498841170,Blessing Mohammed
41600774337,Ibrahim Bello
09211253883,Samuel Okorie
71555858813,Blessing Mohammed
25521136320,Oluwatobi Abdullahi
38836256004,Oluwatobi Adebayo
52627865271,Sadiq Abdullahi
07482387477,Sadiq Okafor
15349468727,Chinedu Bello
94182278248,Sadiq Okorie
71461691546,Chinedu Abdullahi
17917621636,Sadiq Mohammed
34205003468,Ibrahim Mohammed
07670873006,Samuel Adebayo
34381551018,Ibrahim Balogun
94080929781,Samuel Abdullahi
72463717082,Sadiq Adebayo
62229932699,Sadiq Abdullahi
50000754917,Blessing Balogun
70469353651,Aisha Abdullahi
33180938285,Blessing Mohammed
28033015295,Aisha Okorie
30189185524,Aisha Balogun
62765990099,Blessing Adebayo
32749821675,Chinedu Okafor
03695067618,Blessing Abdullahi
27958355005,James Okorie
89528859489,Samuel Bello
80350919827,Ibrahim Okorie
10033964782,Samuel Mohammed
56355314082,Blessing Abdullahi
58734964627,Oluwatobi Abdullahi
63411280341,James Mohammed
05602537064,Blessing Bello
94701217822,Ibrahim Bello
53066595276,Samuel Abdullahi
99653033838,Sadiq Adebayo
89353492236,Chinedu Bello
25700194473,James Adebayo
14186875278,Sadiq Bello
68412080375,Sadiq Abdullahi
07280415748,Ibrahim Bello
15211488268,Ibrahim Okafor
40394758791,Oluwatobi Bello
29183806191,Sadiq Okorie
51046203226,Samuel Abdullahi
87095340952,Ibrahim Mohammed
25581021440,Chinedu Mohammed
68832597055,James Balogun
64916752513,Oluwatobi Bello
33911566937,Oluwatobi Bello
65664247740,Samuel Bello
21417516063,Chinedu Abdullahi
50444878347,Blessing Balogun
92457859038,Blessing Okafor
86345265814,James Okafor
86258282249,Oluwatobi Okorie
32955455524,Oluwatobi Balogun
90643425222,Chinedu Balogun
42889692576,Samuel Okafor
74464533248,Blessing Okorie
45434835607,Chinedu Bello
87270948771,Sadiq Balogun
40124246424,James Bello
23387276893,Blessing Abdullahi
07393149241,Aisha Bello
67552679295,Samuel Mohammed
15346602614,Samuel Balogun
14860839634,Oluwatobi Mohammed
30165673177,Oluwatobi Okorie
26783454604,Chinedu Mohammed
06208158109,Sadiq Okorie
55470437855,Chinedu Adebayo
04163225092,Sadiq Bello
67627975983,James Adebayo
55522774773,Sadiq Adebayo
60482293836,James Mohammed
12277760321,Samuel Okafor
32609050238,James Okafor
67541887545,Samuel Okafor
17904892526,Samuel Balogun
32968012658,Sadiq Okafor
42021911903,Ibrahim Balogun
52504593392,Ibrahim Okafor
71895968474,Samuel Abdullahi
86773477290,Ibrahim Bello
23934311498,Ibrahim Abdullahi
12389853760,Samuel Adebayo
44699285294,Ibrahim Okafor
52596930571,Samuel Abdullahi
62281510423,Ibrahim Okorie
84641566846,James Adebayo
08934357814,Oluwatobi Bello
19117617148,Sadiq Balogun
15846315535,Oluwatobi Mohammed
23700293909,Ibrahim Okorie
00868973754,Oluwatobi Okorie
74438753840,Sadiq Balogun
89780522009,Samuel Adebayo
27327754613,Blessing Mohammed
52578328149,James Mohammed
05333315849,Ibrahim Mohammed
95493831712,Sadiq Mohammed
04360732156,Blessing Okafor
14412462794,Oluwatobi Abdullahi
01993937016,Blessing Mohammed
35171060447,Oluwatobi Bello
07072052067,Oluwatobi Bello
99498906891,Samuel Balogun
17661526769,Oluwatobi Balogun
66383566800,Ibrahim Bello
31118452383,Aisha Bello
91932145184,Sadiq Mohammed
99531561291,Sadiq Adebayo
22152393636,Samuel Okorie
80338305024,Chinedu Okafor
54772108761,Oluwatobi Mohammed
79225246569,Oluwatobi Okafor
58369231819,Blessing Adebayo
06074406125,Oluwatobi Bello
47218494604,Samuel Adebayo
09130880126,Oluwatobi Bello
48160144604,Blessing Abdullahi
11762298852,Blessing Abdullahi
66368485035,Sadiq Adebayo
03066298345,Ibrahim Adebayo
72412508427,Blessing Okafor
20318901712,Blessing Okorie
46088607175,Chinedu Okafor
10912822254,Oluwatobi Adebayo
63440675736,Aisha Adebayo
87107916292,Samuel Okafor
41870749056,Blessing Okafor
00879427181,Oluwatobi Okorie
55167885282,Samuel Okafor
33874233931,Samuel Bello
25445817306,Chinedu Abdullahi
55405163035,Oluwatobi Okorie
93324939050,Sadiq Mohammed
03966811517,Ibrahim Adebayo
67140293498,Aisha Mohammed
73361957014,Blessing Abdullahi
80691576280,Ibrahim Mohammed
21638257625,Sadiq Balogun
56704566127,Chinedu Abdullahi
24852652181,Blessing Okorie
48472858149,James Okafor
35263949668,Chinedu Balogun
87675416381,Blessing Abdullahi
48044290910,Aisha Okafor
75069049258,Sadiq Bello
26573675979,Blessing Bello
67871218381,Sadiq Bello
51211313837,James Okorie
65963518243,Ibrahim Abdullahi
45297140484,Oluwatobi Okorie
41175471195,Chinedu Mohammed
01503240577,Aisha Mohammed
35915898108,Ibrahim Abdullahi
54512671410,Samuel Okafor
27537865415,Chinedu Bello
14157484983,Aisha Balogun
39631521380,Ibrahim Okorie
19262383603,Oluwatobi Abdullahi
78556781027,Blessing Adebayo
26515478757,Chinedu Okorie
73149831983,Ibrahim Okorie
40788825046,Ibrahim Abdullahi
22892696338,Sadiq Adebayo
25829262635,Samuel Abdullahi
11620697940,Oluwatobi Okorie
81719638643,Oluwatobi Mohammed
25937472707,Samuel Okafor
13271604362,Blessing Adebayo
15601207928,Aisha Okorie
53323675607,Oluwatobi Okorie
80810088685,Samuel Okorie
35340442330,Oluwatobi Mohammed
09033295429,Oluwatobi Okorie
31863544203,Samuel Adebayo
12486146695,Oluwatobi Okafor
55617113712,Samuel Okafor
86771176189,Aisha Okafor
94407682900,Blessing Bello
67323709847,Chinedu Mohammed
41846004759,Aisha Okorie
75975615194,Sadiq Okafor
16152060641,Oluwatobi Bello
07163402225,Ibrahim Abdullahi
36396331067,Sadiq Okorie
21019759339,Chinedu Balogun
71177875066,Samuel Okafor
46428961615,Sadiq Okorie
08204904938,Blessing Mohammed
36112311480,Sadiq Abdullahi
07245254055,James Bello
90361021663,Samuel Abdullahi
96332754362,Ibrahim Balogun
89796089499,Aisha Abdullahi
66798665244,Chinedu Bello
89856835989,James Okafor
89175409365,Aisha Abdullahi
78032963208,James Abdullahi
89792803161,James Mohammed
20602046092,Ibrahim Bello
41783333527,Ibrahim Adebayo
50972098377,Blessing Abdullahi
12787017985,Blessing Adebayo
92684940642,Oluwatobi Mohammed
87820442618,Sadiq Okorie
02106823991,James Balogun
08080935063,Aisha Okorie
82201543823,Aisha Balogun
92396412342,Chinedu Okafor
58575679448,Ibrahim Bello
58085862144,James Adebayo
02466138575,Aisha Balogun
82938203570,Oluwatobi Abdullahi
46730724012,Samuel Okafor
81563772975,Ibrahim Okafor
35921839798,Ibrahim Adebayo
73629522907,Ibrahim Okorie
48517670198,Aisha Okafor
39740167874,Ibrahim Okafor
95908006767,Ibrahim Okorie
36133524288,Ibrahim Bello
74391215069,Ibrahim Balogun
84385845243,James Bello
37613839100,Oluwatobi Okorie
55862282958,Sadiq Okafor
21420780411,James Mohammed
67166034096,Oluwatobi Abdullahi
24585270448,Ibrahim Okafor
63965409157,Sadiq Okorie
55635513725,Aisha Okafor
48311714448,Blessing Mohammed
61355502603,Oluwatobi Bello
71984430319,Ibrahim Okorie
78545145288,Chinedu Abdullahi
11042002078,Oluwatobi Mohammed
80906269910,James Mohammed
35649676447,Aisha Okorie
44725153767,Blessing Mohammed
11746286018,James Mohammed
86991428580,Chinedu Mohammed
44305699085,Blessing Adebayo
82555205145,Aisha Mohammed
83398677734,Ibrahim Mohammed
95184133672,Blessing Okorie
21306641151,Aisha Mohammed
23248050762,Samuel Okorie
68110157483,Chinedu Balogun
82410027256,Chinedu Bello
81829151477,Ibrahim Okafor
78566341611,James Abdullahi
62906385747,James Abdullahi
71443215236,Chinedu Okafor
71887953185,Chinedu Balogun
10513298076,Oluwatobi Balogun
34671690986,Aisha Abdullahi
80732750255,Chinedu Okafor
69303116404,Sadiq Balogun
84713952097,Sadiq Abdullahi
56833231408,Samuel Adebayo
36314759309,Sadiq Bello
99118722301,Sadiq Okafor
22848448053,Oluwatobi Mohammed
58828442135,James Mohammed
96463831391,Ibrahim Abdullahi
70873459295,Ibrahim Okorie
40696451466,Ibrahim Okafor
75837977244,James Adebayo
14090504421,Ibrahim Mohammed
52429242205,James Balogun
93374081051,James Bello
65260347254,Samuel Balogun
84400278248,Aisha Adebayo
87582661622,Blessing Bello
60302625836,Ibrahim Okafor
35660393941,Blessing Okafor
01068915112,Ibrahim Adebayo
19327737004,Aisha Adebayo
23065413757,Chinedu Abdullahi
08074141636,Blessing Mohammed
18005605285,Blessing Balogun
08537154276,Samuel Okafor
95989744364,Ibrahim Okorie
17712715849,James Adebayo
43120906267,Ibrahim Okafor
46382766517,Blessing Okafor
04082822390,Blessing Abdullahi
29436163110,Blessing Balogun
52038847526,Aisha Okafor
43333261312,Blessing Okorie
15848349188,Sadiq Abdullahi
81476661718,Oluwatobi Balogun
13935937302,Sadiq Bello
70492319079,Oluwatobi Bello
32435503926,Oluwatobi Okafor
01180560992,Samuel Bello
01613703629,Oluwatobi Okorie
83170769202,Blessing Balogun
10029848531,James Adebayo
68451454411,Sadiq Okorie
67731738685,Blessing Okafor
55543318461,Chinedu Okafor
00958990088,Samuel Okafor
94391899467,James Bello
94306835855,Samuel Okafor
28205077420,Oluwatobi Bello
09727857746,James Abdullahi
62810318692,Blessing Okafor
71265936198,Samuel Mohammed
31218278603,Oluwatobi Bello
50844852202,Oluwatobi Bello
59885291650,Sadiq Abdullahi
24694551500,Blessing Bello
45306950486,Oluwatobi Abdullahi
07896900910,Chinedu Abdullahi
42061995519,Sadiq Okorie
36982476536,Aisha Okorie
64532426275,Chinedu Abdullahi
28503559369,Aisha Bello
84283634994,Aisha Abdullahi
06608792675,Aisha Balogun
15936424369,Oluwatobi Okorie
95140400281,Aisha Mohammed
43302271317,Oluwatobi Okorie
34634060724,Samuel Balogun
94123393442,Samuel Balogun
86534008071,Samuel Balogun
38105131240,James Balogun
94652615267,Aisha Abdullahi
96491490229,Samuel Bello
67147630056,Samuel Mohammed
91873287512,Ibrahim Mohammed
17476848054,Sadiq Balogun
09067542795,Samuel Mohammed
21605935340,Ibrahim Okorie
93515353844,Sadiq Okorie
06484511270,Samuel Okorie
67364177148,Aisha Bello
43242461483,Blessing Abdullahi
93214947957,Ibrahim Abdullahi
28762440975,Samuel Okafor
20079418511,Chinedu Okafor
92710002026,Chinedu Adebayo
88596793782,Blessing Mohammed
92776742270,James Abdullahi
28218019578,Sadiq Mohammed
98003113483,Chinedu Balogun
88512125450,Chinedu Okafor
28753753749,Ibrahim Adebayo
34424744775,Blessing Okafor
53390343518,Oluwatobi Mohammed
50421392768,Blessing Okafor
62364268385,Ibrahim Mohammed
32064333349,Chinedu Abdullahi
80196261831,Samuel Mohammed
64546782524,Blessing Abdullahi
30749754588,Blessing Okafor
21072160227,Blessing Okorie
60070415604,Aisha Okorie
69522063028,James Okorie
47335591579,Samuel Abdullahi
28222297214,Sadiq Bello
81118563435,James Abdullahi
01216575415,Oluwatobi Okorie
03394228861,Samuel Okorie
60522903569,Aisha Abdullahi
92406970759,Chinedu Okafor
91191873309,Blessing Adebayo
61773643783,James Balogun
95542031265,Oluwatobi Bello
17350429946,Ibrahim Adebayo
85220998802,Oluwatobi Adebayo
79568885863,Ibrahim Okorie
82387325353,Aisha Adebayo
58709140937,Ibrahim Mohammed
13906623746,Sadiq Bello
32665316193,Blessing Okorie
80454378745,Blessing Adebayo
97779194649,Aisha Bello
01821896843,Sadiq Abdullahi
65459709677,Chinedu Abdullahi
08067128382,Ibrahim Abdullahi
69887036564,Ibrahim Balogun
57297361741,Oluwatobi Mohammed
15573813067,Blessing Abdullahi
93196181351,Samuel Adebayo
97876411934,Sadiq Mohammed
95405950733,Aisha Mohammed
67855732862,James Okafor
87101481981,Chinedu Adebayo
64148170909,Ibrahim Bello
98884568972,James Mohammed
61533541270,James Bello
16998218952,James Adebayo
01581515846,James Balogun
84422201500,Blessing Adebayo
59897255625,Oluwatobi Okorie
88607609209,Chinedu Bello
85600590724,Chinedu Okorie
83400511307,Aisha Abdullahi
88266633848,Sadiq Okafor
23520890039,Blessing Okafor
85880137000,Oluwatobi Balogun
25860916585,Aisha Mohammed
32774636268,Chinedu Bello
05655236874,Oluwatobi Mohammed
08758560570,Blessing Okafor
35491198844,Chinedu Mohammed
76620742454,Aisha Abdullahi
83579504454,Chinedu Abdullahi
24150720285,Samuel Okorie
80757587338,Blessing Mohammed
24160669465,Aisha Adebayo
30527183194,Ibrahim Balogun
77410857190,Aisha Okafor
56160500202,Chinedu Mohammed
80806563175,Aisha Abdullahi
41290094331,Aisha Bello
33416073162,Samuel Balogun
94335648188,Blessing Balogun
89067799461,Samuel Abdullahi
05630322046,Oluwatobi Bello
17249408247,James Adebayo
54622552595,Samuel Adebayo
28234619511,Ibrahim Abdullahi
21810097188,Aisha Okorie
11055362368,Samuel Adebayo
48823619592,Chinedu Mohammed
30302084290,Chinedu Abdullahi
85236641529,Aisha Okorie
07969426925,Oluwatobi Balogun
34447243775,Blessing Balogun
97267417878,James Abdullahi
55215098564,Chinedu Bello
15447955592,Blessing Okafor
16921226882,James Okorie
36608277036,Oluwatobi Okorie
15986341812,Blessing Abdullahi
09852404160,Sadiq Balogun
80636352801,Blessing Mohammed
84518519607,Blessing Okorie
49043151105,Samuel Okafor
05737822657,James Mohammed
57523540013,Ibrahim Adebayo
34776338696,Samuel Abdullahi
15963912282,Blessing Bello
18322641482,Oluwatobi Okafor
37512130851,Samuel Balogun
68828432934,Ibrahim Balogun
05205356665,Chinedu Abdullahi
21359409176,Samuel Balogun
68714004809,James Okafor
63178149294,Aisha Okorie
15600529821,James Bello
84114234389,Chinedu Balogun
42498210315,Ibrahim Adebayo
76236938253,James Bello
32735563749,Blessing Adebayo
28456621180,Chinedu Bello
75443496353,Ibrahim Okorie
20664562052,Oluwatobi Abdullahi
97006234302,Chinedu Balogun
34325873698,Aisha Balogun
41505152403,Oluwatobi Bello
52853859914,Blessing Adebayo
49763300119,Sadiq Balogun
33168348709,Sadiq Balogun
52427021277,James Bello
18475061384,Chinedu Abdullahi
09485290422,Blessing Bello
94270282202,Sadiq Mohammed
08060343271,James Mohammed
22168174829,Blessing Mohammed
36958484874,Aisha Adebayo
84061392875,Oluwatobi Adebayo
92435029940,James Adebayo
74971999370,Oluwatobi Okafor
37621421103,Aisha Okorie
40415149177,Aisha Bello
20738008945,Sadiq Adebayo
67574366780,Chinedu Mohammed
49315034450,Sadiq Adebayo
08048156892,Chinedu Adebayo
49003545479,Oluwatobi Okafor
61049204639,Blessing Mohammed
74325427876,Ibrahim Balogun
08278706060,Oluwatobi Okafor
66198392429,Blessing Mohammed
34208221707,Chinedu Okafor
13956996260,Oluwatobi Okorie
71840322318,Samuel Okafor
27737089601,Oluwatobi Balogun
34659470519,Aisha Okafor
36982601489,Samuel Adebayo
25709057503,Sadiq Adebayo
44414002449,Sadiq Okafor
70922909440,Ibrahim Okafor
55386005850,Chinedu Mohammed
41349950466,Oluwatobi Okorie
96892468633,Oluwatobi Mohammed
30361316992,Chinedu Mohammed
84568256655,Samuel Mohammed
57119376890,Samuel Okorie
20018512089,Oluwatobi Adebayo
30766571610,Sadiq Balogun
77228194960,Oluwatobi Balogun
07011506558,Chinedu Balogun
67149660185,Aisha Abdullahi
26415607490,Sadiq Bello
96789332769,Ibrahim Okorie
42388952790,James Okafor
65526891827,Oluwatobi Abdullahi
96231259989,Samuel Adebayo
11936073095,James Adebayo
07826084008,Ibrahim Adebayo
52101629134,Blessing Adebayo
48431998468,Sadiq Okorie
17903825540,James Balogun
05575084808,James Okorie
76190309321,Samuel Balogun
39424452472,Oluwatobi Balogun
40148245430,Samuel Abdullahi
43785426320,Sadiq Balogun
50052978932,Oluwatobi Abdullahi
72098544022,Sadiq Adebayo
98713957510,Oluwatobi Okafor
39847238662,Ibrahim Balogun
03648601452,James Okorie
72992945992,Aisha Abdullahi
99068156219,Blessing Bello
20595005365,Ibrahim Bello
52170155148,Ibrahim Balogun
81307336219,Blessing Okorie
33700337266,Samuel Adebayo
84311907792,Samuel Abdullahi
77279475110,Aisha Okorie
88148887523,Blessing Balogun
87309093634,Chinedu Bello
31868274875,Samuel Mohammed
31121535958,Sadiq Abdullahi
22257232906,Chinedu Mohammed
11522636713,Blessing Okorie
99563396091,Ibrahim Balogun
23103854325,James Mohammed
10402746968,Aisha Mohammed
88896911281,Ibrahim Okorie
57734456084,Samuel Okorie
27311036217,Aisha Balogun
00358024992,Samuel Okafor
28701576325,Sadiq Abdullahi
69061499223,Aisha Okafor
81925953355,Blessing Okafor
56392399514,Chinedu Adebayo
57211844222,Samuel Okorie
71881334994,Ibrahim Bello
86373582306,Samuel Okorie
93874206293,Chinedu Abdullahi
42036797616,Chinedu Adebayo
46163396651,Aisha Mohammed
21395381089,Samuel Okafor
32189290720,Chinedu Okafor
89302414191,Sadiq Okorie
05919347045,James Okafor
14557160725,James Okafor
12186620796,Blessing Balogun
85025046771,James Adebayo
19302496190,Sadiq Adebayo
15919517621,Samuel Bello
79994977341,Oluwatobi Mohammed
05340054163,Sadiq Adebayo
75241398867,Aisha Adebayo
55531317219,Ibrahim Balogun
02025383332,Ibrahim Okorie
78745965549,Aisha Adebayo
78520337413,Ibrahim Balogun
59390620690,Sadiq Abdullahi
11443460207,Sadiq Mohammed
15123064114,Chinedu Okafor
06891336543,Samuel Bello
29032550808,Aisha Mohammed
34561362110,Blessing Abdullahi
50947533581,Chinedu Balogun
99380151577,Aisha Mohammed
13462688680,Ibrahim Mohammed
61057570923,James Adebayo
04478217634,Blessing Okorie
22284128013,James Adebayo
84968511022,Aisha Okorie
12859668005,James Okafor
74481082931,Samuel Okorie
19903053461,Aisha Bello
60023506377,James Mohammed
81282899595,Chinedu Okorie
99197032078,Aisha Balogun
21864390251,Ibrahim Balogun
77775548621,James Abdullahi
69988045537,Sadiq Balogun
11545113971,Sadiq Abdullahi
51408400507,Chinedu Balogun
28636389197,Ibrahim Balogun
10000920899,Aisha Okorie
17717572920,Chinedu Bello
83077416758,Chinedu Adebayo
66920712747,Ibrahim Okorie
10561299520,James Abdullahi
67808908938,Blessing Adebayo
99840686486,Aisha Adebayo
92201615922,Sadiq Balogun
73240407549,Oluwatobi Abdullahi
46142776857,Aisha Bello
60330818559,Chinedu Abdullahi
53503327663,Aisha Abdullahi
86450585448,Ibrahim Mohammed
98640053027,Ibrahim Okorie
91995060463,Samuel Balogun
91218155706,Oluwatobi Mohammed
27476186420,James Abdullahi
63955280595,Aisha Adebayo
05631076964,Oluwatobi Mohammed
44977996651,Ibrahim Balogun
43080046123,James Mohammed
48737851887,Blessing Abdullahi
70864497697,Ibrahim Abdullahi
05741196119,James Abdullahi
09940384125,Oluwatobi Bello
17820829407,Sadiq Mohammed
99601910687,Chinedu Okafor
82073941038,Chinedu Mohammed
62633944552,Blessing Bello
64175241196,Sadiq Abdullahi
98152206400,James Okafor
04043876262,Blessing Bello
85525717433,Sadiq Abdullahi
57595787792,Sadiq Bello
72432572653,Ibrahim Abdullahi
46086499095,Oluwatobi Adebayo
11603718719,James Okafor
47251832346,Blessing Mohammed
08562412861,Blessing Bello
04627528711,Samuel Abdullahi
70178140618,Ibrahim Balogun
40606563541,Sadiq Bello
07602791383,James Adebayo
89557947316,Aisha Balogun
51018216711,Ibrahim Mohammed
33005230677,Ibrahim Okafor
40363810520,Oluwatobi Abdullahi
95286704116,Sadiq Bello
75206362808,Samuel Bello
50498307874,Chinedu Okorie
27661146060,Chinedu Mohammed
66397671697,Sadiq Okafor
95448021757,Oluwatobi Okafor
89276353301,Oluwatobi Adebayo
08262815126,Sadiq Adebayo
34612241873,Blessing Abdullahi
91499324488,Ibrahim Okafor
87987066552,Blessing Balogun
04409266201,Aisha Bello
80105281740,Oluwatobi Abdullahi
12237042328,Oluwatobi Adebayo
77161852721,Oluwatobi Adebayo
17474665715,Samuel Adebayo
54351731811,Sadiq Abdullahi
65085692821,Aisha Balogun
66737745975,Ibrahim Okorie
90381990958,Blessing Okafor
78761481741,Oluwatobi Mohammed
51574054182,Chinedu Okafor
80158863206,James Bello
59212938013,Samuel Adebayo
98432135420,Oluwatobi Mohammed
91047126116,Blessing Abdullahi
89428859897,Blessing Mohammed
01199152867,Sadiq Balogun
07446353484,Blessing Bello
22279601420,Chinedu Bello
71283308100,Samuel Bello
17292242969,Chinedu Balogun
03570721771,Ibrahim Mohammed
64029204435,Ibrahim Okafor
65401447814,Aisha Balogun
90105314152,Sadiq Abdullahi
63080613154,Aisha Okafor
40214944437,Samuel Adebayo
99017648519,Sadiq Adebayo
83514129832,Chinedu Okafor
69360525468,Aisha Balogun
45595811790,Oluwatobi Bello
51245793819,James Adebayo
78073797378,Sadiq Adebayo
07971359515,Samuel Okorie
06496069372,Oluwatobi Abdullahi
47494336583,Ibrahim Bello
12086457530,Oluwatobi Okafor
38272004908,Oluwatobi Okorie
03123438403,Blessing Balogun
38983858110,Chinedu Okorie
48931408748,Blessing Okafor
97625200069,Ibrahim Okafor
47230517428,Oluwatobi Balogun
00071334002,Chinedu Okafor
52216056004,Samuel Balogun
85962443863,Aisha Mohammed
84099814849,Chinedu Okafor
23933792085,Chinedu Adebayo
55798344799,Aisha Bello
24350947460,Sadiq Balogun
62764449069,Blessing Adebayo
29613426823,Blessing Balogun
28573969050,Sadiq Adebayo
22544385810,Ibrahim Balogun
50653841386,Aisha Mohammed
72767677692,Oluwatobi Okafor
31397154852,James Abdullahi
38336577029,Samuel Okafor
61661656351,Aisha Mohammed
74065927760,Samuel Okorie
50830809813,Sadiq Balogun
07655610113,Chinedu Mohammed
36783886809,Sadiq Mohammed
51989719174,Blessing Mohammed
92497307509,Blessing Okorie
05732062539,James Bello
60927850922,Blessing Bello
21867509383,Aisha Adebayo
71445050310,Sadiq Adebayo
93536565577,James Adebayo
02926448809,Oluwatobi Okorie
29620591541,James Bello
08275421195,Ibrahim Bello
56733283955,Oluwatobi Mohammed
70180952303,James Okorie
19667016643,James Mohammed
69349057119,Oluwatobi Balogun
18618160151,Chinedu Abdullahi
21699176004,Chinedu Balogun
66198562647,Sadiq Bello
76358090449,Samuel Balogun
63184029160,Aisha Mohammed
96885086094,Ibrahim Balogun
01386808034,Chinedu Okafor
36405835529,Ibrahim Mohammed
56920760741,Oluwatobi Okafor
96674367073,Ibrahim Bello
05636800202,Sadiq Bello
16016453434,James Balogun
76942332309,Aisha Mohammed
64758424443,Chinedu Adebayo
65513592869,Blessing Balogun
52482295809,Oluwatobi Bello
62973230610,Ibrahim Adebayo
03798186289,Ibrahim Bello
59178643135,Ibrahim Okorie
28372117680,Oluwatobi Balogun
26543402577,Aisha Abdullahi
71701506682,Ibrahim Okafor
12526831540,Blessing Abdullahi
70046035132,Aisha Balogun
84986280240,Samuel Okorie
96479322494,Aisha Adebayo
40002239197,Ibrahim Okorie
45058854188,James Balogun
96704965214,Samuel Mohammed
63046378614,Aisha Adebayo
30153747519,James Abdullahi
66777395452,James Bello
68927067851,Samuel Okorie
37524767705,James Balogun
32374209804,Ibrahim Abdullahi
11181923526,Blessing Bello
35904717245,Chinedu Balogun
21461890304,Blessing Okorie
17731551000,Chinedu Okafor
81596142922,James Bello
86822530614,Samuel Okorie
38386270659,Oluwatobi Bello
62929851545,James Bello
46771340951,James Abdullahi
75691292384,Samuel Mohammed
56804029401,Chinedu Mohammed
01402745387,Samuel Bello
43596822169,Aisha Adebayo
73040951716,Ibrahim Abdullahi
80467118313,Aisha Mohammed
86370107745,Aisha Bello
53032890961,Oluwatobi Adebayo
10753459425,Sadiq Bello
26762126220,Oluwatobi Bello
64939268086,James Balogun
53010965467,Blessing Adebayo
65651081298,Samuel Mohammed
94577712006,Aisha Balogun
21181370505,Ibrahim Okafor
84751518129,Aisha Abdullahi
15307672004,Chinedu Adebayo
30709547564,Ibrahim Adebayo
27739322647,Sadiq Mohammed
97719460664,Oluwatobi Okafor
75419586319,Oluwatobi Okafor
26403271110,Aisha Adebayo
38785063524,Chinedu Mohammed
09192606190,Blessing Adebayo
65874464788,Oluwatobi Okafor
29074004305,Ibrahim Bello
96227497016,Ibrahim Okorie
91913705742,Oluwatobi Okorie
26284220860,Samuel Balogun
37558182794,Oluwatobi Okorie
46157828723,Oluwatobi Bello
99459923224,Sadiq Mohammed
10888810815,Blessing Abdullahi
70348568591,Samuel Bello
55022046643,Blessing Okorie
16507143542,Blessing Adebayo
16365346289,Chinedu Okorie
95163307354,Chinedu Okafor
23611498541,James Abdullahi
53769453307,Sadiq Balogun
80284431929,Oluwatobi Balogun
65222309111,Blessing Okorie
33880311604,Blessing Balogun
42589553860,Blessing Bello
67281676604,Sadiq Balogun
38215958409,Oluwatobi Balogun
64042383758,Ibrahim Abdullahi
94890635388,Samuel Adebayo
44207283523,Oluwatobi Balogun
98639336450,Ibrahim Okafor
56213605923,Aisha Mohammed
39311745472,James Balogun
12373909731,Chinedu Bello
90946579562,Sadiq Okorie
01024184881,James Okafor
21553788159,Chinedu Mohammed
93649871202,James Bello
65154889476,Ibrahim Abdullahi
96420008943,Samuel Okorie
95186286895,Sadiq Mohammed
50784710873,Aisha Bello
47634497666,James Bello
31214244002,Samuel Okorie
67216944068,Samuel Abdullahi
16276845740,Blessing Adebayo
99816035724,Blessing Adebayo
45170448444,Blessing Abdullahi
34491968288,Sadiq Balogun
12860801307,Blessing Mohammed
97814931014,Oluwatobi Balogun
86328159602,Sadiq Abdullahi
32371626915,Aisha Adebayo
58159376001,Ibrahim Balogun
15899730365,James Okorie
94461395982,Sadiq Abdullahi
00811176118,Chinedu Bello
22994610457,Samuel Bello
40253795029,Samuel Okafor
51426036260,Oluwatobi Bello
11881306130,James Balogun
30283231043,Sadiq Mohammed
43102503871,Sadiq Bello
33281160425,Ibrahim Balogun
67646481588,Samuel Adebayo
01287739696,Blessing Adebayo
57705491581,Blessing Okafor
28704180366,Samuel Bello
22706864704,Samuel Adebayo
91169742704,Ibrahim Abdullahi
02418159734,Chinedu Bello
17607832718,Samuel Adebayo
26827181879,Aisha Abdullahi
23597629950,Aisha Okafor
37593681668,Aisha Bello
87050748592,Oluwatobi Adebayo
59305027338,Samuel Mohammed
22307171528,Sadiq Balogun
83671356129,Oluwatobi Bello
83717556498,Aisha Abdullahi
88261274761,Samuel Mohammed
25210882428,Chinedu Balogun
14599688532,Ibrahim Balogun
01268660842,Sadiq Balogun
43443840034,Samuel Balogun
37007762452,James Abdullahi
92476712202,Sadiq Balogun
59408072895,Oluwatobi Balogun
53704203739,Samuel Bello
28749206883,Chinedu Balogun
87781400503,James Okafor
11625229425,Blessing Mohammed
13321099820,Ibrahim Mohammed
46203396715,Aisha Bello
16848435923,Ibrahim Balogun
08134643510,Oluwatobi Bello
82109689393,Samuel Adebayo
36941813256,Aisha Abdullahi
87523866803,Chinedu Bello
56990068896,Aisha Balogun
80541747150,James Okafor
56834132618,James Balogun
28320064416,Sadiq Abdullahi
12775256367,Sadiq Abdullahi
18018290987,Aisha Bello
29360259830,James Okafor
95446325299,Aisha Adebayo
01818276264,Ibrahim Bello
38559455800,Oluwatobi Okorie
92710759860,Ibrahim Okafor
06242045312,James Bello
02887968779,Chinedu Okafor
92628689738,Sadiq Okorie
84955256334,Chinedu Bello
99439591377,Oluwatobi Adebayo
51278828130,Oluwatobi Abdullahi
33565581164,Aisha Okorie
27403073912,Sadiq Mohammed
50944455287,Samuel Mohammed
51585804287,Chinedu Abdullahi
01098676614,Samuel Okorie
31074012972,Aisha Mohammed
60513272604,Aisha Okafor
67785083415,Samuel Balogun
61945659905,Oluwatobi Okorie
12989130326,Ibrahim Mohammed
85927261384,Aisha Mohammed
09268867139,Aisha Balogun
37312143654,Aisha Bello
77375760106,Sadiq Abdullahi
15552980711,Aisha Okafor
37399970553,James Bello
58359928380,Aisha Adebayo
08996779037,Ibrahim Okorie
46118118768,Blessing Okafor
09656863019,Aisha Okafor
75189762573,Samuel Bello
49279909891,Sadiq Adebayo
33340105127,Chinedu Balogun
57223401408,Oluwatobi Balogun
33114243167,Blessing Okafor
11314916203,Aisha Balogun
65258762833,Blessing Okorie
44287849044,James Mohammed
08148437232,Sadiq Abdullahi
89394843181,Sadiq Adebayo
49706428652,Aisha Mohammed
44281380401,Sadiq Bello
05379764859,Ibrahim Okorie
35038363358,Chinedu Abdullahi
90543330666,James Bello
38273977289,Sadiq Bello
79969121564,Oluwatobi Okorie
79107475634,Chinedu Balogun
67242754052,Ibrahim Abdullahi
23026114545,James Okafor
64179957452,Samuel Abdullahi
71521035337,Ibrahim Bello
50781896998,James Balogun
51295490455,Blessing Adebayo
13105180439,Aisha Mohammed
19812500275,Oluwatobi Balogun
07440487344,Samuel Abdullahi
85835769470,Blessing Balogun
10981541583,Chinedu Okorie
42337391818,Samuel Balogun
98738726208,Chinedu Bello
85684267764,Chinedu Okafor
99638960759,Chinedu Adebayo
19556469324,Aisha Abdullahi
67812717789,Blessing Balogun
93304847019,Chinedu Abdullahi
82719319056,James Bello
10695081497,Sadiq Okafor
78389384777,Aisha Abdullahi
13530100649,James Okorie
35709391229,James Bello
71566557316,Sadiq Okafor
32432496228,Blessing Balogun
93033639283,Oluwatobi Mohammed
11176281443,Ibrahim Mohammed
37059788584,Sadiq Balogun
39388918130,James Bello
19004504043,James Bello
92723424614,James Mohammed
91723269329,Ibrahim Abdullahi
81875257410,Samuel Bello
76994520899,Blessing Mohammed
66529816876,Aisha Adebayo
43153608958,Aisha Okafor
23514546805,Sadiq Adebayo
17701315252,Ibrahim Adebayo
22907024167,Samuel Bello
89545526830,Oluwatobi Okafor
14238558686,Blessing Abdullahi
61239192660,Ibrahim Bello
77881249903,Samuel Mohammed
16098134649,Oluwatobi Abdullahi
79576112646,Ibrahim Balogun
94286891363,Oluwatobi Okorie
53747605683,Samuel Mohammed
30449438114,Ibrahim Abdullahi
28619602491,Aisha Mohammed
71638325678,Blessing Okafor
00876265391,Samuel Bello
23966624264,Aisha Adebayo
00888223752,Oluwatobi Mohammed
00289254421,Aisha Balogun
17844819549,Sadiq Adebayo
01329035812,Ibrahim Abdullahi
38625163097,Oluwatobi Okafor
84717632138,Samuel Mohammed
98243854990,Ibrahim Balogun
26505398312,Oluwatobi Mohammed
02267191733,Chinedu Bello
15250139029,Oluwatobi Balogun
32582980953,Ibrahim Adebayo
03837041090,Sadiq Adebayo
49025812491,Oluwatobi Abdullahi
11655827160,James Balogun
84059117000,Blessing Bello
39583972671,Aisha Abdullahi
04914882480,Samuel Bello
91192107918,Chinedu Balogun
25763633004,Chinedu Abdullahi
26439844914,Samuel Okafor
26933663430,Sadiq Balogun
92126370805,Sadiq Okafor
88565875534,Sadiq Bello
55687616738,James Abdullahi
48563020119,Samuel Balogun
32848415965,Samuel Mohammed
89692983198,Ibrahim Adebayo
35208237905,Samuel Mohammed
57054238617,Aisha Okafor
39772130510,Ibrahim Mohammed
87337591884,Oluwatobi Bello
47650809304,James Okorie
67096395290,Sadiq Mohammed
75162113766,Oluwatobi Adebayo
48743216023,Samuel Abdullahi
82209943116,James Bello
04020620484,Ibrahim Okorie
66558492866,Ibrahim Okorie
38302254828,Ibrahim Mohammed
86028068607,Chinedu Okafor
19337407798,Oluwatobi Mohammed
32345161665,Samuel Okorie
45770291575,Ibrahim Okorie
37701062908,Ibrahim Okafor
02112281128,Aisha Mohammed
96792129979,Aisha Abdullahi
62801553242,Chinedu Balogun
61516661857,Sadiq Balogun
87014805356,Ibrahim Mohammed
11249585440,Oluwatobi Okafor
27530095195,Oluwatobi Balogun
71418060535,Oluwatobi Adebayo
24237162743,James Balogun
96550899911,Chinedu Adebayo
96114975474,Blessing Okafor
62311278176,Blessing Abdullahi
89589517884,Aisha Bello
31577026127,James Abdullahi
26187503712,Oluwatobi Adebayo
36054257490,Oluwatobi Mohammed
94814315340,Sadiq Abdullahi
69081835965,Blessing Okafor
93630744355,Blessing Adebayo
55322336554,Sadiq Adebayo
58027464002,Blessing Okorie
05032739417,Oluwatobi Bello
87853692601,Sadiq Balogun
66301369476,Ibrahim Balogun
80602253905,James Okorie
99166444320,Aisha Mohammed
78541612211,Sadiq Okafor
63635906766,Samuel Okafor
14491097310,James Mohammed
70771115872,Sadiq Bello
91866190698,Aisha Abdullahi
07151813192,James Okorie
56851895942,Aisha Mohammed
19837511942,Ibrahim Balogun
21046791650,Chinedu Balogun
22965756773,Aisha Okafor
81311031732,Sadiq Abdullahi
52730067563,Samuel Adebayo
00489609209,Oluwatobi Mohammed
92755947047,Aisha Balogun
82201274022,Sadiq Abdullahi
22006951601,Sadiq Abdullahi
25607274879,Sadiq Balogun
29815148170,Sadiq Bello
01455115040,Sadiq Mohammed
99609552681,Oluwatobi Balogun
15095311501,Chinedu Okafor
86341912291,James Okafor
63198822907,Chinedu Okafor
27215891407,Oluwatobi Adebayo
07229033243,Sadiq Okafor
21145994078,Samuel Balogun
91842228499,Samuel Balogun
71762483908,Sadiq Abdullahi
52636784146,Sadiq Mohammed
08624524132,Samuel Balogun
80312952700,Samuel Mohammed
69608617917,Aisha Bello
47401693084,Aisha Abdullahi
40548039589,Aisha Okafor
53338713549,James Abdullahi
27433090040,Oluwatobi Balogun
59781359331,Blessing Balogun
56349303716,Sadiq Bello
79647160719,James Balogun
82398594404,Sadiq Abdullahi
46438360268,Chinedu Adebayo
64422830430,Sadiq Abdullahi
57702901797,Chinedu Abdullahi
34363021641,Blessing Bello
78772207966,Oluwatobi Bello
16971461172,Ibrahim Abdullahi
80969977314,Oluwatobi Bello
81052704176,Samuel Mohammed
91511458555,Ibrahim Okafor
00821979998,Sadiq Okafor
80291021734,Samuel Okafor
53344627089,Blessing Adebayo
90370124000,Oluwatobi Mohammed
64907979699,Oluwatobi Mohammed
15047279594,Oluwatobi Mohammed
84115042333,Samuel Abdullahi
91721825111,Oluwatobi Adebayo
75812377253,Samuel Abdullahi
18223516506,Blessing Mohammed
97329486833,James Adebayo
16511354513,Ibrahim Bello
89207558349,Aisha Okorie
09724042891,Aisha Balogun
91672144286,Samuel Okorie
48335282880,Chinedu Mohammed
