aml_id,entity_id,entity_type,reason,risk_level,created_date
c1325f1a-c31d-4891-9de9-1ac4c514e3a5,e14cb11e-6e82-46b3-bf69-7ccc03d2be8f,Company,Payroll vs Turnover Mismatch,High,29-Jan-2026
c47edca3-95e9-4ba4-aafe-4cabef4ebe34,e14cb11e-6e82-46b3-bf69-7ccc03d2be8f,Company,Turnover per Employee Anomaly,High,29-Jan-2026
35437ed2-0d7f-4984-8123-f598a4659ffc,c03fffc7-8e33-411a-9c3a-c5edd2b6a916,Company,Payroll vs Turnover Mismatch,High,29-Jan-2026
e885b549-733e-479f-8b6f-7b17699e880c,c03fffc7-8e33-411a-9c3a-c5edd2b6a916,Company,VAT Under-Reporting,High,29-Jan-2026
5b123470-5e8f-4d2d-9174-a5f09ab59e68,8946879f-b29b-413a-ab8c-f4c4b52ac43a,Company,VAT Under-Reporting,High,29-Jan-2026
6c63342b-756e-466c-849a-81a8b79298f5,0a9f3cee-cb91-4d5c-b347-f087fd94b87b,Company,Payroll vs Turnover Mismatch,High,29-Jan-2026
2d71485c-d1c7-43e1-9b55-cde27c201bc2,0a9f3cee-cb91-4d5c-b347-f087fd94b87b,Company,Turnover per Employee Anomaly,High,29-Jan-2026
22ec9bd1-ca61-4639-aa6d-f5e45ba7d4d4,b047440f-48ed-4e3d-ba4a-de746b36de1d,Company,Payroll vs Turnover Mismatch,High,29-Jan-2026
415ee110-6278-4200-8892-2705dbd7914d,b047440f-48ed-4e3d-ba4a-de746b36de1d,Company,VAT Under-Reporting,High,29-Jan-2026
84130662-17ec-47eb-adb4-6a8150b78a71,b62e09b8-fdb4-4e26-8f57-7db49ca9aab1,Company,Payroll vs Turnover Mismatch,High,29-Jan-2026
84ff2a05-58dc-42ec-a725-4bfb2298cf6f,b62e09b8-fdb4-4e26-8f57-7db49ca9aab1,Company,VAT Under-Reporting,High,29-Jan-2026
94cf31c2-6898-4fbd-907e-b00442b87861,b62e09b8-fdb4-4e26-8f57-7db49ca9aab1,Company,Turnover per Employee Anomaly,High,29-Jan-2026
978cb052-22c5-4a16-9031-1ae8edbb93b2,cd3a5ee7-7be1-4d35-8ad6-fb1382074ef0,Company,VAT Under-Reporting,High,29-Jan-2026
653e5c46-5686-4d85-a1c3-2868763d24b9,9778181e-ca70-4c47-b6cf-f94126037421,Company,Payroll vs Turnover Mismatch,High,29-Jan-2026
4a430556-9cc4-4a8f-a2db-654d7f923bb4,9778181e-ca70-4c47-b6cf-f94126037421,Company,VAT Under-Reporting,High,29-Jan-2026
6602a5b3-d146-41ea-8223-e9501f0f3d7d,9778181e-ca70-4c47-b6cf-f94126037421,Company,Turnover per Employee Anomaly,High,29-Jan-2026
962b0d5b-a121-4516-b487-6770d891d890,bbb08d2c-58c9-4596-a3ff-94708fb9ba3e,Company,VAT Under-Reporting,High,29-Jan-2026
b30e6e03-eef4-45a6-879f-a38f5c3766d0,38f01129-51be-4bb9-b185-1d5e02b39e74,Company,VAT Under-Reporting,High,29-Jan-2026
145a22f7-e1b8-465b-bf5e-84f0d091be38,cd8553b1-e4ef-438a-a226-7118cf1c8df0,Company,VAT Under-Reporting,High,29-Jan-2026
49bd8418-a687-4bce-a8f0-5d1ff0d09695,90b1880c-db84-4cda-b4cd-f192783c5ed5,Company,Payroll vs Turnover Mismatch,High,29-Jan-2026
e49940ed-bf29-4bc9-9760-058258cb731e,90b1880c-db84-4cda-b4cd-f192783c5ed5,Company,Turnover per Employee Anomaly,High,29-Jan-2026
347b9e28-45cd-435e-a887-a354f52a6ddd,c69d8e47-c108-4727-844e-880a2cb2d600,Company,VAT Under-Reporting,High,29-Jan-2026
84daa8db-41db-4e6c-ae7f-9cf09adb9faa,323b5f3e-5132-4b87-9f14-28b18b80acbe,Company,VAT Under-Reporting,High,29-Jan-2026
74075e13-3351-4fc8-af5d-32a45189d662,03e0e44c-9614-4924-b99b-9d56aa7f3b20,Company,Payroll vs Turnover Mismatch,High,29-Jan-2026
6b0af1ef-44ed-4662-816d-0e88b04239f9,03e0e44c-9614-4924-b99b-9d56aa7f3b20,Company,VAT Under-Reporting,High,29-Jan-2026
9a72a2af-9d31-4da8-b562-75c36905a5aa,968b3cf9-d91a-4cea-a1e8-dc81b4d7cd64,Company,Payroll vs Turnover Mismatch,High,29-Jan-2026
d8eaf6ce-b068-40b9-8564-f02a725d3f4c,968b3cf9-d91a-4cea-a1e8-dc81b4d7cd64,Company,VAT Under-Reporting,High,29-Jan-2026
d96aa24a-8013-4490-93d9-347efe5331a9,3a1688f6-975d-457e-9fcf-f02cd12b6228,Company,Payroll vs Turnover Mismatch,High,29-Jan-2026
4201ba14-e072-4eec-a3e0-63bb1192ea11,3a1688f6-975d-457e-9fcf-f02cd12b6228,Company,VAT Under-Reporting,High,29-Jan-2026
be88dff1-165a-48ad-a850-304cef43a9a1,85c0d59d-add7-4e60-a8fb-84a17b97c470,Company,Payroll vs Turnover Mismatch,High,29-Jan-2026
e4729c28-7a90-400d-8397-906523f92306,85c0d59d-add7-4e60-a8fb-84a17b97c470,Company,VAT Under-Reporting,High,29-Jan-2026
91fe6146-1c86-441a-9c35-ae0390ed9059,85c0d59d-add7-4e60-a8fb-84a17b97c470,Company,Turnover per Employee Anomaly,High,29-Jan-2026
469b2243-2a9f-4576-9450-d727220570d2,7b9bb2da-8331-4b86-9f73-af753f30d428,Company,Payroll vs Turnover Mismatch,High,29-Jan-2026
5e6a2a27-7400-4848-96e6-224f3254b4b9,7b9bb2da-8331-4b86-9f73-af753f30d428,Company,VAT Under-Reporting,High,29-Jan-2026
3c794842-5d60-4951-92d6-faee4eaec4b5,e9bbdd87-eabc-4026-bd96-1355bf546b13,Company,Payroll vs Turnover Mismatch,High,29-Jan-2026
2a32d5c8-f609-449b-8310-fc60600d5cef,fc196195-8726-43a1-905a-0e54ffc32ab9,Company,VAT Under-Reporting,High,29-Jan-2026
51def390-60f6-4357-9f68-8bbed8f07ce4,1d2e611b-2653-48bd-af2d-aa76c941c890,Company,VAT Under-Reporting,High,29-Jan-2026
bba02848-541f-40d7-a900-d86938ea7846,ddce4ecb-5da6-4685-b204-da85ebe28c87,Company,VAT Under-Reporting,High,29-Jan-2026
220e4ab5-7d36-4789-be8e-8ced84b26de4,4661f9f4-8179-417e-a175-e647ce587a25,Company,Payroll vs Turnover Mismatch,High,29-Jan-2026
0173d92e-43ca-4941-baa2-1fad46334a73,4661f9f4-8179-417e-a175-e647ce587a25,Company,VAT Under-Reporting,High,29-Jan-2026
289bebc5-8df6-4a70-b836-d403c546b0f6,4661f9f4-8179-417e-a175-e647ce587a25,Company,Turnover per Employee Anomaly,High,29-Jan-2026
48d0c2e3-74c3-4e1f-8740-a4af033d9d8f,dd7c2437-32d9-4dda-a129-1cfbd5f98b54,Company,Payroll vs Turnover Mismatch,High,29-Jan-2026
f1eb14d4-35d6-4291-83bc-59a689ded065,dd7c2437-32d9-4dda-a129-1cfbd5f98b54,Company,Turnover per Employee Anomaly,High,29-Jan-2026
2eda1d7e-d328-4f8b-9bc1-1e6a66477448,49c8c8bd-42e0-4525-904c-f6f3a060b9bb,Company,Payroll vs Turnover Mismatch,High,29-Jan-2026
25e06e3c-22da-43ad-bba2-4ee396d7a90e,a7050965-0c93-41c0-876e-87fa34cccb38,Company,VAT Under-Reporting,High,29-Jan-2026
f01be57b-884c-4886-ab77-60c2470c4d86,016493a8-40aa-4d94-92b2-4a0db81d2089,Company,Payroll vs Turnover Mismatch,High,29-Jan-2026
fe27f854-691c-4a5c-a2d4-63da6b68ca3c,33d84ae2-ebdf-4c27-8f02-41e0ab82bf6e,Company,VAT Under-Reporting,High,29-Jan-2026
6adae56a-ad72-41b7-8af6-10e5a74ee9f5,53d84ab5-9149-47df-8456-3cb4a320a795,Company,Payroll vs Turnover Mismatch,High,29-Jan-2026
bbfc8b6e-8ebd-4b64-bc8a-7e3e38f3780d,53d84ab5-9149-47df-8456-3cb4a320a795,Company,VAT Under-Reporting,High,29-Jan-2026
bd824b86-6b0d-4726-93e6-1419b7d161c8,ec55c991-3dae-4a3d-a6cf-16c853b2173d,Company,Payroll vs Turnover Mismatch,High,29-Jan-2026
49db63cb-7a25-4c85-939d-df14ab5e2db1,ec55c991-3dae-4a3d-a6cf-16c853b2173d,Company,Turnover per Employee Anomaly,High,29-Jan-2026
e3e0f89c-b0a8-4664-8cac-9fc3aa890f3c,ab85cb8c-618c-4895-a84d-07eecf555a99,Company,Payroll vs Turnover Mismatch,High,29-Jan-2026
01ab77b7-310d-4db9-9314-50e89d5aec4c,ab85cb8c-618c-4895-a84d-07eecf555a99,Company,VAT Under-Reporting,High,29-Jan-2026
1e80a8f6-472d-4193-9d21-aa03b4425c73,f2318303-ea63-4fef-a900-8a7f4a81eaf6,Company,VAT Under-Reporting,High,29-Jan-2026
b1a336c3-e4ca-4715-b2eb-c43cfb360325,65074b7c-15ed-43e7-be0b-7c835fd9187f,Company,VAT Under-Reporting,High,29-Jan-2026
e5203693-ef24-4983-9145-f540afb1ad04,2c47b5a0-1665-442c-b02e-a4d0a4d13377,Company,Payroll vs Turnover Mismatch,High,29-Jan-2026
6929c907-7f10-4b8e-90d2-0bbb42a85e23,2c47b5a0-1665-442c-b02e-a4d0a4d13377,Company,Turnover per Employee Anomaly,High,29-Jan-2026
61f6a741-c0d1-462c-b181-b7ca6fcb390f,de042abe-7739-4503-a53b-55fbb0efe41f,Company,Payroll vs Turnover Mismatch,High,29-Jan-2026
5e3d8a42-1062-4363-ad7e-a90ee71f4a64,de042abe-7739-4503-a53b-55fbb0efe41f,Company,VAT Under-Reporting,High,29-Jan-2026
8d938b04-0fa6-4a09-898e-7da9ad13395a,de042abe-7739-4503-a53b-55fbb0efe41f,Company,Turnover per Employee Anomaly,High,29-Jan-2026
3e854424-0fa7-4430-90ea-6a410deb364c,ed2b2d2a-b6dc-4d4c-85ea-5184c91c7cab,Company,VAT Under-Reporting,High,29-Jan-2026
4312fcda-a1fe-434d-b6e2-79e855d92331,8b738f47-2b28-42bf-b8bc-12970bb602db,Company,Payroll vs Turnover Mismatch,High,29-Jan-2026
825a2b89-f9a4-404a-8e3d-163921273140,45836d8d-3c2e-4597-b40d-4f60a764595c,Company,VAT Under-Reporting,High,29-Jan-2026
b5a0870f-838f-450f-9d1c-0a38b0b13f29,74162113-8f1a-454b-8899-0c944842256d,Company,Payroll vs Turnover Mismatch,High,29-Jan-2026
5d53c724-4db7-4a85-878a-03f2ad4ad1ba,74162113-8f1a-454b-8899-0c944842256d,Company,VAT Under-Reporting,High,29-Jan-2026
cbf081d3-1e84-4948-8bdf-985ee34deeb6,d41e3494-8077-4bdd-8a64-e0142f77e507,Company,Payroll vs Turnover Mismatch,High,29-Jan-2026
af453d72-8463-4eb0-ad32-893045c77fa0,d41e3494-8077-4bdd-8a64-e0142f77e507,Company,VAT Under-Reporting,High,29-Jan-2026
7cc38968-846f-45b7-b13b-111275556976,d41e3494-8077-4bdd-8a64-e0142f77e507,Company,Turnover per Employee Anomaly,High,29-Jan-2026
cf25dae2-262e-4fd0-ad45-39cb4468e45a,553477fa-ebad-4587-a79e-c2fb37272eec,Company,Payroll vs Turnover Mismatch,High,29-Jan-2026
c7b1a328-265d-4259-b539-003d3b38a34b,553477fa-ebad-4587-a79e-c2fb37272eec,Company,VAT Under-Reporting,High,29-Jan-2026
10db29cb-8e13-404c-910c-06499b86e316,d0125b52-6cd9-48f2-bbfd-ae2fe9d43c4c,Company,VAT Under-Reporting,High,29-Jan-2026
26f43d2c-79e9-4144-bf34-1ea1b063f81e,d910f6f0-255e-4cd2-956d-eee99822b3c2,Company,Payroll vs Turnover Mismatch,High,29-Jan-2026
6c739278-96f9-4cce-8471-cb03f2c3ffe5,d910f6f0-255e-4cd2-956d-eee99822b3c2,Company,VAT Under-Reporting,High,29-Jan-2026
8aec05a9-75f7-474c-8597-f7d3e837d9df,d910f6f0-255e-4cd2-956d-eee99822b3c2,Company,Turnover per Employee Anomaly,High,29-Jan-2026
e7e9a26b-e040-4713-a70d-9d53e7c7603d,c58a409a-ce9c-4f0c-bf83-281122a3588d,Company,Payroll vs Turnover Mismatch,High,29-Jan-2026
3750e5f1-5680-4f84-ad9f-734864d131f2,c58a409a-ce9c-4f0c-bf83-281122a3588d,Company,Turnover per Employee Anomaly,High,29-Jan-2026
7130cd9e-348c-4fbb-92ed-cd77eee3f615,7fc06e39-8ed5-464f-98d7-3130d3cce9c5,Company,Payroll vs Turnover Mismatch,High,29-Jan-2026
46b2621d-f7c4-4bbf-abf8-131e83fca674,7fc06e39-8ed5-464f-98d7-3130d3cce9c5,Company,VAT Under-Reporting,High,29-Jan-2026
9033484f-d869-4269-8576-5728b3d341ae,eb682595-e8e2-49fe-bb2d-0f18f89fb5f4,Company,VAT Under-Reporting,High,29-Jan-2026
2a2ebe7b-dd94-4504-b4dd-5d38142add93,7f0dec2e-d790-4bbe-a775-d86af0e1b52f,Company,VAT Under-Reporting,High,29-Jan-2026
a5bb1d6f-793c-45a6-8479-14f462828d80,70ab265b-3f0e-436e-8a02-12d08323f9bb,Company,VAT Under-Reporting,High,29-Jan-2026
5d884d80-176a-4b10-8657-97a906d6dffa,b8d29d8b-944c-4450-975a-4720d3792e8b,Company,Payroll vs Turnover Mismatch,High,29-Jan-2026
21b71e29-8526-446d-81e5-9283087ab1ef,b8d29d8b-944c-4450-975a-4720d3792e8b,Company,Turnover per Employee Anomaly,High,29-Jan-2026
1f768fb4-4adb-4a4b-b1d0-b5f09e22ae03,21112a40-1181-4571-9e91-80bb98d14d77,Company,VAT Under-Reporting,High,29-Jan-2026
bb2b3e63-9bb4-4be0-9109-af835bb5bcfd,a60b16c0-800b-47da-9865-a05742a55b73,Company,Payroll vs Turnover Mismatch,High,29-Jan-2026
84d47583-9984-44b5-9451-ada976438f12,f06265c8-092d-4709-ba3a-7faca536c543,Company,VAT Under-Reporting,High,29-Jan-2026
f2f3aa03-5aad-41d2-b6bb-6860115adfb0,7c7e84e9-f11f-40f6-93a9-9450089298a6,Company,VAT Under-Reporting,High,29-Jan-2026
518f8847-cb8f-45a9-9b05-f61f184836b3,7dad7e0e-487c-4785-8f61-ec47e7870409,Company,Payroll vs Turnover Mismatch,High,29-Jan-2026
c98cf53a-b9d3-42f2-92b7-5737ba0fb984,91a59354-1459-4eee-bac7-8d09853bf451,Company,Payroll vs Turnover Mismatch,High,29-Jan-2026
b9a5ab4b-d8bd-4fe4-b488-615600802fe2,91a59354-1459-4eee-bac7-8d09853bf451,Company,VAT Under-Reporting,High,29-Jan-2026
0b8569d3-d79d-4991-8e92-400b30344e84,91a59354-1459-4eee-bac7-8d09853bf451,Company,Turnover per Employee Anomaly,High,29-Jan-2026
996e1dad-6e39-46da-9809-600d54dd236b,cb6d25c2-1f59-4f43-9542-76214cd86791,Company,VAT Under-Reporting,High,29-Jan-2026
3478987b-dcac-48ed-9f49-23940ff386b8,68d5f051-cdff-4f27-af5a-bcdf1f5ff3d6,Company,Payroll vs Turnover Mismatch,High,29-Jan-2026
4b76c069-73f7-4059-a5b7-84083cef347c,29b29cb9-39f6-4970-bb1f-bcc152a9a0e7,Company,Payroll vs Turnover Mismatch,High,29-Jan-2026
c0cc1bb4-020e-46a7-b3c9-97095ba324bd,29b29cb9-39f6-4970-bb1f-bcc152a9a0e7,Company,Turnover per Employee Anomaly,High,29-Jan-2026
154de353-4a00-4182-9b92-5d4824cca3d7,33fcec84-9e57-4eb2-9a9a-1cc9495525f6,Company,VAT Under-Reporting,High,29-Jan-2026
4b42ea57-300f-4fbc-8fe7-a6d46a62d964,17deed3c-a9c5-4514-a1f5-e313b14cc8ef,Company,Payroll vs Turnover Mismatch,High,29-Jan-2026
9bd05b1f-dcf1-4f5f-9eeb-58005f2c365b,17deed3c-a9c5-4514-a1f5-e313b14cc8ef,Company,Turnover per Employee Anomaly,High,29-Jan-2026
ff1628c3-3c0e-41a2-883d-9506f78c60d8,5e747838-d708-4da3-bb0c-342851bc009e,Company,VAT Under-Reporting,High,29-Jan-2026
60438091-0757-4acc-8e2e-1f18449183f9,32d45fa6-ae81-4b73-9611-f5cf0e718a91,Company,VAT Under-Reporting,High,29-Jan-2026
f446b9df-9772-489e-839b-0bb68952bafd,785bf70f-4b08-41e5-a260-fd2bdf95209c,Company,Payroll vs Turnover Mismatch,High,29-Jan-2026
0ce95fa3-9a2d-4260-8cf9-9cbc563e6c70,8af75279-3aa5-46d3-ad9e-717a7ec12aba,Company,VAT Under-Reporting,High,29-Jan-2026
9b44d8c5-4547-4544-b429-38a93d1e15ea,7b5badef-d36f-4028-bc33-1343c7f3bb10,Company,VAT Under-Reporting,High,29-Jan-2026
054d555c-3121-4f51-bd1c-3997b8ad6cda,28ffcbf9-85e2-4ed5-9210-29f285ff9769,Company,Payroll vs Turnover Mismatch,High,29-Jan-2026
0978b529-6aa0-45a4-9d7b-d69d31688bf7,28ffcbf9-85e2-4ed5-9210-29f285ff9769,Company,Turnover per Employee Anomaly,High,29-Jan-2026
97d22d41-a56e-462d-aca4-e6a2629a0b93,37386a86-908d-4380-81d7-a78009499359,Company,VAT Under-Reporting,High,29-Jan-2026
35b6d4ff-3f0d-44e5-a864-aa11ebd54224,2b2fd9ea-f636-4072-8110-00e824a54d6b,Company,Payroll vs Turnover Mismatch,High,29-Jan-2026
73ee08bf-d141-46de-9163-1c0400e09657,2b2fd9ea-f636-4072-8110-00e824a54d6b,Company,Turnover per Employee Anomaly,High,29-Jan-2026
fcf3f371-1820-40d8-87c1-4572ac807fab,a6565057-cf8e-4c49-abec-9d1150acc606,Company,Payroll vs Turnover Mismatch,High,29-Jan-2026
664d0c4e-2461-4a9d-8f24-7ca9e8102830,a6565057-cf8e-4c49-abec-9d1150acc606,Company,VAT Under-Reporting,High,29-Jan-2026
28559386-afbe-4faf-97e9-ba14bee25f63,a6565057-cf8e-4c49-abec-9d1150acc606,Company,Turnover per Employee Anomaly,High,29-Jan-2026
a0760386-967d-4eca-b735-a6274472d482,dc8142fb-bb2a-4434-8fd3-9ed612605608,Company,VAT Under-Reporting,High,29-Jan-2026
73ef5dc5-2e0e-4c6f-b9cc-882975102e4b,40ba2b68-d976-4f8e-9fe9-bf9eb9ef4413,Company,Payroll vs Turnover Mismatch,High,29-Jan-2026
8b0144e8-6fff-432e-8d39-c80b8d532fd9,40ba2b68-d976-4f8e-9fe9-bf9eb9ef4413,Company,VAT Under-Reporting,High,29-Jan-2026
f1f47145-84c7-42e3-9f32-5830f8f0f6b6,2e446ea9-d656-4294-a1c0-3b79ba97c1c5,Company,Payroll vs Turnover Mismatch,High,29-Jan-2026
606d1d49-0847-4a15-bf7e-b890ffab36a9,2e446ea9-d656-4294-a1c0-3b79ba97c1c5,Company,VAT Under-Reporting,High,29-Jan-2026
404bb7ca-4862-4e38-babd-6877c4d8a912,2e446ea9-d656-4294-a1c0-3b79ba97c1c5,Company,Turnover per Employee Anomaly,High,29-Jan-2026
acf13e36-4a50-404c-a632-467f0ca6fe41,fa4080b7-fa36-407c-ae5a-dad6ad14c6e2,Company,Payroll vs Turnover Mismatch,High,29-Jan-2026
6a1d3f6d-c999-4d31-b847-728835934a5c,fa4080b7-fa36-407c-ae5a-dad6ad14c6e2,Company,VAT Under-Reporting,High,29-Jan-2026
c76dba2f-5872-4261-b184-3195203b17bd,b532a8f4-8e8f-4e81-99fc-0458d5c3dd75,Company,Payroll vs Turnover Mismatch,High,29-Jan-2026
eae62114-29fd-480c-b3b6-2fa7c313e1b1,b532a8f4-8e8f-4e81-99fc-0458d5c3dd75,Company,VAT Under-Reporting,High,29-Jan-2026
2194d27d-26d9-4025-92d6-4dd782e939ea,462f1992-07fa-40b8-90c7-baf98edba1b1,Company,VAT Under-Reporting,High,29-Jan-2026
bd3edc15-bd59-49c0-a27e-d68a0384490c,01434b1b-e0ba-4e07-8eb7-3e5846b25776,Company,VAT Under-Reporting,High,29-Jan-2026
d8f7098a-a2f9-4563-8edc-fec674f6dae2,1b315698-eb2c-4af7-aed2-861b443c283d,Company,VAT Under-Reporting,High,29-Jan-2026
88183ffd-4fa3-4c4c-bbf7-868a24625828,1131d89b-a0d5-487b-a31a-9a21daa93dae,Company,VAT Under-Reporting,High,29-Jan-2026
c9501961-6fa9-4a96-9a52-4e37f7e75fa7,5f20cac1-74f8-4cf2-8813-8bf8cbe2dcd8,Company,Payroll vs Turnover Mismatch,High,29-Jan-2026
04d938d2-f656-412d-b537-56e39ca46feb,5f20cac1-74f8-4cf2-8813-8bf8cbe2dcd8,Company,Turnover per Employee Anomaly,High,29-Jan-2026
c31b1b98-79cf-4848-b378-9330947bbbba,d46c66ec-c341-4765-ae84-2f9adec59254,Company,Payroll vs Turnover Mismatch,High,29-Jan-2026
a96d98d3-7173-47b9-8200-cb7700808eea,d46c66ec-c341-4765-ae84-2f9adec59254,Company,VAT Under-Reporting,High,29-Jan-2026
5db331d4-ab91-4c38-9100-e2bcf74d3f27,09253da8-ec7e-46b6-a089-73312276842b,Company,Payroll vs Turnover Mismatch,High,29-Jan-2026
50676437-3077-425e-b4aa-b3bd1907b2f8,09253da8-ec7e-46b6-a089-73312276842b,Company,VAT Under-Reporting,High,29-Jan-2026
d564ef59-b589-486c-8159-e769bd7c061f,8c50860c-55f8-4416-bc42-59f3727297ab,Company,VAT Under-Reporting,High,29-Jan-2026
b076be31-4186-4a38-b476-16708b0401d5,9cea68cb-777f-4942-b0b2-3f3431b456a3,Company,VAT Under-Reporting,High,29-Jan-2026
364fa9cc-53f8-4588-b343-d2f50e029bbf,eafb06e3-38ff-4af4-b360-870bf8dd9c80,Company,VAT Under-Reporting,High,29-Jan-2026
76143811-74e0-4a4f-a1c9-91ed66047277,6c61668f-85b5-4953-8a63-e42d1dca7abc,Company,VAT Under-Reporting,High,29-Jan-2026
f6a88aa0-c58a-4f0a-b264-3732f00b61f0,6c8d6b54-1f1a-4a8b-96cd-e2ee4fc92ef9,Company,Payroll vs Turnover Mismatch,High,29-Jan-2026
a574a2a1-3b41-4a27-95bc-76ff34077406,6c8d6b54-1f1a-4a8b-96cd-e2ee4fc92ef9,Company,VAT Under-Reporting,High,29-Jan-2026
b4f8e108-7ef2-4802-87bd-e8a0b9f2e4bd,6c8d6b54-1f1a-4a8b-96cd-e2ee4fc92ef9,Company,Turnover per Employee Anomaly,High,29-Jan-2026
196afa0c-33a6-48e8-86fb-7421ffb901ac,4295f56b-7eca-4218-b1ae-a34640df4b74,Company,Payroll vs Turnover Mismatch,High,29-Jan-2026
7958273e-5202-48e1-bb6f-c194d0aebbae,4295f56b-7eca-4218-b1ae-a34640df4b74,Company,VAT Under-Reporting,High,29-Jan-2026
37ac0e74-a409-41d6-b978-f0ca76d75835,29e14721-799b-4364-9dc3-73ba8ee98f46,Company,Payroll vs Turnover Mismatch,High,29-Jan-2026
6c8aa747-3af5-4223-8ad4-a32bf5969928,29e14721-799b-4364-9dc3-73ba8ee98f46,Company,VAT Under-Reporting,High,29-Jan-2026
0a089a65-f861-4366-bc26-f9222f624657,29e14721-799b-4364-9dc3-73ba8ee98f46,Company,Turnover per Employee Anomaly,High,29-Jan-2026
ddab2316-eb09-473d-9883-995aa2b19948,50e65e25-066c-4b6d-9be9-e0e07cf308d9,Company,Payroll vs Turnover Mismatch,High,29-Jan-2026
ca006e43-b22f-4e7e-8d1b-024bd6c720f7,50e65e25-066c-4b6d-9be9-e0e07cf308d9,Company,VAT Under-Reporting,High,29-Jan-2026
1482510a-05b4-4f67-adf7-5b7a7103a572,5d57256f-6464-4546-9e8e-ffa752a6357f,Company,Payroll vs Turnover Mismatch,High,29-Jan-2026
6c27909c-6c23-43ca-b59c-10e23d61c054,5d57256f-6464-4546-9e8e-ffa752a6357f,Company,Turnover per Employee Anomaly,High,29-Jan-2026
c76e809b-2168-4530-ac2f-90c11b4e3504,9ed02e77-19fd-4bad-bbd7-7cba5357a1ae,Company,Payroll vs Turnover Mismatch,High,29-Jan-2026
f4abc867-a0a6-470e-9147-70e1f8087c52,f8e89526-7c3b-4156-9bcd-942938b41223,Company,Payroll vs Turnover Mismatch,High,29-Jan-2026
4e241b32-e340-4f19-8e51-6e72045f50b6,f8e89526-7c3b-4156-9bcd-942938b41223,Company,VAT Under-Reporting,High,29-Jan-2026
badc7e2f-a0c4-402d-aa7e-43ce5b569b9c,a06025ee-7c76-45b0-96d6-1ece98ef481f,Company,Payroll vs Turnover Mismatch,High,29-Jan-2026
678c5cba-2548-490e-ae49-02b5245f8ddd,79d5f952-94c3-4b3c-9280-1c5810830ad3,Company,Payroll vs Turnover Mismatch,High,29-Jan-2026
1a795bb5-f1d6-4ddb-97de-4d9927a858be,79d5f952-94c3-4b3c-9280-1c5810830ad3,Company,VAT Under-Reporting,High,29-Jan-2026
a086ead9-d4d8-4bfe-9f67-5a911f648fb4,d6e764cb-0bd5-4019-82b1-234b9ce8eedd,Company,Payroll vs Turnover Mismatch,High,29-Jan-2026
68853829-6df6-4a71-9bae-ba876e763e19,d6e764cb-0bd5-4019-82b1-234b9ce8eedd,Company,VAT Under-Reporting,High,29-Jan-2026
91843285-f0cb-462c-8ac2-9b38d242c68e,287f4429-2fd6-437c-b7b7-8978e67e307e,Company,VAT Under-Reporting,High,29-Jan-2026
29ab5cb9-099a-4d85-8e39-6475b83a1c8b,e23f2e8c-4dbe-4bc2-a184-5b2f55b260ec,Company,VAT Under-Reporting,High,29-Jan-2026
bb9a4062-d761-4f81-ad4e-a9b761eed068,8b1d77e3-4bbe-4b52-b0f8-cf6ee8570735,Company,VAT Under-Reporting,High,29-Jan-2026
7dbea17e-eca0-4ef0-834c-ad95347be13d,e6a546dd-b221-4bbe-8435-8e2889c94482,Company,Payroll vs Turnover Mismatch,High,29-Jan-2026
596b4cc0-feb3-4b45-acc1-93c43aaa33a6,e6a546dd-b221-4bbe-8435-8e2889c94482,Company,VAT Under-Reporting,High,29-Jan-2026
7882720c-4aee-4fa7-9b8d-b93dcf30e1c3,bab96a1f-83bf-408c-870d-03498abb232a,Company,Payroll vs Turnover Mismatch,High,29-Jan-2026
7f65eb40-b808-4765-9e7f-dd817a785bd3,bab96a1f-83bf-408c-870d-03498abb232a,Company,Turnover per Employee Anomaly,High,29-Jan-2026
ac344acb-5fed-4b87-a239-e0307bfe9e66,a3b0fb4b-4bac-43d1-a28e-f83ad28cfa89,Company,VAT Under-Reporting,High,29-Jan-2026
819709d6-603f-45e1-b29a-d8d92aaafd94,c3e1b085-d825-44d3-8850-9f2c875c7a52,Company,Payroll vs Turnover Mismatch,High,29-Jan-2026
f7e36614-76a0-408f-8885-ad29a725960c,c3e1b085-d825-44d3-8850-9f2c875c7a52,Company,VAT Under-Reporting,High,29-Jan-2026
924c0503-1c3b-4170-aa5d-b40645a5d954,1f4fd7a1-0a0d-450d-bd4b-fe74c19cd666,Company,Payroll vs Turnover Mismatch,High,29-Jan-2026
675a99e3-93f4-483d-a8e4-3258ebe2f001,1f4fd7a1-0a0d-450d-bd4b-fe74c19cd666,Company,VAT Under-Reporting,High,29-Jan-2026
62303c7c-9509-4fa0-a4b6-6360852ad069,1f4fd7a1-0a0d-450d-bd4b-fe74c19cd666,Company,Turnover per Employee Anomaly,High,29-Jan-2026
dcd60068-dabc-4bac-bce9-91b5e21e151f,141cfcf7-2f78-4c95-af00-f7128e10ca6c,Company,Payroll vs Turnover Mismatch,High,29-Jan-2026
301606a0-8d67-45ea-a541-36e7043ed610,eea102f8-91a8-4446-8e1b-aa33d8436093,Company,VAT Under-Reporting,High,29-Jan-2026
2e8073f5-c4d1-4d7f-b87d-50d8eaaa1bd2,a8dd9a3e-204d-4b2c-acbb-cf7724bf0a0d,Company,VAT Under-Reporting,High,29-Jan-2026
dae4e5a0-0d0b-4ca3-a407-398734a5c239,ccbb9359-9599-429c-8818-9900dad7b217,Company,Payroll vs Turnover Mismatch,High,29-Jan-2026
ca7e4715-c049-4021-9c17-19675dbb1949,ccbb9359-9599-429c-8818-9900dad7b217,Company,VAT Under-Reporting,High,29-Jan-2026
185eee38-acfb-48cf-80e9-b29edbd2a118,ccbb9359-9599-429c-8818-9900dad7b217,Company,Turnover per Employee Anomaly,High,29-Jan-2026
02f11a94-7ce3-44cb-a7a3-096ad1f9aa97,d19f5645-ae82-4300-9898-1186da1148ed,Company,VAT Under-Reporting,High,29-Jan-2026
1b5837ba-b929-4812-bea4-9d4040770fd5,a38cb5d8-e586-40c3-aa45-9aad3a7b521e,Company,Payroll vs Turnover Mismatch,High,29-Jan-2026
fb73c222-2fc4-4969-b901-d5b59fe7fbe9,a38cb5d8-e586-40c3-aa45-9aad3a7b521e,Company,VAT Under-Reporting,High,29-Jan-2026
752b9d94-7aa9-4455-9902-b46587429b60,a38cb5d8-e586-40c3-aa45-9aad3a7b521e,Company,Turnover per Employee Anomaly,High,29-Jan-2026
3970a6b1-0b72-4572-9af2-5ca2d518f653,55966e69-5d21-44a3-ac27-409282eb04b6,Company,VAT Under-Reporting,High,29-Jan-2026
fbe87ed8-70e1-4a6b-a963-ad093b11f5e1,039cd754-b386-4d2d-9a82-53c8ec5cd7f0,Company,Payroll vs Turnover Mismatch,High,29-Jan-2026
1f350481-51d9-4717-a68b-1b9302045e59,039cd754-b386-4d2d-9a82-53c8ec5cd7f0,Company,Turnover per Employee Anomaly,High,29-Jan-2026
d0324636-55dd-4655-9028-4fdc5fb08f16,8e711a09-6c8f-41cd-bb50-126820998cce,Company,VAT Under-Reporting,High,29-Jan-2026
498d25b6-bba0-48a7-aeef-a456158451bb,d1e0d205-1554-4142-9189-737cdc310f40,Company,VAT Under-Reporting,High,29-Jan-2026
4d15c79b-c057-42b0-8c65-35a2fdebdc90,047b83b4-85f5-4e32-8790-c18f406a7460,Company,VAT Under-Reporting,High,29-Jan-2026
299571d7-f904-4555-816a-39195f551013,d9f8765b-b080-48cb-9f53-82f6c9632c86,Company,VAT Under-Reporting,High,29-Jan-2026
be1811c7-9ad2-4d9c-b617-5974a826c0d2,1d6d79e0-fec6-4541-97a2-71d8cdd4a3c4,Company,VAT Under-Reporting,High,29-Jan-2026
7c86bc60-6db0-4707-ae7c-371e3dcce486,1364d2b6-10b8-44e6-a11c-d3066f357bef,Company,Payroll vs Turnover Mismatch,High,29-Jan-2026
3c30aea5-7a14-4077-bc4f-89444f4cf50a,a17c109d-377a-42ed-a2ab-d16b9966e7fe,Company,VAT Under-Reporting,High,29-Jan-2026
8b0d54c1-4488-4b90-a6d7-4a5a8d15b1a3,463f8901-70ce-4a99-8d67-7a47a6987e23,Company,Payroll vs Turnover Mismatch,High,29-Jan-2026
1fa8b1da-b3ec-4d49-8abe-2a5274f87028,463f8901-70ce-4a99-8d67-7a47a6987e23,Company,VAT Under-Reporting,High,29-Jan-2026
a0bc0de6-bbf9-4946-8bf5-f186a3594057,eb4c8842-8e95-4a9c-a06b-26e01c9bcf92,Company,Payroll vs Turnover Mismatch,High,29-Jan-2026
7cca86e5-a221-46f7-a9da-b5cd834af61f,eb4c8842-8e95-4a9c-a06b-26e01c9bcf92,Company,VAT Under-Reporting,High,29-Jan-2026
57709fac-9509-4d32-9603-c6dd6cf35fa5,eb4c8842-8e95-4a9c-a06b-26e01c9bcf92,Company,Turnover per Employee Anomaly,High,29-Jan-2026
f701e165-540b-40e7-9e65-e0cf6e83cc2d,e1bd1980-e946-45de-bed0-37e7ca47aa73,Company,VAT Under-Reporting,High,29-Jan-2026
88c83906-722a-4c27-80c2-c2ec1413d46c,602f54e8-db02-43df-8e84-8842a6dc3cd9,Company,VAT Under-Reporting,High,29-Jan-2026
6f53480b-f22d-40e4-a795-bdfde5acd87f,3b145b0a-4cd7-4150-82c4-f50977efc65a,Company,VAT Under-Reporting,High,29-Jan-2026
e1fc3616-89cd-432a-8fe5-7f17ce184507,b2b8f9b0-775d-441c-9a93-4c26b7cca745,Company,Payroll vs Turnover Mismatch,High,29-Jan-2026
c01a3c8b-710e-473e-a599-d9e5a1a5e182,38c9f645-1adb-43a3-890c-3e636ff13792,Company,Payroll vs Turnover Mismatch,High,29-Jan-2026
abf785de-e21b-4c7d-a402-de255400d07a,5131576f-736e-427c-8ab6-5ec51fd9f505,Company,Payroll vs Turnover Mismatch,High,29-Jan-2026
6814617c-d0dd-47b4-a2ff-802183279b66,5131576f-736e-427c-8ab6-5ec51fd9f505,Company,VAT Under-Reporting,High,29-Jan-2026
294a0076-15dd-46e0-a815-83fe400d72f5,ea1b6216-fd07-47e9-85ef-05741f775511,Company,Payroll vs Turnover Mismatch,High,29-Jan-2026
5af6fe7c-caa2-4f95-b226-ee7647f05d77,d4e8a1be-5693-4686-a038-27352481fdd0,Company,Payroll vs Turnover Mismatch,High,29-Jan-2026
11a877bc-0104-42c5-99e1-41f64741f0e9,0f666314-76a3-4644-9959-1d4969555436,Company,Payroll vs Turnover Mismatch,High,29-Jan-2026
09bba6e1-915a-4064-b878-2b69b8f4f3dd,0f666314-76a3-4644-9959-1d4969555436,Company,VAT Under-Reporting,High,29-Jan-2026
27f7e0b3-0d0b-41c3-83e3-fc7e2ffff5bb,0f666314-76a3-4644-9959-1d4969555436,Company,Turnover per Employee Anomaly,High,29-Jan-2026
d6aeeb70-d61c-4e70-97b4-2031d9045281,f8c671e1-8e30-427a-95a9-ee8ec78bddde,Company,Payroll vs Turnover Mismatch,High,29-Jan-2026
4df0bc33-adeb-4316-884b-cddd7b5e0f41,f8c671e1-8e30-427a-95a9-ee8ec78bddde,Company,VAT Under-Reporting,High,29-Jan-2026
ce0c9644-3b8a-4201-8064-79ebd5320269,f8c671e1-8e30-427a-95a9-ee8ec78bddde,Company,Turnover per Employee Anomaly,High,29-Jan-2026
dd492677-80ec-4bcc-b725-cca1ef55cced,b195ae0b-e0b8-449a-9b8f-613d0f040554,Company,VAT Under-Reporting,High,29-Jan-2026
934dca4a-48c1-4879-9a64-631b1b34d0c6,5f25eec5-d59f-4809-b9f6-1be103ff71c2,Company,Payroll vs Turnover Mismatch,High,29-Jan-2026
9c212cb1-962a-47ae-9fe9-0aa885464493,5f25eec5-d59f-4809-b9f6-1be103ff71c2,Company,VAT Under-Reporting,High,29-Jan-2026
4fb313bf-5ee4-43d5-9204-b428d4202dac,432d7ca8-beb1-458b-a0d7-c1081c0a4a81,Company,VAT Under-Reporting,High,29-Jan-2026
b2ed4749-e6ae-42e0-923b-0c356e48f41d,fc936847-8a25-4c9c-8658-6c3c266aaa77,Company,Payroll vs Turnover Mismatch,High,29-Jan-2026
39913766-e2f7-4cf0-8249-3534e6a3cb06,fc936847-8a25-4c9c-8658-6c3c266aaa77,Company,Turnover per Employee Anomaly,High,29-Jan-2026
63377861-9310-40af-b89c-3303e64dee1f,3daa7b2b-9582-49dd-b0c8-a7f28d70e9ff,Company,VAT Under-Reporting,High,29-Jan-2026
3e0530df-424a-47fa-83f9-b1d60069ea39,d8485e91-0195-4f44-99af-521db2fff007,Company,Payroll vs Turnover Mismatch,High,29-Jan-2026
f18d448f-dc85-4c70-9ff4-04b872ed62fb,d8485e91-0195-4f44-99af-521db2fff007,Company,Turnover per Employee Anomaly,High,29-Jan-2026
c17189d5-b96b-44b0-aadf-d6b2faff5a00,12ec1083-2e18-4c7a-9ff5-5e8914b0a7a3,Company,VAT Under-Reporting,High,29-Jan-2026
7f20a2da-7400-4c9f-90b8-ca989a8beeae,fba6b743-9295-411f-afd6-0f77c421433c,Company,Payroll vs Turnover Mismatch,High,29-Jan-2026
54127207-7597-4050-8c3c-51cccfe08039,fba6b743-9295-411f-afd6-0f77c421433c,Company,Turnover per Employee Anomaly,High,29-Jan-2026
19a26bdf-df1d-4f05-a36e-a1c197d3dc83,793ff99d-b10e-44a4-93dc-d9a5e6e7ca51,Company,Payroll vs Turnover Mismatch,High,29-Jan-2026
35f8666b-ab6a-4161-8467-86434ee069a4,793ff99d-b10e-44a4-93dc-d9a5e6e7ca51,Company,VAT Under-Reporting,High,29-Jan-2026
1c005f28-3e19-48ce-8a2f-1e683d61fdf7,793ff99d-b10e-44a4-93dc-d9a5e6e7ca51,Company,Turnover per Employee Anomaly,High,29-Jan-2026
bdb921a4-fa00-44d0-9f7a-784824693f9c,94b827b1-252b-4bda-b2f2-5394e8cabaef,Company,Payroll vs Turnover Mismatch,High,29-Jan-2026
fe16d0d6-bec0-4715-b655-1dd33e60c818,ebfd8cf7-5a69-4a12-ae70-4a1245aa7139,Company,Payroll vs Turnover Mismatch,High,29-Jan-2026
6020f02c-1b88-4c94-8e66-27b4a723453e,ebfd8cf7-5a69-4a12-ae70-4a1245aa7139,Company,Turnover per Employee Anomaly,High,29-Jan-2026
8af53d0f-dadc-47ac-8f49-f9cc6f8735d3,9fd9a959-17d6-418e-877d-a9d4c99d7b4d,Company,Payroll vs Turnover Mismatch,High,29-Jan-2026
e3696320-ca41-4184-886a-6c4e87e61e88,9fd9a959-17d6-418e-877d-a9d4c99d7b4d,Company,VAT Under-Reporting,High,29-Jan-2026
30f3523b-9776-4b76-a961-fd0156cf20b3,a073faec-1612-4db9-9672-a76dd2547cdb,Company,Payroll vs Turnover Mismatch,High,29-Jan-2026
e90da500-08d3-45fe-88ab-2e08858e0493,a073faec-1612-4db9-9672-a76dd2547cdb,Company,VAT Under-Reporting,High,29-Jan-2026
dc7dd95c-c8ac-438c-9b36-b73458e4b79c,9bc0c895-3e0d-4e08-b458-39363ca80eac,Company,Payroll vs Turnover Mismatch,High,29-Jan-2026
0195b03b-e8e5-480a-b42f-47a32ea78efc,9bc0c895-3e0d-4e08-b458-39363ca80eac,Company,VAT Under-Reporting,High,29-Jan-2026
22ce426f-b513-4508-85e4-a7247e46edd7,738167c3-cd14-4dae-a057-a939311dd05d,Company,Payroll vs Turnover Mismatch,High,29-Jan-2026
7c754780-f696-44c3-a6e8-5ccc9f58759a,738167c3-cd14-4dae-a057-a939311dd05d,Company,VAT Under-Reporting,High,29-Jan-2026
e30c4693-28f0-4c03-96f9-b9b8183c9250,738167c3-cd14-4dae-a057-a939311dd05d,Company,Turnover per Employee Anomaly,High,29-Jan-2026
eef0c209-076c-4a07-9e17-541288d5e1ec,18e13da7-39ed-4c96-a2dd-6954eabfd691,Company,VAT Under-Reporting,High,29-Jan-2026
f013e972-5f3a-48e5-8bc2-ac5e842f742f,933bfed0-e493-4004-9e1c-ef1aa064d38a,Company,Payroll vs Turnover Mismatch,High,29-Jan-2026
0196486e-7a9b-481b-b631-ac41e79a2080,933bfed0-e493-4004-9e1c-ef1aa064d38a,Company,VAT Under-Reporting,High,29-Jan-2026
90c8a1a4-0f60-4bc0-b8c7-1681d686bb8a,933bfed0-e493-4004-9e1c-ef1aa064d38a,Company,Turnover per Employee Anomaly,High,29-Jan-2026
e080df8b-e31b-462e-805a-8f678d8b4c04,d46877f7-26f2-4230-965f-193694b5bfd1,Company,Payroll vs Turnover Mismatch,High,29-Jan-2026
22ace6ac-4328-4400-aab6-97ce677c478d,d46877f7-26f2-4230-965f-193694b5bfd1,Company,Turnover per Employee Anomaly,High,29-Jan-2026
61df3396-3c9a-434f-8e54-71a2ed45d30c,9356bb07-fc2e-4108-b137-7705577bd229,Company,VAT Under-Reporting,High,29-Jan-2026
855f0ffb-3a3b-4319-bd3f-76d2b83c7cd0,ed0bbc24-d8ca-4bec-8692-4377d84a2fbb,Company,Payroll vs Turnover Mismatch,High,29-Jan-2026
c925ab9a-287d-4b05-a49f-5e69b72c11ec,ed0bbc24-d8ca-4bec-8692-4377d84a2fbb,Company,VAT Under-Reporting,High,29-Jan-2026
7c2fea8c-1e45-449d-9bb9-02968967a40a,ed0bbc24-d8ca-4bec-8692-4377d84a2fbb,Company,Turnover per Employee Anomaly,High,29-Jan-2026
2cd24726-74b7-413e-bb3b-1d10551b98da,4b96cdff-2259-4373-bea8-24dfe6598e95,Company,Payroll vs Turnover Mismatch,High,29-Jan-2026
65ad2a8d-1cab-4d4a-b2ca-dbf22606696b,4b96cdff-2259-4373-bea8-24dfe6598e95,Company,VAT Under-Reporting,High,29-Jan-2026
468d8185-726b-4c61-9b75-a786ee2f9f7e,4b96cdff-2259-4373-bea8-24dfe6598e95,Company,Turnover per Employee Anomaly,High,29-Jan-2026
b8c05383-18c7-4c14-a814-aa19c2a8f9fb,1fd3e2be-616a-499b-a39f-ca397d91daf5,Company,Payroll vs Turnover Mismatch,High,29-Jan-2026
7950b0fa-e54e-4779-8cce-0158c86b46b5,1fd3e2be-616a-499b-a39f-ca397d91daf5,Company,VAT Under-Reporting,High,29-Jan-2026
38f1666f-3d0c-47e5-9ead-305c27c74f9a,deb379e2-ef64-4f0d-97bf-da16b9a57b83,Company,Payroll vs Turnover Mismatch,High,29-Jan-2026
2d18f6ac-f7c1-408d-ad72-b2f0a5a8bf60,deb379e2-ef64-4f0d-97bf-da16b9a57b83,Company,VAT Under-Reporting,High,29-Jan-2026
e625ee89-d521-4b14-84d7-914538d709fb,d4f7c15d-33b8-4b64-970e-7ae6b2312171,Company,Payroll vs Turnover Mismatch,High,29-Jan-2026
af25a07f-d86e-4e47-9460-d5f9a4e16bc2,d4f7c15d-33b8-4b64-970e-7ae6b2312171,Company,VAT Under-Reporting,High,29-Jan-2026
ef4d2287-d858-4098-8334-49e9b320b2c6,427c4d54-2aaf-497d-aa33-45d8f81d7b0b,Company,VAT Under-Reporting,High,29-Jan-2026
0704fe7a-5854-4536-b0a1-dc562d640bbc,1461f496-f54a-43c0-8743-8ecb2e87c4a1,Company,Payroll vs Turnover Mismatch,High,29-Jan-2026
7472cb9c-9ae6-4e27-a286-bd03fc2ba375,c9c3fbca-5e3f-4845-a9d0-59a67088f2e3,Company,Payroll vs Turnover Mismatch,High,29-Jan-2026
f443a0c4-f900-4e68-92b3-158e7dacec98,ed1994fb-00f6-423d-a0e1-0aae0889ea51,Company,Payroll vs Turnover Mismatch,High,29-Jan-2026
102b580b-df6b-4511-b594-6f12f05204fa,ed1994fb-00f6-423d-a0e1-0aae0889ea51,Company,VAT Under-Reporting,High,29-Jan-2026
3bd60cca-134f-4cc2-8617-eb84c0cca59c,47353f46-8ebc-44ca-bc9b-4b2dcb2e3067,Company,VAT Under-Reporting,High,29-Jan-2026
04b04efb-3d72-4da8-b89e-f1dade8247bf,983cf751-dedc-42e8-8f1f-72bce6623385,Company,Payroll vs Turnover Mismatch,High,29-Jan-2026
38d8c2de-edb1-4b38-a973-02e628740dd7,983cf751-dedc-42e8-8f1f-72bce6623385,Company,VAT Under-Reporting,High,29-Jan-2026
665f7af6-6cb3-4dbe-936e-66764331885d,86bd66a1-10a8-46cd-9971-73ff2a9d6e74,Company,Payroll vs Turnover Mismatch,High,29-Jan-2026
00021da0-d311-45e0-982a-aea1d87d40fe,86bd66a1-10a8-46cd-9971-73ff2a9d6e74,Company,Turnover per Employee Anomaly,High,29-Jan-2026
5950e576-8249-477a-8721-2f0ad7ecfec8,18415379-2f9e-4f5c-874e-92278f83b003,Company,VAT Under-Reporting,High,29-Jan-2026
eb2e1524-bed5-4477-9a52-f0a81c325c9d,9b7d67c8-7e1e-40e4-a178-de32d72d4562,Company,VAT Under-Reporting,High,29-Jan-2026
50b276a1-a721-4f58-8c86-8b48275c076b,e5162b7d-b036-458f-b369-5840ec972e2e,Company,Payroll vs Turnover Mismatch,High,29-Jan-2026
fb668b73-23fc-424b-89a4-ddee59218e6f,e5162b7d-b036-458f-b369-5840ec972e2e,Company,Turnover per Employee Anomaly,High,29-Jan-2026
ac4a439b-2a0e-4286-9ffd-4c2cac19394b,d344dcdb-847a-4a5d-9f59-310e05fbf9b7,Company,VAT Under-Reporting,High,29-Jan-2026
30066f23-ac7d-4bf9-8dcf-88106b8cb6ba,008dff86-1941-4c57-badd-7a201da66bcf,Company,VAT Under-Reporting,High,29-Jan-2026
b24a0f7f-a47d-4a81-8b40-f3f4677f7e87,ed851faf-90b4-421c-834f-c33b2beb5e0d,Company,Payroll vs Turnover Mismatch,High,29-Jan-2026
f12e937a-14d2-46f8-85b0-8805dbda01b5,ed851faf-90b4-421c-834f-c33b2beb5e0d,Company,VAT Under-Reporting,High,29-Jan-2026
ff93b259-3fbc-475d-b1f9-a5060e1cd88a,ed851faf-90b4-421c-834f-c33b2beb5e0d,Company,Turnover per Employee Anomaly,High,29-Jan-2026
95a2ae4b-ae2a-4c2a-a289-769f5784b8d4,2a607513-f873-4cf5-999c-0452577e3f0e,Company,Payroll vs Turnover Mismatch,High,29-Jan-2026
41e7ce25-3e90-4911-bcd8-47b7c1426e59,2a607513-f873-4cf5-999c-0452577e3f0e,Company,VAT Under-Reporting,High,29-Jan-2026
ae5bd8e4-c81e-42a6-9194-3a84364da0df,c225d7a1-8a41-4403-b5ee-2b647f0b4183,Company,VAT Under-Reporting,High,29-Jan-2026
6da13ab7-80ca-43a7-b03d-a4c3db2f1d2d,7d980ee4-f77e-4c04-b4ea-2c986e752ac0,Company,VAT Under-Reporting,High,29-Jan-2026
9e86f542-a2c1-4942-b92f-a680ccdfc61c,10d05715-2700-4fd9-82a1-acf5f0621696,Company,Payroll vs Turnover Mismatch,High,29-Jan-2026
4750001d-dd93-415c-bf9b-ba964f602381,10d05715-2700-4fd9-82a1-acf5f0621696,Company,VAT Under-Reporting,High,29-Jan-2026
2e5b8cc1-9e94-4d96-9572-e9ba7df0fc2e,3b17fb0c-4ed1-4926-b5d6-1c0080be0de2,Company,Payroll vs Turnover Mismatch,High,29-Jan-2026
7dd1a912-bb44-476f-aa42-1e1228e9591e,2b21cb7f-c671-4f24-a663-7df1fe05f6de,Company,Payroll vs Turnover Mismatch,High,29-Jan-2026
a51b5151-dd3e-458f-ae39-1e95a88636f6,2b21cb7f-c671-4f24-a663-7df1fe05f6de,Company,VAT Under-Reporting,High,29-Jan-2026
58b60b04-7be0-4667-8f9a-c685131eecbd,33d504a7-cbff-45c5-b2ae-44e5a46f46ce,Company,VAT Under-Reporting,High,29-Jan-2026
1bfc4e6b-b520-479c-a6f7-7f7b063118ac,9340c178-f42c-4a2c-a781-410d49189c8c,Company,Payroll vs Turnover Mismatch,High,29-Jan-2026
265480ef-fbcf-4c4d-8563-2efe70a2b70e,9340c178-f42c-4a2c-a781-410d49189c8c,Company,VAT Under-Reporting,High,29-Jan-2026
d389c70e-f909-4a50-b324-6145747b5970,9340c178-f42c-4a2c-a781-410d49189c8c,Company,Turnover per Employee Anomaly,High,29-Jan-2026
3058e913-3370-4741-a4bd-844dd5a6ae89,75c08780-bda8-41cc-a815-7052fff83471,Company,VAT Under-Reporting,High,29-Jan-2026
4420c0d7-f0f5-4f7e-bf29-856a9af7211b,a511135a-a437-4e5a-93c4-ae312dd5d449,Company,VAT Under-Reporting,High,29-Jan-2026
ffb0ac75-b790-48e5-89b8-b9316918d151,9a35c213-7c75-4e2c-98d0-164bec92ca0c,Company,VAT Under-Reporting,High,29-Jan-2026
cc3d2938-6d1c-4674-8625-59b7af798e98,e55786a0-2684-4c8f-a432-21444fb6dd6e,Company,Payroll vs Turnover Mismatch,High,29-Jan-2026
0ddf4551-06dd-4ba9-bcb3-c831d043e869,e55786a0-2684-4c8f-a432-21444fb6dd6e,Company,VAT Under-Reporting,High,29-Jan-2026
ec15259f-f130-4919-a018-84440ca1c23b,1ca0487f-730d-4eb0-8b72-cbd8175847aa,Company,VAT Under-Reporting,High,29-Jan-2026
01442055-ebc2-4ef2-b206-35af2b7ae9c8,eae4e9b3-4f5b-4403-90ba-1b796ab233d7,Company,VAT Under-Reporting,High,29-Jan-2026
679b5a68-a910-44a9-918e-3517b37f2716,1b34daf1-0ea1-4519-92ed-7a886e2d6578,Company,Payroll vs Turnover Mismatch,High,29-Jan-2026
f6cd6053-8ad4-4115-9e6f-ae2ff82eb580,53549149-220d-419c-ba63-64243430a6db,Company,Payroll vs Turnover Mismatch,High,29-Jan-2026
0348ad74-da6e-47b9-bbc3-8098740c769d,53549149-220d-419c-ba63-64243430a6db,Company,Turnover per Employee Anomaly,High,29-Jan-2026
6791f199-8b33-4168-b838-118cfd763f2f,3a17e5d2-938f-4531-88bc-64576d7b7431,Company,VAT Under-Reporting,High,29-Jan-2026
ce0fbcd9-9352-4da1-a1b2-32206f89bbce,6123dc49-2aa4-473b-8a4e-49a9511fdd35,Company,Payroll vs Turnover Mismatch,High,29-Jan-2026
63ea3e9e-c50f-4a58-acdd-cc617a30ca27,6123dc49-2aa4-473b-8a4e-49a9511fdd35,Company,VAT Under-Reporting,High,29-Jan-2026
5d112509-6207-4113-9d5f-0cb6cf0f142a,52bd4794-7a8d-4e14-a090-efa28c674b7d,Company,Payroll vs Turnover Mismatch,High,29-Jan-2026
e09ffb24-59c0-444b-b2ff-619f1d144c84,52bd4794-7a8d-4e14-a090-efa28c674b7d,Company,VAT Under-Reporting,High,29-Jan-2026
6f9030fe-67b6-4eff-af6a-ea1a068b9c19,52bd4794-7a8d-4e14-a090-efa28c674b7d,Company,Turnover per Employee Anomaly,High,29-Jan-2026
76dbe43e-96d1-4c65-9b54-6e274d41b245,f5183841-34b3-4daa-99d9-c91c0fa895df,Company,VAT Under-Reporting,High,29-Jan-2026
8e37b250-c925-4c46-aa65-86cc7b075ce4,6a7bba6c-c604-4f38-893f-38eeaaa6b7d8,Company,Payroll vs Turnover Mismatch,High,29-Jan-2026
c9a0cee0-73e6-4270-96fb-e316e672369f,6a7bba6c-c604-4f38-893f-38eeaaa6b7d8,Company,Turnover per Employee Anomaly,High,29-Jan-2026
a2e5bfbb-b02b-4c6d-aac8-367aa6c0b396,57ea365b-b9d9-40ef-a009-d58f3cf84855,Company,VAT Under-Reporting,High,29-Jan-2026
3b30ba42-f212-4e66-b013-ab20cbe8b530,e864da9d-a8b3-4780-b151-427005b26853,Company,VAT Under-Reporting,High,29-Jan-2026
c861d9b8-c9ac-499d-9e02-2741ce4d3c7e,3fc1e121-53b8-4f29-a751-c345363b5ca2,Company,VAT Under-Reporting,High,29-Jan-2026
92c98b43-bcf9-41c8-a3f3-34d60146bc4a,4537af57-a5d2-4dd6-a993-90e4aa43401d,Company,VAT Under-Reporting,High,29-Jan-2026
fe6b0ea2-807d-4f2a-91d0-90054afe446b,636e88fc-5f24-4164-a4c3-92aeef1e1e8e,Company,Payroll vs Turnover Mismatch,High,29-Jan-2026
ed6b0c92-9767-4f6b-b4bb-91bde88368be,636e88fc-5f24-4164-a4c3-92aeef1e1e8e,Company,VAT Under-Reporting,High,29-Jan-2026
29d01293-4021-4e67-a4e2-cf391258943f,328ce6bf-8394-4480-996d-c9609a082dfa,Company,Payroll vs Turnover Mismatch,High,29-Jan-2026
b2ad2554-1d2d-4759-97e4-cca27ec138f3,328ce6bf-8394-4480-996d-c9609a082dfa,Company,VAT Under-Reporting,High,29-Jan-2026
90e4dc52-661c-4945-85c7-6dca31b8d1be,328ce6bf-8394-4480-996d-c9609a082dfa,Company,Turnover per Employee Anomaly,High,29-Jan-2026
7f13ade5-8022-4694-8edb-603ba17e3e5e,8a92924d-a6d7-4640-a5a8-ed6683a6154d,Company,Payroll vs Turnover Mismatch,High,29-Jan-2026
0aa20a89-54e7-45bc-b5ba-4d915e7451d9,e48912d1-a847-4a6d-8ceb-a92d28cbbb2b,Company,Payroll vs Turnover Mismatch,High,29-Jan-2026
4cb730d4-679b-4186-899f-f1f8348e6d4d,2a1b16aa-49d2-443f-9647-c9ab54c048f0,Company,VAT Under-Reporting,High,29-Jan-2026
eb98ac69-9d89-43f0-8a0d-85045e5e28e5,187f043b-9734-4ff5-a8f9-8209131c540f,Company,Payroll vs Turnover Mismatch,High,29-Jan-2026
6f91b56a-3534-458f-9748-76b89820df6d,187f043b-9734-4ff5-a8f9-8209131c540f,Company,VAT Under-Reporting,High,29-Jan-2026
c37b1dd4-20e5-4608-a35f-1932e159d84d,9c8d4008-066e-437c-ac8c-7e93f8ea21d5,Company,Payroll vs Turnover Mismatch,High,29-Jan-2026
24110b69-7dcf-436c-891a-14312dddf911,9c8d4008-066e-437c-ac8c-7e93f8ea21d5,Company,VAT Under-Reporting,High,29-Jan-2026
715d3efa-fd42-48ba-8391-29b35c09f2c8,9c8d4008-066e-437c-ac8c-7e93f8ea21d5,Company,Turnover per Employee Anomaly,High,29-Jan-2026
25b6c2c9-4a3e-403a-93ba-840564ad3e2e,a88c8eaf-a928-467e-b41e-336908932545,Company,VAT Under-Reporting,High,29-Jan-2026
d190de8f-8b01-4b7c-a6ef-9adaed569f5a,d5be43aa-e99c-4dda-b6c2-5c5b7fcd9163,Company,Payroll vs Turnover Mismatch,High,29-Jan-2026
e67cf0d4-2198-4322-a4f8-35cb719b0566,d5be43aa-e99c-4dda-b6c2-5c5b7fcd9163,Company,VAT Under-Reporting,High,29-Jan-2026
3d5defb2-1c75-46cf-81f6-2aa8843a90c6,2ab66be6-24d0-47b8-944a-11fb1cd0c0c1,Company,Payroll vs Turnover Mismatch,High,29-Jan-2026
35841cf8-3241-46d8-aaf0-d1f6c18a35a2,3fa739f4-329e-453b-8712-e2dd4747a9bd,Company,Payroll vs Turnover Mismatch,High,29-Jan-2026
34dc94a7-3f1c-41e6-afcd-5a94b825b3a7,e7294d35-ed96-44b2-91b5-df600149f922,Company,VAT Under-Reporting,High,29-Jan-2026
0a6ceb60-6cf9-4e4a-b0b2-fb3975eee6ea,5d35a2ef-ef1c-4e4d-9ee5-f1c261150eb2,Company,VAT Under-Reporting,High,29-Jan-2026
b17a565f-00c0-4513-a1ea-a839b39465cf,13215013-a4b6-43df-9168-4b26265b978b,Company,VAT Under-Reporting,High,29-Jan-2026
705468b1-04d0-4f03-bd9d-f1feb9372df8,45a8bcd7-82c4-4bc0-bb03-b789d0ef88c2,Company,Payroll vs Turnover Mismatch,High,29-Jan-2026
f9087906-85d5-4bd6-ab00-2b59518a35d7,9d50dedb-fad3-4f38-8543-9b7b93cdd3d8,Company,VAT Under-Reporting,High,29-Jan-2026
6d8f9494-3fb2-4a28-93e8-a91790944f37,25f8c499-8985-4585-b001-6e0fd594be2c,Company,Payroll vs Turnover Mismatch,High,29-Jan-2026
a8e10e90-b47e-4c66-8d7e-5d3cc2922d73,652fc7ee-486b-4363-b11e-87248fdb9870,Company,VAT Under-Reporting,High,29-Jan-2026
2fc3af7b-0435-4ed8-94b1-ee89b089ac66,55e03ce6-c162-4ae1-8f50-fc9cfb15c94c,Company,Payroll vs Turnover Mismatch,High,29-Jan-2026
71dce449-0063-4c09-bdb7-f6bcd99604fd,55e03ce6-c162-4ae1-8f50-fc9cfb15c94c,Company,VAT Under-Reporting,High,29-Jan-2026
9d6f0482-0dc8-4483-8260-435b7c34a3fa,55e03ce6-c162-4ae1-8f50-fc9cfb15c94c,Company,Turnover per Employee Anomaly,High,29-Jan-2026
94b7f25e-8a14-417e-8065-bdff03396427,f2710bad-6201-443d-a03f-d3a491e169e9,Company,Payroll vs Turnover Mismatch,High,29-Jan-2026
dc2b5605-f2f0-4a01-a938-a720b6cd8e1e,f2710bad-6201-443d-a03f-d3a491e169e9,Company,VAT Under-Reporting,High,29-Jan-2026
84e2ca7b-88ee-45b4-aad5-ff71715b8be1,a3dbce57-5bb6-46af-a25a-958a88d7e70a,Company,VAT Under-Reporting,High,29-Jan-2026
59f809bc-6550-4099-8702-c6d78b0fd52d,8e9fbced-457c-4ffd-ab09-11fe56e858fd,Company,Payroll vs Turnover Mismatch,High,29-Jan-2026
d88a5af6-7c4a-4908-8c24-cc2355d4bceb,8e9fbced-457c-4ffd-ab09-11fe56e858fd,Company,VAT Under-Reporting,High,29-Jan-2026
1c8b2ea7-f6ed-4afe-9db3-6d8be8386982,243c126c-0d47-4ee0-8763-90b262812a90,Company,Payroll vs Turnover Mismatch,High,29-Jan-2026
bbb30cf0-5540-48c1-9c0c-df67016f43d2,d1582b40-c03e-4e3c-a929-d07d3e1bd582,Company,Payroll vs Turnover Mismatch,High,29-Jan-2026
7e33a790-5cf6-4d63-87c7-836b862cae55,d1582b40-c03e-4e3c-a929-d07d3e1bd582,Company,Turnover per Employee Anomaly,High,29-Jan-2026
61e7093f-fc48-4b93-9d2a-3e120fd77cdd,fcbba296-8bdf-48ef-bd37-fcbbb5c3288f,Company,VAT Under-Reporting,High,29-Jan-2026
76e06eae-6a43-4203-93fc-1610e5b3f42f,0ad6fa7e-e712-4912-a924-1b7218582819,Company,Payroll vs Turnover Mismatch,High,29-Jan-2026
97fb97a8-187d-4912-8baa-120bea90d6a4,cf04dbeb-5080-406e-8ce9-268495061d26,Company,Payroll vs Turnover Mismatch,High,29-Jan-2026
7faa567a-1e83-4002-9e3d-1fabee2bc66f,a916e646-f449-4e6b-86d7-294120cb1e7e,Company,Payroll vs Turnover Mismatch,High,29-Jan-2026
44c6aa4c-4548-430d-a376-ff6d68d65079,a916e646-f449-4e6b-86d7-294120cb1e7e,Company,Turnover per Employee Anomaly,High,29-Jan-2026
33c5b2f0-d2f0-47a8-9994-d19e4e626682,013153c4-3e20-4a40-900d-df1cc243228b,Company,VAT Under-Reporting,High,29-Jan-2026
1f305752-8606-4507-aa89-a6f5018177d8,ba4830f0-257e-4279-bd74-7ea198b7db15,Company,Payroll vs Turnover Mismatch,High,29-Jan-2026
3c616616-1033-4397-a0b4-55e3fdc5cba7,ba4830f0-257e-4279-bd74-7ea198b7db15,Company,VAT Under-Reporting,High,29-Jan-2026
bcf5b12c-2fa0-41da-9003-bf5a62acefa8,ba4830f0-257e-4279-bd74-7ea198b7db15,Company,Turnover per Employee Anomaly,High,29-Jan-2026
3cf79ac8-9b99-43a4-af8b-742a3d8df2b4,8ee3285e-b091-4e47-bf1a-48b761b8cfd5,Company,Payroll vs Turnover Mismatch,High,29-Jan-2026
96f35be7-20ee-4fa3-b8be-e17c06eaf26a,f1f3b893-0ad1-49eb-a17b-0419748e2f19,Company,VAT Under-Reporting,High,29-Jan-2026
2a9667e1-5c37-4952-bb3b-f61ee88474b4,ddfa5d9d-b03b-47d4-9d4b-35e97e5fe0fe,Company,VAT Under-Reporting,High,29-Jan-2026
8c0f2264-9d7e-407c-8836-7be82f313a53,bd0b8949-a6b6-44a4-972b-1309ed65ccee,Company,Payroll vs Turnover Mismatch,High,29-Jan-2026
53ae7647-7bbe-4cd7-90aa-46337cfb24b9,bd0b8949-a6b6-44a4-972b-1309ed65ccee,Company,Turnover per Employee Anomaly,High,29-Jan-2026
284ba615-edc7-417e-a037-f20cfd3508c4,a6486fe3-1ca7-445e-a3e0-25b9c491a8cf,Company,Payroll vs Turnover Mismatch,High,29-Jan-2026
b54ff579-7c37-4bf7-8718-56c90ac0b46f,c1bbf503-a5f2-4b9a-8f62-3847c97db548,Company,VAT Under-Reporting,High,29-Jan-2026
789ae94b-d7b6-4781-9010-67ffbf8b53ed,81c88eb4-5a7a-4d51-a4c3-131bdd750b30,Company,Payroll vs Turnover Mismatch,High,29-Jan-2026
f37f1c8e-0af1-4690-b255-01c45c36bde2,7734a663-3601-468d-9ab1-5c973f6ae628,Company,VAT Under-Reporting,High,29-Jan-2026
694c776b-af7f-4c72-9292-25be92d00ea0,9e87ac6e-eb67-418e-a3a4-d56a3b3ae6a3,Company,Payroll vs Turnover Mismatch,High,29-Jan-2026
e02b1a9d-54dc-4f45-af95-e828f7a0b59d,9e87ac6e-eb67-418e-a3a4-d56a3b3ae6a3,Company,VAT Under-Reporting,High,29-Jan-2026
7dbd0bda-c271-4c61-be3c-c154d7a96b81,17a102df-b777-4e21-be63-e9064241ee0c,Company,Payroll vs Turnover Mismatch,High,29-Jan-2026
13a87326-7ec2-425d-89c1-0d57af6a5d82,aef9a680-2199-4ee3-b1e5-c2ab913445b0,Company,VAT Under-Reporting,High,29-Jan-2026
db2f9065-3ef1-49d4-90ab-a0e7adb1f7eb,c4608a7e-ec8f-4688-b227-261b38e62f89,Company,VAT Under-Reporting,High,29-Jan-2026
3ece2d6e-785f-4ac0-8ab4-a1a72b8ea936,734e9a67-ea65-4ef6-b6bc-7fa8bce9752e,Company,Payroll vs Turnover Mismatch,High,29-Jan-2026
f29f6bb1-3bb8-4e59-a4d7-ca417cb11524,734e9a67-ea65-4ef6-b6bc-7fa8bce9752e,Company,VAT Under-Reporting,High,29-Jan-2026
12b71a34-9141-4024-965b-1ae8631dcea7,28dd07b7-59dc-4d45-886e-34edeed621e9,Company,VAT Under-Reporting,High,29-Jan-2026
6310f1a0-7bc1-43b7-ae30-13ed829836f6,6d3e447a-b8b1-4245-94fe-b2faaafb7daf,Company,VAT Under-Reporting,High,29-Jan-2026
a99b20de-b147-4106-88ab-d3476559314b,ca75f0c0-19ed-4da3-ae55-98d306b637c8,Company,Payroll vs Turnover Mismatch,High,29-Jan-2026
3b3701f0-4605-4efc-9d73-f780eaccd327,ca75f0c0-19ed-4da3-ae55-98d306b637c8,Company,VAT Under-Reporting,High,29-Jan-2026
a34f0d5f-43f1-4933-80f4-01a0e716cc99,ca75f0c0-19ed-4da3-ae55-98d306b637c8,Company,Turnover per Employee Anomaly,High,29-Jan-2026
f7c089d9-83c7-4877-ab68-89c214264fc2,180ea439-9239-4ff7-9758-7a493e216917,Company,Payroll vs Turnover Mismatch,High,29-Jan-2026
46badbc6-dcc2-4468-9519-ff96a10e01ab,180ea439-9239-4ff7-9758-7a493e216917,Company,VAT Under-Reporting,High,29-Jan-2026
257fc94b-6d7d-4cb1-9684-70a3c75265c7,165387db-e036-4a6e-9c64-f8ad7e7c744b,Company,VAT Under-Reporting,High,29-Jan-2026
3ae8937c-95d8-4686-975e-599948f37093,9ebe94ba-f8d3-4177-9310-d0349dd4237b,Company,Payroll vs Turnover Mismatch,High,29-Jan-2026
c66e9654-e118-4407-828f-c677ff772834,5d24857b-7fcf-463f-b261-f1395fd3dc2a,Company,Payroll vs Turnover Mismatch,High,29-Jan-2026
67e58b02-587d-4f9d-9d62-fbf6501bfb8d,2507095e-ab61-483c-bdb4-ba1aa6de15e8,Company,Payroll vs Turnover Mismatch,High,29-Jan-2026
c5a8ce72-f7c0-4ce0-9b84-2857395a19f5,2507095e-ab61-483c-bdb4-ba1aa6de15e8,Company,VAT Under-Reporting,High,29-Jan-2026
ce7880ef-e0c6-4ec4-9577-90c2cc2dc151,3081d240-2b53-4770-88dd-4e1bef87d803,Company,VAT Under-Reporting,High,29-Jan-2026
945db770-06c1-441d-91db-07fd0552c034,b59b3163-5f89-452b-9244-8648c1c2728d,Company,Payroll vs Turnover Mismatch,High,29-Jan-2026
ba0a6ea2-11f1-4666-a355-2961b059fa9d,a4a3550e-b848-4e9f-9d2b-7b34fafa409b,Company,Payroll vs Turnover Mismatch,High,29-Jan-2026
ca70b76d-9290-423e-9b58-68c7adb29fa1,a4a3550e-b848-4e9f-9d2b-7b34fafa409b,Company,Turnover per Employee Anomaly,High,29-Jan-2026
7b467fc7-a7b1-4145-8de7-4f4970f5a0c2,b79a24eb-2851-4c12-8171-875d9b74c4a1,Company,VAT Under-Reporting,High,29-Jan-2026
53c788ae-f0f3-4537-a3de-f319ae284847,12276a9f-df1a-44c0-9215-d208acd39a78,Company,VAT Under-Reporting,High,29-Jan-2026
2cb68d50-cf5f-41b4-b370-6e10bbcf5904,e27b9085-8f57-414b-88b2-41353a882a6e,Company,VAT Under-Reporting,High,29-Jan-2026
3e66b8e8-c68a-475b-948d-289d56561a0a,d3154ce5-3ca8-4697-9ec2-1cb19a5f5180,Company,VAT Under-Reporting,High,29-Jan-2026
7060fcb9-71e6-46b0-b15b-13f0f561b4b8,d376e01c-18fe-402c-a395-efcf07f127ab,Company,Payroll vs Turnover Mismatch,High,29-Jan-2026
2c10da0e-63ac-4dfa-9223-16fa72473b3f,d376e01c-18fe-402c-a395-efcf07f127ab,Company,VAT Under-Reporting,High,29-Jan-2026
1ead3b26-f328-43cf-8324-a38de61a73c9,d376e01c-18fe-402c-a395-efcf07f127ab,Company,Turnover per Employee Anomaly,High,29-Jan-2026
ab8021dc-0c66-4405-a520-c8a7ca71d8f9,2ad054dc-cfb2-4907-90fd-6f408680b1f7,Company,VAT Under-Reporting,High,29-Jan-2026
bb44b606-f88e-4e1b-879a-e2110e2fc37c,eaf5d898-cd87-49ae-a8b5-8916c218fae7,Company,Payroll vs Turnover Mismatch,High,29-Jan-2026
48b3be32-073b-4bd4-99e7-47b0283479d2,eaf5d898-cd87-49ae-a8b5-8916c218fae7,Company,Turnover per Employee Anomaly,High,29-Jan-2026
8015c3cc-4bd7-4f75-9e8d-df803574e6e8,80967617-3afe-4b89-a2da-d73057ea8714,Company,Payroll vs Turnover Mismatch,High,29-Jan-2026
c7b7a4dc-c9b5-401f-ad97-94dce165c395,80967617-3afe-4b89-a2da-d73057ea8714,Company,VAT Under-Reporting,High,29-Jan-2026
79fd7a20-ad01-4c8b-a227-98d1039bd30b,d4fe45ed-fd5f-4145-b43c-ddeb3c21f13d,Company,VAT Under-Reporting,High,29-Jan-2026
1e28b3ea-fec8-4b57-a628-478bff25af09,356c3767-10da-4574-a598-90d754f2fade,Company,VAT Under-Reporting,High,29-Jan-2026
183e2a1f-2c7d-4200-88e4-ea671adc40ef,cc80d72b-6b1f-4e36-af40-000aa31b5cf7,Company,Payroll vs Turnover Mismatch,High,29-Jan-2026
a4ab8bbe-6f84-4174-be43-bf079730be70,cc80d72b-6b1f-4e36-af40-000aa31b5cf7,Company,VAT Under-Reporting,High,29-Jan-2026
85292333-1ed7-43c9-8328-e4325a60c129,d42b16e8-e4df-4285-b75e-de5800640953,Company,VAT Under-Reporting,High,29-Jan-2026
76eae152-12c7-4634-a42d-706ca03a9e8c,747cb3a6-620f-42c2-be74-599d5f98aa70,Company,VAT Under-Reporting,High,29-Jan-2026
af78b0e5-30ed-4c74-b432-5b1a198d638c,776dc3f2-1439-449b-b464-a22e4a3b9117,Company,VAT Under-Reporting,High,29-Jan-2026
f1fdedc6-b7c6-4fff-a9d6-2242c48a00f3,9d355ef9-1a5b-4a02-91a4-0b71721fa7ef,Company,Payroll vs Turnover Mismatch,High,29-Jan-2026
9dd619ea-e16f-4686-8b95-5d69ff45065a,301a439f-24e1-49eb-ba61-253a8d5fc496,Company,Payroll vs Turnover Mismatch,High,29-Jan-2026
b113a99b-870b-49b6-a198-0dc5d121032c,301a439f-24e1-49eb-ba61-253a8d5fc496,Company,Turnover per Employee Anomaly,High,29-Jan-2026
f2d1559f-1f12-4cda-900e-37e245d1bc52,1534569b-4c09-402e-979f-677c0caab418,Company,VAT Under-Reporting,High,29-Jan-2026
43c07c3d-1fa4-46bc-b993-68d10c0bdbb5,b1d82486-4395-493f-9d73-7508e12596fb,Company,VAT Under-Reporting,High,29-Jan-2026
5a89270e-b55c-4aec-90ed-2cce371d2646,8b579c60-7c3f-4189-9808-fababb7a8339,Company,VAT Under-Reporting,High,29-Jan-2026
f4083d2d-aab4-490c-9cf3-9b2fe8aeb05c,ecc608bb-c8d0-4b56-9876-c2b0dbfa6c81,Company,Payroll vs Turnover Mismatch,High,29-Jan-2026
f30e576f-fa42-4b8b-90fd-97216eba13e5,ecc608bb-c8d0-4b56-9876-c2b0dbfa6c81,Company,VAT Under-Reporting,High,29-Jan-2026
e97cfb7e-07b7-420a-af9f-7dac56a22d69,0aae22ad-a55e-49e7-a768-c35f1e8c1e2d,Company,VAT Under-Reporting,High,29-Jan-2026
844bcccb-9190-4b43-859c-baa81b26ae9e,d5e64ed0-6144-467d-bd31-6b23a0fd653f,Company,VAT Under-Reporting,High,29-Jan-2026
b126d346-9e98-49d5-8228-8fb321039719,97ef9752-529e-45f2-9c42-d7f709840c1e,Company,VAT Under-Reporting,High,29-Jan-2026
b282e91a-fff3-4499-bfeb-698f497017aa,afc48fdd-9e6c-4828-ab48-a927afe6b7ed,Company,Payroll vs Turnover Mismatch,High,29-Jan-2026
b1824d2e-cbb6-41fa-98d2-f7e447c0236b,afc48fdd-9e6c-4828-ab48-a927afe6b7ed,Company,Turnover per Employee Anomaly,High,29-Jan-2026
19a7daff-6e3d-4512-9bb4-5e01998990c6,5e4712c4-fe25-45b3-b732-375128a05662,Company,Payroll vs Turnover Mismatch,High,29-Jan-2026
a1d7de71-c2c4-4630-9968-9be4be1d830a,5e4712c4-fe25-45b3-b732-375128a05662,Company,VAT Under-Reporting,High,29-Jan-2026
a6981d12-d303-4da0-8b43-3e89e2788665,5e4712c4-fe25-45b3-b732-375128a05662,Company,Turnover per Employee Anomaly,High,29-Jan-2026
fda79e15-5ec0-4e59-9b5b-348cdb9e667d,b342d2ab-8d13-412b-bab8-4421766a8d66,Company,VAT Under-Reporting,High,29-Jan-2026
06899229-5855-42a6-a55a-07aafbcd9c5c,c1f43d93-e785-4ea5-82bf-18481f8435a7,Company,Payroll vs Turnover Mismatch,High,29-Jan-2026
c83383a4-c2c3-4529-858c-c99dd1d7d018,c1f43d93-e785-4ea5-82bf-18481f8435a7,Company,Turnover per Employee Anomaly,High,29-Jan-2026
1b7ec766-57b0-4746-a36d-43f16f2b7e2e,7cf45a7e-b0b3-4d49-b364-238288730361,Company,Payroll vs Turnover Mismatch,High,29-Jan-2026
51052cac-dd1d-4c8b-b120-e96c463ecabd,7cf45a7e-b0b3-4d49-b364-238288730361,Company,VAT Under-Reporting,High,29-Jan-2026
fe28828b-b084-46c8-9be3-fa00b3d91b59,7cf45a7e-b0b3-4d49-b364-238288730361,Company,Turnover per Employee Anomaly,High,29-Jan-2026
b4b537bb-4096-4564-ae89-df30b2b93f24,227ec0a9-a6fb-464a-bee2-73505062629a,Company,Payroll vs Turnover Mismatch,High,29-Jan-2026
a6ac3a6c-96c9-4201-b441-f08ec0e280e5,227ec0a9-a6fb-464a-bee2-73505062629a,Company,Turnover per Employee Anomaly,High,29-Jan-2026
36783e07-40b0-47c5-b46d-2ed581e87349,845d8a2a-33c4-4d99-afc0-fab8f8a07414,Company,VAT Under-Reporting,High,29-Jan-2026
4b13603e-d67b-408d-8940-d3375c2dc3d7,b86cc02c-4346-45dc-9556-9ab3bc642148,Company,VAT Under-Reporting,High,29-Jan-2026
cd4a95ea-2e09-4e7e-a466-10c66e83d844,2eb746e1-b918-4f04-aa34-f5dc576fb9f7,Company,Payroll vs Turnover Mismatch,High,29-Jan-2026
a98991df-3675-4c9b-9598-bc23206d5e65,2eb746e1-b918-4f04-aa34-f5dc576fb9f7,Company,VAT Under-Reporting,High,29-Jan-2026
31fe7400-4021-4bd1-b7ee-0adae4d3f208,2eb746e1-b918-4f04-aa34-f5dc576fb9f7,Company,Turnover per Employee Anomaly,High,29-Jan-2026
eee8a975-1360-4921-9228-2c78e1e5cbc3,d408c20a-b1f2-4d5b-a4e6-4c9dc0f1ce0d,Company,Payroll vs Turnover Mismatch,High,29-Jan-2026
f78d1fd1-5530-4ee1-9ee4-bd90bcb3c9d8,d408c20a-b1f2-4d5b-a4e6-4c9dc0f1ce0d,Company,VAT Under-Reporting,High,29-Jan-2026
262028e1-1670-45a9-a372-888bfb5ecac2,d408c20a-b1f2-4d5b-a4e6-4c9dc0f1ce0d,Company,Turnover per Employee Anomaly,High,29-Jan-2026
9db48d3a-2aaf-419b-83d5-2d5e1bbde145,cbbaf017-c481-44be-92e6-2d7d3936c750,Company,Payroll vs Turnover Mismatch,High,29-Jan-2026
94a0c6ab-c869-4bd6-9a67-3e069e3ef601,cbbaf017-c481-44be-92e6-2d7d3936c750,Company,Turnover per Employee Anomaly,High,29-Jan-2026
e8773227-2d36-4c3f-a569-efc5bfed0887,69642bf0-b3e6-470f-bda6-f509235e4e34,Company,Payroll vs Turnover Mismatch,High,29-Jan-2026
bd2a973f-3a11-44de-b5fb-d40cec062b90,cc56acde-4a6e-40a1-bd3d-c1d77d79e064,Company,VAT Under-Reporting,High,29-Jan-2026
7ffb9ec3-4a50-470b-a739-755d5be4508b,f5ccd5d0-f437-4680-b4a2-dad5b1752f5c,Company,VAT Under-Reporting,High,29-Jan-2026
5a7f4033-b875-482e-b73f-43db71fb3117,57850ad9-d310-41ff-b93a-502ec4381fcb,Company,VAT Under-Reporting,High,29-Jan-2026
6bc37976-b003-4039-a2b3-e16469619338,a9f6a2e6-52f5-4411-bc04-781af8aea685,Company,VAT Under-Reporting,High,29-Jan-2026
e48518bc-d913-4797-b9bc-00ed857de2de,18ca0a3b-ce56-419a-a641-45816dcb04d8,Company,Payroll vs Turnover Mismatch,High,29-Jan-2026
ca4e3a39-8af7-441b-93a7-acd3fba230f2,d1d33b13-d8de-4e12-9af2-47b7c6358395,Company,VAT Under-Reporting,High,29-Jan-2026
3fc2d710-43cf-4858-8e9b-edd04fee7dc2,a48e4d7a-03fe-46e2-afa3-8ba6d6b4304b,Company,Payroll vs Turnover Mismatch,High,29-Jan-2026
7598db8a-d71c-4eab-85e4-7913feaa8be4,a48e4d7a-03fe-46e2-afa3-8ba6d6b4304b,Company,VAT Under-Reporting,High,29-Jan-2026
900fbbe8-0f24-4688-be12-455dfa7c84b3,52a5a135-f78e-4983-88ab-54ce028348db,Company,VAT Under-Reporting,High,29-Jan-2026
fb3304e5-341e-4484-8934-ce378c6efde5,2c4a1d9e-8473-4673-9ae2-9e6055dfd4cc,Company,Payroll vs Turnover Mismatch,High,29-Jan-2026
9d46b7e9-1053-4c91-a23c-66433a1fb3fb,2c4a1d9e-8473-4673-9ae2-9e6055dfd4cc,Company,VAT Under-Reporting,High,29-Jan-2026
71d4a65a-e92c-4886-8ad6-1fd5aad91e75,11ae2178-5aae-4d55-b3c0-cc445f731f63,Company,VAT Under-Reporting,High,29-Jan-2026
0f993145-2b5c-4fb7-86a4-2628d689132a,601a2a5b-3fc7-4e50-92c5-d80c85e98c00,Company,VAT Under-Reporting,High,29-Jan-2026
d92daf12-b063-49b5-815e-516494402c5c,42125e91-f976-4fea-8614-458273f7c80f,Company,VAT Under-Reporting,High,29-Jan-2026
d4bc2d76-5854-4c5f-82cc-738ca813d6df,34caeb9d-2291-4beb-a2c1-91ca0679754e,Company,VAT Under-Reporting,High,29-Jan-2026
270a39eb-6afb-43ce-a4dc-86b544226ce0,f45ca4f2-5c0e-42a0-a0af-fde1dfb7cfc3,Company,VAT Under-Reporting,High,29-Jan-2026
13c815fe-2310-48ac-996c-5763fdcd97e2,1c7e49b9-d07c-452f-a344-cdda54ca769a,Company,VAT Under-Reporting,High,29-Jan-2026
4fa53d9f-3f27-479d-aa5a-9c80edd9e3c8,b906c2ae-8305-4ddb-ad1c-358096ac680d,Company,VAT Under-Reporting,High,29-Jan-2026
4afd9815-19db-4d6f-8dca-614f15107863,dc1eee57-5000-41da-83a6-eeb6a056d22a,Company,Payroll vs Turnover Mismatch,High,29-Jan-2026
d84e3299-3ebf-4078-a32e-fa70d8b2ccf7,8569c950-1661-4179-8aef-34cdfa40c338,Company,VAT Under-Reporting,High,29-Jan-2026
1b86279d-9c38-45a2-beae-fa2a1cd89d05,ca5fb02e-27f8-4d41-a424-5b6d7d774d29,Company,VAT Under-Reporting,High,29-Jan-2026
8a2e203f-37f5-488e-969e-c95235f39847,0fda2c63-8249-487f-bc73-e6fb39c8f580,Company,Payroll vs Turnover Mismatch,High,29-Jan-2026
3540ea6d-cda3-4c5f-a288-46149b7e947a,0fda2c63-8249-487f-bc73-e6fb39c8f580,Company,VAT Under-Reporting,High,29-Jan-2026
72e38458-3c73-491a-a7fe-ef5990345ba1,684ed3d6-001c-4677-9908-972b53c3f034,Company,VAT Under-Reporting,High,29-Jan-2026
3b0bbd8e-db71-48bb-b0af-abed06a3ba9e,07e2c57e-d6dd-4cc5-8be4-4aec043cb639,Company,Payroll vs Turnover Mismatch,High,29-Jan-2026
c738b0ff-4af7-4a43-85bc-cde28ad2672d,07e2c57e-d6dd-4cc5-8be4-4aec043cb639,Company,Turnover per Employee Anomaly,High,29-Jan-2026
03aebe37-54cd-421a-a87e-9fdaca974bd0,e9a26d32-610b-4bc3-9f51-3f3c22bee187,Company,VAT Under-Reporting,High,29-Jan-2026
a79640f3-870a-45dd-8127-a1054e3c783a,30ace4e5-d5f4-4cab-a792-9969e560d371,Company,Payroll vs Turnover Mismatch,High,29-Jan-2026
9d6035fb-68a6-4670-b576-ea75e8f85b09,30ace4e5-d5f4-4cab-a792-9969e560d371,Company,Turnover per Employee Anomaly,High,29-Jan-2026
13851760-0489-4b32-bc9b-9f9503e0397b,f829d5e7-903d-4235-938b-fd1006cad000,Company,VAT Under-Reporting,High,29-Jan-2026
439a5fda-64da-4c0e-b6b4-8d4d61dc4bf3,fedf1258-02a2-4af3-96ed-6cc136c1b70b,Company,Payroll vs Turnover Mismatch,High,29-Jan-2026
6b95ac0b-c688-402b-84d5-ca5976bc83df,1c08b837-7025-4be5-a310-fa104cc0d1b4,Company,Payroll vs Turnover Mismatch,High,29-Jan-2026
96996369-23d1-4a47-8678-66948a3229ba,1c08b837-7025-4be5-a310-fa104cc0d1b4,Company,Turnover per Employee Anomaly,High,29-Jan-2026
fefb08d7-5207-4bbc-83c4-781423a4c49f,bda178f4-e966-4753-a889-a88c5434251f,Company,Payroll vs Turnover Mismatch,High,29-Jan-2026
e4415b79-1a19-410f-9f46-7827e8b95782,bda178f4-e966-4753-a889-a88c5434251f,Company,VAT Under-Reporting,High,29-Jan-2026
911dbd30-c2d0-4a27-88de-72bb3125585e,a4559a0f-bf6c-42bd-9e9b-519ef0d88cd5,Company,Payroll vs Turnover Mismatch,High,29-Jan-2026
91a3cdbf-8651-4aaf-9163-0c5f4da76565,a4559a0f-bf6c-42bd-9e9b-519ef0d88cd5,Company,Turnover per Employee Anomaly,High,29-Jan-2026
784e6902-ac88-42c9-867a-938b8bd4d7c7,32978724-f6eb-45b1-93ef-538fad9db1af,Company,VAT Under-Reporting,High,29-Jan-2026
559fc40f-8df7-4ed3-b862-abeb294e78bc,68b9471a-e4ed-476e-8473-461a1adaf08e,Company,VAT Under-Reporting,High,29-Jan-2026
b60fd027-d284-4fd6-abc2-8f9d0195bf69,88e7a04d-10be-4f31-97e0-233b242e1376,Company,VAT Under-Reporting,High,29-Jan-2026
663181c5-eef8-4b3a-95ab-9918b0dfdff3,1444ac23-920d-4b50-b67e-d2ee4a0e998b,Company,Payroll vs Turnover Mismatch,High,29-Jan-2026
e2dc442c-6e5e-4655-b8d6-20f6ad39504e,1444ac23-920d-4b50-b67e-d2ee4a0e998b,Company,VAT Under-Reporting,High,29-Jan-2026
9a98b65e-7feb-4b9b-8427-ffe1022af88b,cb93628e-024c-4697-be58-f0079f4bec38,Company,Payroll vs Turnover Mismatch,High,29-Jan-2026
36d827b4-38c7-4eb1-a718-cc7fc14425da,cb93628e-024c-4697-be58-f0079f4bec38,Company,Turnover per Employee Anomaly,High,29-Jan-2026
90ed2dba-06dd-431c-a848-7da092ea13ab,a65eddbd-b523-4c04-acdc-9857434a6c17,Company,VAT Under-Reporting,High,29-Jan-2026
e8d6a59c-c90c-498d-a0f9-d5dc764cb0ec,65e04785-320e-473a-a191-0dd52fd6eecd,Company,VAT Under-Reporting,High,29-Jan-2026
0a458bd7-1773-4517-ad10-e33f9b220b43,a17af13b-d1b3-4f71-ba4d-f2617d44c593,Company,Payroll vs Turnover Mismatch,High,29-Jan-2026
a2004f24-4d86-4339-82e3-783a49ecaf90,a17af13b-d1b3-4f71-ba4d-f2617d44c593,Company,VAT Under-Reporting,High,29-Jan-2026
8654f989-bbdd-473d-abc6-b9a60999340f,a17af13b-d1b3-4f71-ba4d-f2617d44c593,Company,Turnover per Employee Anomaly,High,29-Jan-2026
32be16b1-72c1-4d59-96d6-384fc17253a1,8127da15-c869-45f8-8637-0121ad2baed3,Company,Payroll vs Turnover Mismatch,High,29-Jan-2026
ef0d207c-5140-4be3-80a3-c412023a6674,8127da15-c869-45f8-8637-0121ad2baed3,Company,VAT Under-Reporting,High,29-Jan-2026
6e796b98-5b79-458e-a260-726016f250af,71fd88cb-5034-4044-a3ca-13a881f3eccb,Company,Payroll vs Turnover Mismatch,High,29-Jan-2026
fbf260dd-e309-4a15-9177-8d0115330b0d,71fd88cb-5034-4044-a3ca-13a881f3eccb,Company,VAT Under-Reporting,High,29-Jan-2026
92458ee4-ad08-481b-af3e-86c79b8cdc8e,71fd88cb-5034-4044-a3ca-13a881f3eccb,Company,Turnover per Employee Anomaly,High,29-Jan-2026
b8c9acee-72f7-42e4-a24d-80f4e3b5d738,b55d706c-2640-4136-ba99-5879f73be13a,Company,VAT Under-Reporting,High,29-Jan-2026
663c69cd-cda4-40c2-9660-331a740c8e7e,7da94abb-64d0-4c68-b73c-3d34b9e48fe0,Company,VAT Under-Reporting,High,29-Jan-2026
9324d05e-936e-46c9-b195-46b1c49a1cbb,9ae136b8-ae46-4e87-b661-ff686c3afbe5,Company,Payroll vs Turnover Mismatch,High,29-Jan-2026
704ec7ee-14c8-4e2d-a34f-304d90042f2f,9ae136b8-ae46-4e87-b661-ff686c3afbe5,Company,Turnover per Employee Anomaly,High,29-Jan-2026
396317fc-f08a-4dd4-8e3f-d4f2728c31ca,d4700d7d-a013-4dd3-9258-b379ef202bc5,Company,VAT Under-Reporting,High,29-Jan-2026
d7288ec5-c823-40aa-abcb-b649dd95f90a,95427864-f49a-4778-ae80-fe3d7d1e29de,Company,Payroll vs Turnover Mismatch,High,29-Jan-2026
2b043ed4-22e2-4779-9da7-4bffeb8c16e6,95427864-f49a-4778-ae80-fe3d7d1e29de,Company,VAT Under-Reporting,High,29-Jan-2026
b099b45d-1528-48bd-8fb8-05740930892b,1165e138-a19e-454e-b708-b474a59bb510,Company,Payroll vs Turnover Mismatch,High,29-Jan-2026
9903eb30-27f4-4815-aa28-a4a58ca756ed,e758bce4-f900-48a1-a754-524ea4fa12df,Company,VAT Under-Reporting,High,29-Jan-2026
50b3d299-5c4d-4611-9065-f73dbfe6f9bf,bd22dc71-a9ca-419b-a027-d14b1c733f29,Company,VAT Under-Reporting,High,29-Jan-2026
c38cbee9-2fe3-4ddc-8422-647c506e042a,06a3cbba-6ea1-49e5-9698-260b81daa3bf,Company,VAT Under-Reporting,High,29-Jan-2026
bc145abf-3b44-448d-b6d5-141bd0256908,1c2b6b4f-db4e-4c09-bfa4-2d48eb67dcc1,Company,Payroll vs Turnover Mismatch,High,29-Jan-2026
6b64a530-067c-41bf-95fc-8d3f8da2c02f,1c2b6b4f-db4e-4c09-bfa4-2d48eb67dcc1,Company,VAT Under-Reporting,High,29-Jan-2026
c576ca75-2924-4277-a226-fe86500fa124,b2cad46b-20ad-4a70-8301-d5d05a51a211,Company,VAT Under-Reporting,High,29-Jan-2026
2428e18a-c3b7-4fc5-86c9-b47279e75c7e,4818263d-e1d6-4b7d-a8b2-c8ced3fd0f5f,Company,VAT Under-Reporting,High,29-Jan-2026
564e62bd-3b4a-4270-8d55-b2e53edc7c52,7fab3f65-ae6d-4f7b-adf3-cfa679394278,Company,Payroll vs Turnover Mismatch,High,29-Jan-2026
dde2c64b-9644-4e3b-8bdf-357bb239b259,1dad668d-6cca-4031-afb7-ba1e0375943d,Company,Payroll vs Turnover Mismatch,High,29-Jan-2026
88c8a899-e19c-4e9a-b08f-01a56e7d7bc9,1dad668d-6cca-4031-afb7-ba1e0375943d,Company,VAT Under-Reporting,High,29-Jan-2026
97305052-fc4d-4dd1-8137-83d2facf4959,1dad668d-6cca-4031-afb7-ba1e0375943d,Company,Turnover per Employee Anomaly,High,29-Jan-2026
ba4f2a2e-8689-4c94-9057-df2c0353c117,8ea485aa-38db-4d36-8285-e9fcc78275e7,Company,VAT Under-Reporting,High,29-Jan-2026
d1a292cb-5044-4778-8a5c-ffdfef1c55d4,cc53d34b-0769-4c74-bcea-2b74da4ff7f5,Company,Payroll vs Turnover Mismatch,High,29-Jan-2026
e60058bd-7fbc-47cf-8c7c-b98861738f21,cc53d34b-0769-4c74-bcea-2b74da4ff7f5,Company,VAT Under-Reporting,High,29-Jan-2026
5fde1203-051b-4159-acc7-d7526b7c776a,034e1d21-76f9-4250-acf9-9936bce5752c,Company,VAT Under-Reporting,High,29-Jan-2026
b2b42068-2ef5-4d7e-af7a-9944fdda9fca,81e693ab-67be-41c4-97ef-a23d868594e2,Company,VAT Under-Reporting,High,29-Jan-2026
8d1181eb-e20d-4e5f-8303-abec0735ca99,2a8b639e-d6ea-4088-95fb-e6d48ad49d80,Company,Payroll vs Turnover Mismatch,High,29-Jan-2026
e6d33f62-aaf0-471d-8a02-2a682e0d1938,59c55246-ad21-4f28-847e-cd68299754d5,Company,VAT Under-Reporting,High,29-Jan-2026
373d210c-5a1b-4aed-8c53-6cab14254309,d1d3408a-5c9b-4c58-9e12-f215fd3aba01,Company,Payroll vs Turnover Mismatch,High,29-Jan-2026
a46496e5-10f0-406a-a47e-a446dc78363c,d1d3408a-5c9b-4c58-9e12-f215fd3aba01,Company,VAT Under-Reporting,High,29-Jan-2026
25834adf-955a-4bc8-933d-33872a98d531,82f25ccf-93c3-4035-a4cd-fd37057caf90,Company,VAT Under-Reporting,High,29-Jan-2026
ea765582-8c77-425f-b832-df587baa7809,05a0a715-d21f-4173-8266-33cda6287cbf,Company,VAT Under-Reporting,High,29-Jan-2026
2c3d3a75-86cb-49c3-8c57-55e8281d9a4e,c594e701-45dd-482c-a8c5-9b4ab320792f,Company,Payroll vs Turnover Mismatch,High,29-Jan-2026
2d5ec1e4-d3f2-4854-a31f-1905563fa354,c594e701-45dd-482c-a8c5-9b4ab320792f,Company,VAT Under-Reporting,High,29-Jan-2026
2e9c470b-31e7-41bd-a09b-d04583795252,316104de-5905-445c-acd0-9e3e53b021f1,Company,Payroll vs Turnover Mismatch,High,29-Jan-2026
6690e3d3-ffb6-482a-96d6-92a7a0be8cbf,fe0c9d2b-de80-4760-b319-011f743e60ac,Company,Payroll vs Turnover Mismatch,High,29-Jan-2026
3dc4c0c4-e9ee-45c9-9a4b-8139a3b6bf3e,fe0c9d2b-de80-4760-b319-011f743e60ac,Company,Turnover per Employee Anomaly,High,29-Jan-2026
649afafe-ae95-47b4-a3e4-a8b43b4cbcb7,4a795e28-4b45-4651-bd3c-32fe2e7fbdb5,Company,Payroll vs Turnover Mismatch,High,29-Jan-2026
d1c7b931-c5e5-45d6-898c-60799b04fee3,4a795e28-4b45-4651-bd3c-32fe2e7fbdb5,Company,VAT Under-Reporting,High,29-Jan-2026
90101ce7-8691-4199-ad96-ec66ab41ade3,aa155296-b7a4-495c-b9dc-d962631706c5,Company,Payroll vs Turnover Mismatch,High,29-Jan-2026
eac24275-146d-4411-ad8a-e1140d5caab3,adb54586-5e49-49cd-ad50-b91e9b686804,Company,Payroll vs Turnover Mismatch,High,29-Jan-2026
0ec39b5c-3c3e-469b-9cbe-166387716bda,adb54586-5e49-49cd-ad50-b91e9b686804,Company,Turnover per Employee Anomaly,High,29-Jan-2026
44c26522-72fe-4184-9e68-4b89ae0ebe31,e670eeca-3f98-4be0-952e-c987ea6c4c8e,Company,VAT Under-Reporting,High,29-Jan-2026
b9ddf337-aaf6-4cbb-ac71-a8d20a3f945f,32b7030c-e6b5-4520-8fce-4748c32b3ed8,Company,Payroll vs Turnover Mismatch,High,29-Jan-2026
3405689d-f52e-401b-be6f-75e4292f15b8,32b7030c-e6b5-4520-8fce-4748c32b3ed8,Company,VAT Under-Reporting,High,29-Jan-2026
9953b0f9-0444-479d-8193-f1212a16842c,42db561a-16d5-4944-9a44-5ec51222cef1,Company,Payroll vs Turnover Mismatch,High,29-Jan-2026
50a401d1-71dc-4514-bb37-407c24377d88,61612bf9-fa69-4fe8-acfb-a12eff851697,Company,VAT Under-Reporting,High,29-Jan-2026
f2a717ee-4fc7-43fa-a335-6a731dbdfdcb,ef09e5f8-8e87-40c1-9437-34bc14a9aaea,Company,Payroll vs Turnover Mismatch,High,29-Jan-2026
17ba79d9-7b45-4cc3-89d4-5231d78f2d80,ef09e5f8-8e87-40c1-9437-34bc14a9aaea,Company,VAT Under-Reporting,High,29-Jan-2026
4d717d9c-634e-4aa3-b066-d436707d85ac,c08f8d4e-8253-4971-b530-3209b7f4fa43,Company,VAT Under-Reporting,High,29-Jan-2026
ef0f76ee-c03f-4fe4-ae71-890f48947ddf,fbdd0f42-44ab-40e7-802b-b484949ca2c5,Company,Payroll vs Turnover Mismatch,High,29-Jan-2026
df61b941-c0ce-47d3-af6f-421cd3ab35af,fbdd0f42-44ab-40e7-802b-b484949ca2c5,Company,VAT Under-Reporting,High,29-Jan-2026
41556433-8679-4d0d-b7d9-e45fac7a7bfa,1abc077e-c194-406e-aeaa-3634b79d253b,Company,VAT Under-Reporting,High,29-Jan-2026
6e4f11d7-6ad3-4550-8b3c-e439daf74eb5,dc3eb0d0-6b56-4f81-a133-22488ac0e825,Company,VAT Under-Reporting,High,29-Jan-2026
55e089d5-ae09-4cc5-95a8-49a7b91f08a7,9311c5f2-c3fc-4a7e-98cd-e05caabc8b17,Company,Payroll vs Turnover Mismatch,High,29-Jan-2026
bf3c6e3b-8e7d-4025-b93d-aa7d8f7e525c,9311c5f2-c3fc-4a7e-98cd-e05caabc8b17,Company,VAT Under-Reporting,High,29-Jan-2026
89b73517-4693-4bed-91ee-91e9e8d3686e,9311c5f2-c3fc-4a7e-98cd-e05caabc8b17,Company,Turnover per Employee Anomaly,High,29-Jan-2026
57461207-70aa-4fdc-a528-985a8eb69bc6,14b02401-69d6-48bf-9762-d2ae145cd6f9,Company,VAT Under-Reporting,High,29-Jan-2026
13da870c-83a8-4334-8df3-14396c26923a,3da75f3b-dea1-49a1-9cc5-5bafc1752b50,Company,Payroll vs Turnover Mismatch,High,29-Jan-2026
92a98f4d-ace0-4f22-9923-f4d52c91a6ae,3da75f3b-dea1-49a1-9cc5-5bafc1752b50,Company,Turnover per Employee Anomaly,High,29-Jan-2026
b9b45a5f-462e-406d-bc42-77324f44d182,3dd5c709-88e6-4692-8d01-6df47ace235d,Company,Payroll vs Turnover Mismatch,High,29-Jan-2026
7a50a50c-a9dc-4d71-a8c0-6d9b2a472690,3dd5c709-88e6-4692-8d01-6df47ace235d,Company,VAT Under-Reporting,High,29-Jan-2026
28990a66-08f5-4e2f-bf20-47f2d0f0f88e,e2fed6bb-7370-4b2b-bac1-44957738ba7f,Company,VAT Under-Reporting,High,29-Jan-2026
22702496-305f-4783-a148-47df8e29c3b7,8525c8a1-04d9-4232-99b7-cd18a3744ff5,Company,VAT Under-Reporting,High,29-Jan-2026
920b2859-2926-4607-93fd-8a5b82c6f5a5,ccccc47b-d869-4200-9037-46b327e7e3f8,Company,Payroll vs Turnover Mismatch,High,29-Jan-2026
ac835296-df5b-42c0-bbb0-dc6ef0d44861,ccccc47b-d869-4200-9037-46b327e7e3f8,Company,Turnover per Employee Anomaly,High,29-Jan-2026
7efdc4f3-4786-41af-b451-5a943bb7a342,af868adc-1166-49fc-9c2f-9edd0b8c2434,Company,Payroll vs Turnover Mismatch,High,29-Jan-2026
975918a7-ce63-4dd5-9f81-bb43067d5ac3,af868adc-1166-49fc-9c2f-9edd0b8c2434,Company,VAT Under-Reporting,High,29-Jan-2026
848f7dba-09e6-40d8-8e5a-337356a9f805,779cce6d-7a2d-44c3-99b3-58dabce2af2c,Company,VAT Under-Reporting,High,29-Jan-2026
44ed903f-31f1-43a3-826e-23713689b444,1ccff1c4-6224-473d-9098-6a7fde506a0f,Company,VAT Under-Reporting,High,29-Jan-2026
813b01bb-3f18-40f3-9e64-afeb5834e165,38ad8a26-8a00-449f-a774-325bcf910559,Company,Payroll vs Turnover Mismatch,High,29-Jan-2026
4d8c3957-c828-4acc-bac9-0ae11f50ed85,38ad8a26-8a00-449f-a774-325bcf910559,Company,VAT Under-Reporting,High,29-Jan-2026
c0aa46ff-ecc3-4904-a0c5-bd493b81815f,38ad8a26-8a00-449f-a774-325bcf910559,Company,Turnover per Employee Anomaly,High,29-Jan-2026
25e77a55-95f3-4ada-8ddf-9cfc16bd2e75,48167072-5711-40d6-8bb3-9fa4ec124c1d,Company,VAT Under-Reporting,High,29-Jan-2026
8899c40a-beac-4c1a-ad0f-adb5e50419cb,9c71606a-2bc1-4c95-b65c-a4cfd3ae5e49,Company,Payroll vs Turnover Mismatch,High,29-Jan-2026
57fa414d-9c20-4aa5-aa2e-b0b166c731bd,aa3227ee-167d-402d-8363-ea2e896384fb,Company,Payroll vs Turnover Mismatch,High,29-Jan-2026
7ca3b1ab-18ec-4046-a169-30ea340349c0,b51225cd-ad28-4acf-b890-1d3a6f09ca00,Company,VAT Under-Reporting,High,29-Jan-2026
88378225-c2a6-4de7-847f-5bee9eafc298,af493efb-e2de-411e-a61b-51a08071b4fe,Company,Payroll vs Turnover Mismatch,High,29-Jan-2026
d323e137-ccfc-452e-ad3a-282b3f450586,af493efb-e2de-411e-a61b-51a08071b4fe,Company,VAT Under-Reporting,High,29-Jan-2026
2db6e36b-76d2-4550-804e-e8830776cf49,717f0d86-ff37-4cfe-b1c4-071ee973bd1d,Company,VAT Under-Reporting,High,29-Jan-2026
3f67aaa8-a412-432d-8141-91cbbf0c332e,ece98eb3-74b9-417f-b960-0859ec46e1a8,Company,VAT Under-Reporting,High,29-Jan-2026
559892c1-32ce-4860-ab9a-63fb582ae681,84fea88c-ab3f-4c9d-b046-e7e1f7237f9d,Company,Payroll vs Turnover Mismatch,High,29-Jan-2026
39afc770-3aa8-49a4-b85b-b792498b9d8e,3770dc38-304b-4099-9a52-3d1299c25d73,Company,Payroll vs Turnover Mismatch,High,29-Jan-2026
1b7f57d9-a8d4-47d1-acc8-5ba7917f7965,3770dc38-304b-4099-9a52-3d1299c25d73,Company,VAT Under-Reporting,High,29-Jan-2026
c191afe0-9735-4108-9244-d0c969a24da5,3770dc38-304b-4099-9a52-3d1299c25d73,Company,Turnover per Employee Anomaly,High,29-Jan-2026
1340082c-694b-4b2f-9171-3c83caad0df0,f8855652-1f3f-47e4-a562-01d49d6ddf5a,Company,Payroll vs Turnover Mismatch,High,29-Jan-2026
c0d224d5-1268-4263-8b29-7d4c60fb4250,f8855652-1f3f-47e4-a562-01d49d6ddf5a,Company,Turnover per Employee Anomaly,High,29-Jan-2026
92095cda-4295-4687-b918-131db4b44b9a,70997e51-2877-46ed-8908-179351d092b0,Company,VAT Under-Reporting,High,29-Jan-2026
c1635441-2fca-4d38-8c68-16c404de1d76,057d1c70-91c0-49a7-b584-028905fcbeba,Company,Payroll vs Turnover Mismatch,High,29-Jan-2026
1e2db60e-6f03-4ac5-8166-64cec4fe7450,057d1c70-91c0-49a7-b584-028905fcbeba,Company,VAT Under-Reporting,High,29-Jan-2026
d5c27bf0-3f78-4bad-ba35-5a5828f704ca,ed0e56f0-6170-454f-a64e-2c9d72b588e8,Company,Payroll vs Turnover Mismatch,High,29-Jan-2026
7bdd2200-a0b9-4c49-8aab-c8c7070ce220,ed0e56f0-6170-454f-a64e-2c9d72b588e8,Company,VAT Under-Reporting,High,29-Jan-2026
c706e34b-0ca7-417d-a609-fc15e026f91d,ed0e56f0-6170-454f-a64e-2c9d72b588e8,Company,Turnover per Employee Anomaly,High,29-Jan-2026
e5c08133-3343-4ba0-ba96-4aa32e045c4d,53b2d158-b077-4f5d-a158-7673aa4cf7f3,Company,Payroll vs Turnover Mismatch,High,29-Jan-2026
bc53ba8d-bc60-4c74-af44-3989472580f7,5ab61ae1-f1fc-4f9c-be80-254c81daeae0,Company,VAT Under-Reporting,High,29-Jan-2026
0dbde7aa-f8fe-4c23-855b-e74e7e5824a3,ab2adffe-c213-4ee5-b945-c91b9e98624b,Company,VAT Under-Reporting,High,29-Jan-2026
1b82079a-8244-4da5-8865-3e6ea069fafb,289aa11b-7fa7-47b4-9414-05e07bad63bb,Company,Payroll vs Turnover Mismatch,High,29-Jan-2026
8dc7fc2a-0d6d-4f28-beec-525461edb1dd,289aa11b-7fa7-47b4-9414-05e07bad63bb,Company,VAT Under-Reporting,High,29-Jan-2026
ca4dbc12-8e61-469a-8db0-a04442d41900,48de0596-0c78-40e1-b04a-fa66256d4208,Company,VAT Under-Reporting,High,29-Jan-2026
3c3dc695-f440-449b-98da-02d2b2b7e0a3,3535339c-ceb9-4682-8312-73a71a7a0333,Company,Payroll vs Turnover Mismatch,High,29-Jan-2026
b2267d66-b74a-4d2f-bff3-4ca0a335fee8,0c4caeb3-ee6a-4a77-9279-dca46c7b827a,Company,Payroll vs Turnover Mismatch,High,29-Jan-2026
7f574d72-fca8-4a5d-bc60-fe9954e7a153,0c4caeb3-ee6a-4a77-9279-dca46c7b827a,Company,VAT Under-Reporting,High,29-Jan-2026
375362a6-ff53-4878-b2fc-129c2b4f5a19,fafed813-9047-4555-aa1d-2abdc4d2252c,Company,Payroll vs Turnover Mismatch,High,29-Jan-2026
fe12c928-f159-4133-9693-23fe8a415fe7,fafed813-9047-4555-aa1d-2abdc4d2252c,Company,VAT Under-Reporting,High,29-Jan-2026
09bef0fc-e98d-405e-a63e-7d60fe36f50a,fafed813-9047-4555-aa1d-2abdc4d2252c,Company,Turnover per Employee Anomaly,High,29-Jan-2026
c68593af-9bfa-4717-819f-883323a1076c,1778dc80-04b2-4fd4-bb49-2af74abb8492,Company,Payroll vs Turnover Mismatch,High,29-Jan-2026
0306f38b-72e7-402f-ac08-0eab09f98d12,1778dc80-04b2-4fd4-bb49-2af74abb8492,Company,VAT Under-Reporting,High,29-Jan-2026
189a73aa-6207-45ef-8eb8-8e19b1a2021f,00b7f4d0-96a7-4f36-8016-955c669c1b04,Company,VAT Under-Reporting,High,29-Jan-2026
a9f2ac5c-1306-4fd6-9483-3ee983c346f6,b629135f-b52f-4bd0-a3ad-0a7e0d60bb8f,Company,VAT Under-Reporting,High,29-Jan-2026
88119419-db1f-4b3d-8cfb-557eeb7bc6a3,788863f4-97d7-4baa-9ed6-3a54bd7a0a5e,Company,Payroll vs Turnover Mismatch,High,29-Jan-2026
83ab4dad-d6b3-4ed1-9ee6-04c8cf11f2c0,788863f4-97d7-4baa-9ed6-3a54bd7a0a5e,Company,VAT Under-Reporting,High,29-Jan-2026
ed6b1ecf-98b2-45be-8603-0f38bc006f78,788863f4-97d7-4baa-9ed6-3a54bd7a0a5e,Company,Turnover per Employee Anomaly,High,29-Jan-2026
8db4f681-7266-4f11-9860-8a0b161d65d0,ebfdef4a-8de4-44d1-9632-c5a0f42aa85f,Company,Payroll vs Turnover Mismatch,High,29-Jan-2026
4881fcbc-b8b4-4c03-98e1-ad39909d2641,ebfdef4a-8de4-44d1-9632-c5a0f42aa85f,Company,VAT Under-Reporting,High,29-Jan-2026
83bdf634-9f71-4456-b920-58bc5d15b833,5d6b19f2-c4f5-4342-8139-97431ab9dc14,Company,Payroll vs Turnover Mismatch,High,29-Jan-2026
e27af319-4cd4-4151-b30f-c73b92126d71,5d6b19f2-c4f5-4342-8139-97431ab9dc14,Company,VAT Under-Reporting,High,29-Jan-2026
b96fb9ae-0b0d-48b5-a2c1-3353c159b94b,5d6b19f2-c4f5-4342-8139-97431ab9dc14,Company,Turnover per Employee Anomaly,High,29-Jan-2026
c00723e4-fa1c-4259-8f01-8cf919291a31,a06b8649-c53f-4512-81a6-c0ae36472ba0,Company,Payroll vs Turnover Mismatch,High,29-Jan-2026
964bafd4-1b18-4532-88ac-9088a3e3230c,a06b8649-c53f-4512-81a6-c0ae36472ba0,Company,Turnover per Employee Anomaly,High,29-Jan-2026
fcc90f07-ca13-47d9-800e-9ca99f8ba5d0,49798ffc-b4ca-4756-9d4d-6681bb2b0875,Company,VAT Under-Reporting,High,29-Jan-2026
9efae63c-a00a-48c7-b2e7-1f197b7dc087,16bb5648-9277-4a7a-87bd-5cc0b6a663ae,Company,Payroll vs Turnover Mismatch,High,29-Jan-2026
c71712c2-8f01-40e9-8a8d-6a8e22aa3dcc,16bb5648-9277-4a7a-87bd-5cc0b6a663ae,Company,VAT Under-Reporting,High,29-Jan-2026
6daf0a20-b238-4da4-8187-71f2bed8d16a,376ed43d-3f99-4fa4-8b56-6598540756a8,Company,Payroll vs Turnover Mismatch,High,29-Jan-2026
e7f8d632-502a-4d83-9881-990ce91a385b,376ed43d-3f99-4fa4-8b56-6598540756a8,Company,VAT Under-Reporting,High,29-Jan-2026
7ba4551b-7e17-4f4a-a7f9-daaca54eaf70,5a8a54bf-a219-4b4d-9353-3ff11aae1bc2,Company,VAT Under-Reporting,High,29-Jan-2026
4e202f35-e8ba-4fa4-bb70-a2041f1da151,81e3c300-cd44-4f7d-a96f-41dc0f5f3bc4,Company,Payroll vs Turnover Mismatch,High,29-Jan-2026
3d05aeff-7768-4200-a8ef-17bff2451da0,faffe263-cef9-439b-9558-11c1c02adb66,Company,VAT Under-Reporting,High,29-Jan-2026
0d79ac5d-0b4f-421f-956f-05a4d45ae7b7,1e1feffb-184e-48b6-8011-98939009113d,Company,Payroll vs Turnover Mismatch,High,29-Jan-2026
37c3318a-f1a0-4efa-805c-736b2fd0788d,711c32a5-2b28-4d60-809c-7ae3ed306a7b,Company,VAT Under-Reporting,High,29-Jan-2026
c579db7e-ff9d-40a3-a2c0-8632939f23d0,f6c2b306-25a0-4060-baf9-7fc270990535,Company,Payroll vs Turnover Mismatch,High,29-Jan-2026
12b289f5-37af-44a9-8fad-679902f651dd,f6c2b306-25a0-4060-baf9-7fc270990535,Company,Turnover per Employee Anomaly,High,29-Jan-2026
fcf64a6a-df1a-45a8-8e6b-b2ad0135271d,ce65f9ab-596c-4f7c-a265-213eabadcf25,Company,VAT Under-Reporting,High,29-Jan-2026
de992f67-e3bd-4884-a7ed-163a8ab27e4b,c9eea5e9-bfa6-4084-8765-3531912e9d03,Company,VAT Under-Reporting,High,29-Jan-2026
5f60ba29-8249-4791-bb09-c4fea3e8c4d3,70a4cc1f-cd85-4dd8-8c9f-783aecd976cf,Company,VAT Under-Reporting,High,29-Jan-2026
f2a2b08e-25f2-4683-a5e8-9fe13aaaf962,f96e7ffd-f828-43dc-8366-3e25a0fbd1c7,Company,VAT Under-Reporting,High,29-Jan-2026
593f4589-882f-404a-8ca8-85bf6263bf4b,3e41d26a-d345-4df4-8c11-b6a07f025512,Company,VAT Under-Reporting,High,29-Jan-2026
cc3e8110-a983-40c1-97c1-fdc4b0b57af1,2649678b-1bc8-465a-8e9b-edf9e3a5e4e5,Company,Payroll vs Turnover Mismatch,High,29-Jan-2026
04552e48-f782-4b65-acae-3bdc7a98a20f,42cc8cd8-165d-4422-8bc1-e3fdb7b5097b,Company,VAT Under-Reporting,High,29-Jan-2026
becbfadc-24b8-47fd-8aca-ede5c649c7bd,3bb118b3-47b8-4e00-b959-80096f61d572,Company,Payroll vs Turnover Mismatch,High,29-Jan-2026
693dfd73-dd56-4f35-98a6-e0ae6095b8e7,3bb118b3-47b8-4e00-b959-80096f61d572,Company,VAT Under-Reporting,High,29-Jan-2026
f9ab8af7-cee6-46dd-a31d-c137e1350052,293a1716-5058-4cb1-ae55-f02ac1210d75,Company,Payroll vs Turnover Mismatch,High,29-Jan-2026
3664c73c-9232-44c0-9d94-42dc8bc48ae3,a82a4be4-8089-4074-b7c3-33843ec2f102,Company,VAT Under-Reporting,High,29-Jan-2026
b1853dc0-873f-4d87-baf4-d5de3d13c4eb,94c5dea3-b0a3-46ca-950f-6489ce5d316a,Company,VAT Under-Reporting,High,29-Jan-2026
d95ad803-f156-4f66-9f75-495f25714d2c,9b7454a8-9168-4a13-8f1b-a49524c7df73,Company,VAT Under-Reporting,High,29-Jan-2026
d1c700f9-6f2b-4ff6-adc0-24102ebc3904,a39f5fac-e591-4a0a-a3d3-e070f8802f0a,Company,VAT Under-Reporting,High,29-Jan-2026
9c413e3f-ab73-4448-92b0-594ef2e916c5,ba771586-3a00-44fe-881d-e34eb314595f,Company,VAT Under-Reporting,High,29-Jan-2026
10aa9591-30e2-4c88-967e-d6ea06ffa25c,55f4cd96-e82b-48cf-bbd0-186e11b1d27e,Company,Payroll vs Turnover Mismatch,High,29-Jan-2026
f4e5a112-51ec-4f7a-b2bb-489d24a56b60,39fcbd8d-8f9b-499f-87ff-ee9effaba2df,Company,VAT Under-Reporting,High,29-Jan-2026
96e01a9a-1189-4c15-9328-84712ee3b68c,af7dbb2f-022e-422f-91ce-90c36929614b,Company,VAT Under-Reporting,High,29-Jan-2026
25e8ddfa-d2e7-41a7-856a-8f6977a0ab47,2e36fd12-1aab-4ad4-b0b4-18f1c1ac8195,Company,VAT Under-Reporting,High,29-Jan-2026
c091a72f-dc89-4a42-838d-327f16700167,62fda728-a06a-4ce9-8e9d-d23a9edcf835,Company,Payroll vs Turnover Mismatch,High,29-Jan-2026
031b4dce-f9e5-447b-942f-b24bc3405b00,34fb5c4f-bdd8-4e9f-a0ad-2796b3cdf0e4,Company,Payroll vs Turnover Mismatch,High,29-Jan-2026
4ff278ea-4ba8-4f21-a8cd-89034b4de0a0,34fb5c4f-bdd8-4e9f-a0ad-2796b3cdf0e4,Company,VAT Under-Reporting,High,29-Jan-2026
5d836472-3f8d-435f-ae9b-5b6f34679e5a,34fb5c4f-bdd8-4e9f-a0ad-2796b3cdf0e4,Company,Turnover per Employee Anomaly,High,29-Jan-2026
a9696da6-35b9-4763-9ebb-e8c48549ba20,08fdd264-ab6e-4a25-9e93-b09dadc8a02a,Company,VAT Under-Reporting,High,29-Jan-2026
f1bc4701-0fb7-41a6-b97e-4bbc1a396993,83baa360-89aa-4be4-b55b-c011c011d84b,Company,Payroll vs Turnover Mismatch,High,29-Jan-2026
b9d8bc25-3ed9-4435-93a1-41c82bc68fbb,466922a5-3e44-4b61-865f-756e37778978,Company,Payroll vs Turnover Mismatch,High,29-Jan-2026
7dbddce6-55a4-49b5-ae55-fbcdb9599ec7,af1e3936-c41d-433e-a157-d5a5aa5a9315,Company,Payroll vs Turnover Mismatch,High,29-Jan-2026
43eba187-ee2e-4d42-acf2-086e8baaebd1,d8a220e8-3b5e-4bdf-853c-b632e9eef031,Company,Payroll vs Turnover Mismatch,High,29-Jan-2026
ea3cc13f-d11d-4394-a1e1-cec119bc3b8d,b7a6ed6a-de40-4062-8820-82e72d23a9db,Company,VAT Under-Reporting,High,29-Jan-2026
efe06821-7ad5-4792-9b9d-0b42ee7685ad,708b3d5d-9ff0-4fa9-93c0-2c2ce7c8d13e,Company,Payroll vs Turnover Mismatch,High,29-Jan-2026
7bf57f8d-0806-402c-a309-9ff928f91a57,66aceb07-da3d-4dc8-b005-36988642c2eb,Company,VAT Under-Reporting,High,29-Jan-2026
7c584e8d-0518-43d3-a3fd-3124eab2f94f,46f56b52-1a11-45e7-8a26-a6281b61f184,Company,VAT Under-Reporting,High,29-Jan-2026
0a771ba8-00e9-4f37-aaa9-faa41723fafc,c28bef11-3f1b-4b7e-a6fa-8d8c6e56bc3f,Company,VAT Under-Reporting,High,29-Jan-2026
2c20517d-7a92-412b-86c4-db7f68843c5d,811302e6-f507-430a-8ca2-9f4b086fe816,Company,Payroll vs Turnover Mismatch,High,29-Jan-2026
f016ded3-fdc8-49af-9462-e07db4b4f460,53be7450-369c-4b66-8b3f-0b66b3c594c2,Company,Payroll vs Turnover Mismatch,High,29-Jan-2026
218c668d-43b9-4902-aefd-aeb119941ef2,2a1d67d5-4a0c-44b9-8ff2-11d495d2027b,Company,VAT Under-Reporting,High,29-Jan-2026
05ab654a-2b6f-4986-a17a-e66b097a64f4,0db00531-0445-4051-8fe0-600fcfa423b1,Company,Payroll vs Turnover Mismatch,High,29-Jan-2026
88058c96-7158-4b0f-a775-15149a874fa3,0db00531-0445-4051-8fe0-600fcfa423b1,Company,Turnover per Employee Anomaly,High,29-Jan-2026
1832d140-8345-4629-acdb-2890f6ee89b6,832b5f63-8131-44d7-b59b-e115f092d932,Company,VAT Under-Reporting,High,29-Jan-2026
6074d171-5839-4f26-921d-43f0263dfeae,c8acc055-df72-424d-986c-f2c1392a586b,Company,Payroll vs Turnover Mismatch,High,29-Jan-2026
eb28f3fc-0cbc-4060-a023-a754e24de9e9,c8acc055-df72-424d-986c-f2c1392a586b,Company,Turnover per Employee Anomaly,High,29-Jan-2026
17993900-bf6c-401c-a002-00b95c737604,ecf556b3-bcde-4ac7-bac2-4c3c8f9c5155,Company,VAT Under-Reporting,High,29-Jan-2026
61ed0be2-460e-4128-adcd-da9d69779d66,5e318d20-8518-455c-884f-01521d9740ee,Company,Payroll vs Turnover Mismatch,High,29-Jan-2026
6f1f60d1-4412-46b8-baeb-3278085f7fe8,2f4042c1-a098-4982-9ff1-01f6a1fccc42,Company,Payroll vs Turnover Mismatch,High,29-Jan-2026
54045446-966d-4248-a1eb-a5b044104ce4,bc2b4ebf-20c0-45ac-b9b6-92395c90569c,Company,Payroll vs Turnover Mismatch,High,29-Jan-2026
bc939414-e0ab-4219-bb6d-3a67185816b3,5415151f-a7e3-492e-b6f0-3db7c2277c43,Company,VAT Under-Reporting,High,29-Jan-2026
096224f7-7fe7-442c-b096-8ab2e3fd5fca,4be5895e-7580-423d-b96b-ae700122aed0,Company,Payroll vs Turnover Mismatch,High,29-Jan-2026
75dc5555-b506-45d7-8503-7b9d6a915c2d,4be5895e-7580-423d-b96b-ae700122aed0,Company,VAT Under-Reporting,High,29-Jan-2026
629b6121-d93d-4f93-bf5b-e7a567fe08e7,bb7d6248-d1f1-411a-97f1-bada445474aa,Company,Payroll vs Turnover Mismatch,High,29-Jan-2026
d036cf70-e3aa-48dc-b1d5-d57a1297a031,bb7d6248-d1f1-411a-97f1-bada445474aa,Company,VAT Under-Reporting,High,29-Jan-2026
9827e57c-044a-488b-80aa-6e0db798b379,bb7d6248-d1f1-411a-97f1-bada445474aa,Company,Turnover per Employee Anomaly,High,29-Jan-2026
752fb9e7-93e9-40d0-b33e-ba622ec5eeb6,807be140-6af9-4f6d-80fb-c86396d3a8a5,Company,VAT Under-Reporting,High,29-Jan-2026
4b506375-0499-4673-8712-988edd5c3ea7,0b0dfc76-8e4c-488a-8183-529c6b04b050,Company,Payroll vs Turnover Mismatch,High,29-Jan-2026
cf33dded-ba1a-426d-aa90-849defb9c10e,0b0dfc76-8e4c-488a-8183-529c6b04b050,Company,VAT Under-Reporting,High,29-Jan-2026
9f1bdfb3-bc79-44d3-9702-6db07f4aa30b,adc5d216-cd14-4435-8f66-435e2b54f3d9,Company,Payroll vs Turnover Mismatch,High,29-Jan-2026
fbdb4427-f24d-4aac-8950-4296ed5e5671,976228be-a885-4584-b955-4f3393ffee89,Company,Payroll vs Turnover Mismatch,High,29-Jan-2026
a7942398-b6d9-47e9-b4e3-49124109519a,976228be-a885-4584-b955-4f3393ffee89,Company,VAT Under-Reporting,High,29-Jan-2026
33619f92-cea4-42c3-b756-7a8a426adada,50d422f8-7cd4-45fa-ad19-bb36814913d5,Company,Payroll vs Turnover Mismatch,High,29-Jan-2026
bb7d5ab0-1ee0-46e0-a859-396053050e28,50d422f8-7cd4-45fa-ad19-bb36814913d5,Company,VAT Under-Reporting,High,29-Jan-2026
89f676b4-c905-40e6-9886-53895eae2166,50d422f8-7cd4-45fa-ad19-bb36814913d5,Company,Turnover per Employee Anomaly,High,29-Jan-2026
ca7c8a65-928d-487e-ade8-1ea661f054a7,27aac9aa-9c58-4f94-96c0-ae893227ff77,Company,Payroll vs Turnover Mismatch,High,29-Jan-2026
04adc28c-77c2-44ac-a6b9-4dff12d2cc7d,41fa7ef8-1fb9-44e7-bb89-30fba856fc14,Company,VAT Under-Reporting,High,29-Jan-2026
1dff0a0e-a168-4ae0-b0ff-84d67c029e52,08596cfd-b4c2-4501-a809-210356d4151a,Company,VAT Under-Reporting,High,29-Jan-2026
a79d7091-5414-4cf8-bdb6-6736923409f7,ac4e5f97-f795-4de4-a818-e327a270972a,Company,VAT Under-Reporting,High,29-Jan-2026
78bf4656-1d3e-43d9-9e72-4958fd761e02,9bd6659f-921a-47af-bba7-92b955e207d4,Company,VAT Under-Reporting,High,29-Jan-2026
e3dea46b-8fe7-49e7-91bf-71436b0b71b7,96427c83-1b66-473a-a6e8-ab1e752ba828,Company,Payroll vs Turnover Mismatch,High,29-Jan-2026
93887fe0-c8c6-4693-b676-0133afcb93a4,96427c83-1b66-473a-a6e8-ab1e752ba828,Company,Turnover per Employee Anomaly,High,29-Jan-2026
5d0ff6cd-a24e-49f6-a02c-1f53a171ba65,e489336d-76b8-4685-9686-c1e944229d8e,Company,VAT Under-Reporting,High,29-Jan-2026
f79f7fe7-4151-4f55-b91a-65c4cd955861,123ddff0-d0bd-496f-94af-22a05f7976a2,Company,Payroll vs Turnover Mismatch,High,29-Jan-2026
52a2bc5e-13ea-4828-83e0-7c2a591a1572,123ddff0-d0bd-496f-94af-22a05f7976a2,Company,VAT Under-Reporting,High,29-Jan-2026
2f439aad-e678-4a49-b328-92b0ed374886,819da066-f5c0-4684-8263-ac5209fd3967,Company,Payroll vs Turnover Mismatch,High,29-Jan-2026
c62a463b-b0b8-46b4-8740-ce7c13023f73,0c89922c-4df8-4461-a394-46af4547e8ba,Company,Payroll vs Turnover Mismatch,High,29-Jan-2026
05b8d7d6-8922-4790-9bc1-9685751eb7a4,edae0ce8-6273-4476-b8da-918f9d0e86da,Company,Payroll vs Turnover Mismatch,High,29-Jan-2026
329b318b-a2f7-474d-819d-0ba68fd7abad,edae0ce8-6273-4476-b8da-918f9d0e86da,Company,Turnover per Employee Anomaly,High,29-Jan-2026
b684d073-dfe5-4af2-910d-74451a672ebc,d7597cb3-af71-4745-9fec-f2e5c2f66660,Company,VAT Under-Reporting,High,29-Jan-2026
6ba33ab8-63e4-43af-bf8d-c881848997d1,e71b27e4-4d10-4e8d-9aa1-0137354fed11,Company,VAT Under-Reporting,High,29-Jan-2026
cfd44957-e92f-4e4c-9d7e-31cf2ac1ed0f,8e95f119-ddc4-46f0-b2dd-cc41ff99f345,Company,Payroll vs Turnover Mismatch,High,29-Jan-2026
6dac551c-9c77-4cef-ab8f-d268d5d126a0,8e95f119-ddc4-46f0-b2dd-cc41ff99f345,Company,Turnover per Employee Anomaly,High,29-Jan-2026
87cfcc89-a256-47a1-b1d5-f20594891da0,b37ebc0a-7f45-4fb1-a801-2b08a0bf05dd,Company,VAT Under-Reporting,High,29-Jan-2026
4191265e-7370-48d8-b26f-bf0d3ae3841e,87e13c35-886d-47c8-aca3-3018443e2c2c,Company,Payroll vs Turnover Mismatch,High,29-Jan-2026
5d1b10bf-2745-469e-9efb-18ee454100a3,87e13c35-886d-47c8-aca3-3018443e2c2c,Company,VAT Under-Reporting,High,29-Jan-2026
6d6ffae4-dba3-4abb-ae64-44b6bc5d7cbd,4f90182c-0a73-488f-b821-5e81b9d057fe,Company,Payroll vs Turnover Mismatch,High,29-Jan-2026
2fb49325-fd86-4b59-92d6-e604ab19536e,4f90182c-0a73-488f-b821-5e81b9d057fe,Company,Turnover per Employee Anomaly,High,29-Jan-2026
25b87610-5f8c-4917-8da2-8692923d2e35,ad5fc7ac-e4e7-4e8f-83e8-a32a115baded,Company,VAT Under-Reporting,High,29-Jan-2026
b57a4555-856b-495d-91a5-1164e5fee623,1a55d2c0-4e8b-4e63-b86b-b2250655bf68,Company,VAT Under-Reporting,High,29-Jan-2026
dd58ea6f-69ba-4747-a35c-ab3e7a12ccac,7be5b5c0-19cc-4974-99ad-74baa9b4ec7b,Company,Payroll vs Turnover Mismatch,High,29-Jan-2026
2b50852d-8049-4f4e-a3cd-769e241aa2ff,7be5b5c0-19cc-4974-99ad-74baa9b4ec7b,Company,VAT Under-Reporting,High,29-Jan-2026
0c1cc8f3-65b9-483e-8822-5aacda587c79,20f360fb-8208-483c-a607-7232a67bd048,Company,Payroll vs Turnover Mismatch,High,29-Jan-2026
cd6a36ad-752a-4a54-9107-ab576f6a5c87,20f360fb-8208-483c-a607-7232a67bd048,Company,VAT Under-Reporting,High,29-Jan-2026
eb6ce6c4-6503-4791-b936-3bae73dbcfe3,20f360fb-8208-483c-a607-7232a67bd048,Company,Turnover per Employee Anomaly,High,29-Jan-2026
2833991f-1186-4f4f-996d-a396ebcb4cb4,1da575ea-f0d7-47cf-9311-702ae21c3098,Company,VAT Under-Reporting,High,29-Jan-2026
31bdec56-e65b-47e6-8cf2-1c46706a02bf,b0b1221d-d153-467d-835a-269281d85dcf,Company,VAT Under-Reporting,High,29-Jan-2026
74ea11ce-e1a9-4135-9494-a7e6e4e897ec,88b6ad52-948e-4c5a-ad92-150479c5fffd,Company,Payroll vs Turnover Mismatch,High,29-Jan-2026
b290e0d5-facd-45d6-9ca3-402c12693ed4,88b6ad52-948e-4c5a-ad92-150479c5fffd,Company,VAT Under-Reporting,High,29-Jan-2026
6ac48d08-a7c5-43ad-99ff-1b0942ba7512,72853246-e182-438c-b942-80f627b2d9ed,Company,Payroll vs Turnover Mismatch,High,29-Jan-2026
10246709-2e02-4176-a3c6-14d3ff8f44fc,36eac18a-bdf1-442b-8d61-9a5761abf88c,Company,Payroll vs Turnover Mismatch,High,29-Jan-2026
b155a279-3222-48b7-ab5e-e61c9325e557,36eac18a-bdf1-442b-8d61-9a5761abf88c,Company,VAT Under-Reporting,High,29-Jan-2026
a653a9e1-0dc8-446e-8af7-f0a1def2f315,36eac18a-bdf1-442b-8d61-9a5761abf88c,Company,Turnover per Employee Anomaly,High,29-Jan-2026
f9125cf3-936c-4de2-bcc1-ebed252f96f7,5db9ad94-a008-482c-bc0c-a480f2fbc7be,Company,Payroll vs Turnover Mismatch,High,29-Jan-2026
e6bfd156-3898-47a9-b864-7b2a7408ef5e,5db9ad94-a008-482c-bc0c-a480f2fbc7be,Company,VAT Under-Reporting,High,29-Jan-2026
e82620c0-2e81-4366-82b6-bdce3a8d9eb5,b2c0c0ac-e924-4239-81e9-393276864694,Company,VAT Under-Reporting,High,29-Jan-2026
56744e28-c900-41cf-963e-b422c2f6e866,f5dc1a18-b1e3-43d2-b7cc-2e41efe015e7,Company,Payroll vs Turnover Mismatch,High,29-Jan-2026
1c9705b2-3620-4eac-8cb4-137025e4acfd,f5dc1a18-b1e3-43d2-b7cc-2e41efe015e7,Company,Turnover per Employee Anomaly,High,29-Jan-2026
c132e1c6-4b2e-435b-84ad-cdb6120517ad,906ec6b2-77c2-4180-babf-9acf2a5989cc,Company,Payroll vs Turnover Mismatch,High,29-Jan-2026
59ccc514-8163-48b0-b16b-e4f7c535e691,5d5970ff-7a9a-4572-9104-5f1b58100c6f,Company,Payroll vs Turnover Mismatch,High,29-Jan-2026
f75ae1c7-c894-455a-8386-fc69462088bf,5d5970ff-7a9a-4572-9104-5f1b58100c6f,Company,Turnover per Employee Anomaly,High,29-Jan-2026
2fce2b9a-8ebb-42c0-95a6-56bf7e97bf64,ccaa92d3-e6a1-4e2b-a818-1815fe9090c3,Company,Payroll vs Turnover Mismatch,High,29-Jan-2026
07a406f3-711e-4f7f-ae67-90074b8b344e,dcab518e-332c-4706-b3d6-ec4d3a6b1472,Company,Payroll vs Turnover Mismatch,High,29-Jan-2026
423c63d9-67d6-4113-930f-0a52cdf05d92,dcab518e-332c-4706-b3d6-ec4d3a6b1472,Company,VAT Under-Reporting,High,29-Jan-2026
e9b12be1-1c83-4843-8e1a-c7f1f8930c0b,16b0e0dc-d088-4e61-96ad-fe6860f6ceb2,Company,VAT Under-Reporting,High,29-Jan-2026
01e40817-b433-4d1a-b902-6f554c473c87,2acf4d60-7ec8-4b02-a6fa-5abc72855ba3,Company,VAT Under-Reporting,High,29-Jan-2026
fe716c21-094d-4d5f-8afe-0b07bbfd88cc,4a033550-f54b-4cc2-a276-25db0ce98720,Company,VAT Under-Reporting,High,29-Jan-2026
a16b82ab-de56-4021-9c4f-babd118a16cd,5f63654b-d670-4aff-9312-db985b59a316,Company,Payroll vs Turnover Mismatch,High,29-Jan-2026
c8dca300-88a1-4e19-ace4-7a8337a23ead,5f63654b-d670-4aff-9312-db985b59a316,Company,Turnover per Employee Anomaly,High,29-Jan-2026
8b99a2b4-457e-4b97-bb33-9b2d128f913e,b0059d71-8fa5-41d6-b34f-ad6eb3269b04,Company,VAT Under-Reporting,High,29-Jan-2026
f87021e0-3aa1-48ce-8138-37ef3c76b341,ec83912b-f9d7-42d5-b454-5a52ebe24599,Company,VAT Under-Reporting,High,29-Jan-2026
225661c4-3077-4b6f-b3a7-b0f42f70aa02,ff431483-aaba-4724-9dde-515a38dacec3,Company,Payroll vs Turnover Mismatch,High,29-Jan-2026
5166533f-15a8-411c-9773-3d2b90b98ef9,ff431483-aaba-4724-9dde-515a38dacec3,Company,VAT Under-Reporting,High,29-Jan-2026
3dfd0b32-dba0-4ce7-bc60-4cb548236dda,ff431483-aaba-4724-9dde-515a38dacec3,Company,Turnover per Employee Anomaly,High,29-Jan-2026
2a98824f-dcc5-4185-b0ee-8b7e8dce53ff,bda7b8cb-c95a-41d2-98f0-68c900abe9ec,Company,VAT Under-Reporting,High,29-Jan-2026
0dc50657-e652-43c0-9849-26a8c4307b12,23e7b625-0889-432d-92a6-87bd619ec161,Company,Payroll vs Turnover Mismatch,High,29-Jan-2026
4d391021-58ba-426a-b203-5b8c368005d6,670f3bab-4e2f-4f0e-9129-066696bfa5c0,Company,VAT Under-Reporting,High,29-Jan-2026
ea86cb6d-7644-4f29-a1b8-ddc0dfba2df5,9ca5241b-6211-4ce6-b2c6-0eb0b2fb8963,Company,Payroll vs Turnover Mismatch,High,29-Jan-2026
5346b426-f0a4-402b-8321-9b22db8e03d9,9ca5241b-6211-4ce6-b2c6-0eb0b2fb8963,Company,VAT Under-Reporting,High,29-Jan-2026
b7b951f1-6257-4956-a43c-3c6f02f00496,85e1de1c-e647-4493-84cd-e4b6e92f3478,Company,Payroll vs Turnover Mismatch,High,29-Jan-2026
9d1e338f-4675-42aa-b3de-5b815de1451d,85e1de1c-e647-4493-84cd-e4b6e92f3478,Company,VAT Under-Reporting,High,29-Jan-2026
e070d332-4267-4db5-bd7c-79bffb5fa7cc,8857529b-c339-462e-a2af-f084ed211b92,Company,Payroll vs Turnover Mismatch,High,29-Jan-2026
0bf22f7d-d134-4e09-b240-a59182934c46,8857529b-c339-462e-a2af-f084ed211b92,Company,VAT Under-Reporting,High,29-Jan-2026
34411639-0a3d-4221-8db8-cb4fedc56b70,befc6e10-f6ee-4f53-8ea2-ab6c2a608abc,Company,VAT Under-Reporting,High,29-Jan-2026
2b3c6455-cabb-499f-aeeb-e63c6c27b0cb,15c88c9f-0f53-4243-82d4-6fa635c768be,Company,Payroll vs Turnover Mismatch,High,29-Jan-2026
62b8ae3d-1db8-4ac4-aa05-708c956222fa,9f8c35cd-25e5-4df1-bf30-119b4fb55f17,Company,VAT Under-Reporting,High,29-Jan-2026
59878a69-c5ff-4588-82ce-6b3a3e290518,7104ffce-da3d-4db7-b19b-cc40dd6a5211,Company,VAT Under-Reporting,High,29-Jan-2026
9d6ea72e-74d8-43e9-859b-684e1f0106f0,b4814854-c68b-40ff-b8a9-551bf50f47d7,Company,VAT Under-Reporting,High,29-Jan-2026
5e5c1274-331a-483d-9463-1954df0a29bf,9817a3ec-439f-4de3-a564-5ce1ae51173d,Company,Payroll vs Turnover Mismatch,High,29-Jan-2026
c330a9cc-de0e-42f3-8e2e-920457f5931f,9817a3ec-439f-4de3-a564-5ce1ae51173d,Company,VAT Under-Reporting,High,29-Jan-2026
79f7a8e7-b5d1-476d-a1b0-5fa6a13283c4,423f0b4c-ab3f-4022-8041-04de46ffee50,Company,Payroll vs Turnover Mismatch,High,29-Jan-2026
a59d6836-211e-4cbe-b14a-9056c7d8313c,d817d9f7-fbdf-4118-8522-ca25424adbb5,Company,Payroll vs Turnover Mismatch,High,29-Jan-2026
3d5ac44f-8d5f-4211-bec6-a13add2ab79a,24f203f2-74fd-4142-beab-a92ea44cf166,Company,Payroll vs Turnover Mismatch,High,29-Jan-2026
5b633002-4320-4339-8d98-e7a287b90648,24f203f2-74fd-4142-beab-a92ea44cf166,Company,Turnover per Employee Anomaly,High,29-Jan-2026
cc1c954e-643e-4e6a-8f5e-26aa18fc1fbd,1aff68d6-aeb8-4b04-a937-328c04a50ad7,Company,Payroll vs Turnover Mismatch,High,29-Jan-2026
cbf29927-a756-42a8-9078-2791ddab136c,1aff68d6-aeb8-4b04-a937-328c04a50ad7,Company,VAT Under-Reporting,High,29-Jan-2026
bad04e61-badf-454f-ba35-b37865afe957,09e106f8-4547-40d3-995a-05e7e5c29a4a,Company,Payroll vs Turnover Mismatch,High,29-Jan-2026
62c39efa-84f2-4cb7-99fb-b8b8e6e2198d,09e106f8-4547-40d3-995a-05e7e5c29a4a,Company,Turnover per Employee Anomaly,High,29-Jan-2026
d379b3a8-bb96-45bf-894f-44bcb8d321c8,d5774fcc-9040-48b8-8f9b-dc76c18c137a,Company,Payroll vs Turnover Mismatch,High,29-Jan-2026
59e2aa09-ea6d-4435-8982-8197bdf7290c,d5774fcc-9040-48b8-8f9b-dc76c18c137a,Company,Turnover per Employee Anomaly,High,29-Jan-2026
44478137-b4df-4881-b1ae-1257a1c456b7,f1716046-42d3-40a3-a91f-a895dca266bc,Company,Payroll vs Turnover Mismatch,High,29-Jan-2026
9c37ce6c-dfa9-4eff-a914-5009617bb0eb,f1716046-42d3-40a3-a91f-a895dca266bc,Company,VAT Under-Reporting,High,29-Jan-2026
fbe5d15b-48a3-4c17-b9c2-cd4b3c5266d0,7da739e4-c6a0-4367-a068-9e260c5cf785,Company,Payroll vs Turnover Mismatch,High,29-Jan-2026
e3bffde8-0ad5-4123-9c4b-90afd6066924,7da739e4-c6a0-4367-a068-9e260c5cf785,Company,VAT Under-Reporting,High,29-Jan-2026
3a2d1747-a156-4dd8-9853-f6ecdb83dc43,0a1eea4b-f6f7-4bd1-88db-5b66f7398bf0,Company,VAT Under-Reporting,High,29-Jan-2026
c28ca9c7-f130-466a-8fd7-ef9cf99ace47,e6374f2d-336b-401e-abfd-fc17f93d42d6,Company,Payroll vs Turnover Mismatch,High,29-Jan-2026
fda5f02f-7284-430e-88b0-065439a43194,e6374f2d-336b-401e-abfd-fc17f93d42d6,Company,VAT Under-Reporting,High,29-Jan-2026
67c99d90-177d-44d7-a114-93d59d0b6396,7306b9f2-d154-4c5c-ae6f-492ffe9646b2,Company,Payroll vs Turnover Mismatch,High,29-Jan-2026
0a77fd26-3c7a-438f-ae39-8f31dffa52c2,7306b9f2-d154-4c5c-ae6f-492ffe9646b2,Company,VAT Under-Reporting,High,29-Jan-2026
f35b0693-8ddd-4e12-a2ba-ac592c5a6b82,3130089a-3348-4a8f-bbf7-114b7f557f8b,Company,Payroll vs Turnover Mismatch,High,29-Jan-2026
d79e0013-1afd-46e4-9ae6-16e8a8434074,3130089a-3348-4a8f-bbf7-114b7f557f8b,Company,VAT Under-Reporting,High,29-Jan-2026
8cb051c0-3909-49d0-8ac4-e38903ace083,3130089a-3348-4a8f-bbf7-114b7f557f8b,Company,Turnover per Employee Anomaly,High,29-Jan-2026
21bf5ba9-a4d7-4a95-a9b0-af16b5627f9b,20ce5069-68ec-45ae-abc3-8a4dead9ee9c,Company,Payroll vs Turnover Mismatch,High,29-Jan-2026
23a673c0-1cca-463f-a26c-a8550d1ab7bc,30e809a2-1e84-45a3-b293-1cd23baa34a6,Company,VAT Under-Reporting,High,29-Jan-2026
7f6f5e97-d8ba-4e63-8a3e-13942393927d,3f48c688-b9ec-42c6-984e-ea8eb4e2be10,Company,Payroll vs Turnover Mismatch,High,29-Jan-2026
2fd5970e-7ed3-4314-a206-9d38d6f49f2a,81d2262a-61f4-4402-a59a-16e51c60057d,Company,Payroll vs Turnover Mismatch,High,29-Jan-2026
9bf13c96-cfb1-490d-ae87-a310f1bc05d8,81d2262a-61f4-4402-a59a-16e51c60057d,Company,VAT Under-Reporting,High,29-Jan-2026
d6d247a2-38f8-4588-b3e4-d9844c3cea3c,81d2262a-61f4-4402-a59a-16e51c60057d,Company,Turnover per Employee Anomaly,High,29-Jan-2026
d0062705-e5c5-4f66-bb16-194b0bb3b618,c82a9efd-02a2-4522-813d-2a201ea2791b,Company,VAT Under-Reporting,High,29-Jan-2026
3435da2c-090f-4bc7-9f27-50c127edc0e6,d5139083-70aa-4c64-84dc-c49c73fe7ebd,Company,Payroll vs Turnover Mismatch,High,29-Jan-2026
23176a63-e564-4501-89bb-3473c287bec8,d5139083-70aa-4c64-84dc-c49c73fe7ebd,Company,Turnover per Employee Anomaly,High,29-Jan-2026
ce826568-a098-45b9-8c2b-9d4f42ec8250,4a304745-685c-45c4-aab0-6a1fb631a780,Company,VAT Under-Reporting,High,29-Jan-2026
dfcefab1-680e-42fd-8c99-285dd48dac0e,6a1c3948-d754-4a5b-baa3-93ab77ff8389,Company,Payroll vs Turnover Mismatch,High,29-Jan-2026
d8bc3515-a9ec-4ee5-801a-2253cdb9705e,6a1c3948-d754-4a5b-baa3-93ab77ff8389,Company,Turnover per Employee Anomaly,High,29-Jan-2026
a61e6774-c330-4079-ae66-e3335badccf5,4e242bc8-a826-4125-8bf3-55c4d64a9cbc,Company,Payroll vs Turnover Mismatch,High,29-Jan-2026
caaffb4e-c830-4325-b228-cfb82ade257c,0852d56e-47e1-493f-a6a0-c25ff26dac23,Company,Payroll vs Turnover Mismatch,High,29-Jan-2026
c4b3d95d-7608-49cd-9fb3-197c73a9a5f1,0852d56e-47e1-493f-a6a0-c25ff26dac23,Company,Turnover per Employee Anomaly,High,29-Jan-2026
43a622ad-e9e7-4619-88ca-1cdd1e3673bc,3287e7ea-1cc8-4d19-b313-c4b2d5c53a6a,Company,Payroll vs Turnover Mismatch,High,29-Jan-2026
3228f4ca-5064-4a59-a9d4-2cfce177d8dd,3287e7ea-1cc8-4d19-b313-c4b2d5c53a6a,Company,VAT Under-Reporting,High,29-Jan-2026
f4e0891e-d79a-48c0-a2b9-769e52a7bace,3287e7ea-1cc8-4d19-b313-c4b2d5c53a6a,Company,Turnover per Employee Anomaly,High,29-Jan-2026
a1d7cc58-045a-4b57-aa71-4b6ad50c1fe9,56f23c4e-a041-4b4d-b485-a277eedbb92d,Company,VAT Under-Reporting,High,29-Jan-2026
64fa96d9-2318-43e2-b67d-e6aaf9510ab1,1c068149-9b18-43e8-b317-b109ba356321,Company,Payroll vs Turnover Mismatch,High,29-Jan-2026
d34b85c5-c5eb-4457-8753-68ec0d945b0e,1c068149-9b18-43e8-b317-b109ba356321,Company,VAT Under-Reporting,High,29-Jan-2026
a078a33c-df2c-49ad-827b-f784a4f6f615,1c068149-9b18-43e8-b317-b109ba356321,Company,Turnover per Employee Anomaly,High,29-Jan-2026
6e9dfc53-851f-4e75-bebb-39508e80b472,52d8bae8-be59-498e-8ef3-4fcb2f6ced8c,Company,Payroll vs Turnover Mismatch,High,29-Jan-2026
5164d71f-2254-491c-9d08-8fecd4f101ae,6014bd50-3452-48b2-9268-58596540ef1b,Company,VAT Under-Reporting,High,29-Jan-2026
b5d67651-b529-4cbc-9851-9ad6d7fcda0f,ef5f944d-21c2-45fd-a84e-833fe5f897cb,Company,Payroll vs Turnover Mismatch,High,29-Jan-2026
886cb35d-c5d8-443a-ab80-3ab95a5f7884,ef5f944d-21c2-45fd-a84e-833fe5f897cb,Company,VAT Under-Reporting,High,29-Jan-2026
3c3f059c-7030-42dc-a7f8-b7f6c55eefd7,ef5f944d-21c2-45fd-a84e-833fe5f897cb,Company,Turnover per Employee Anomaly,High,29-Jan-2026
4058130f-92e2-48e1-90ce-895ea7339298,420d3bf1-6d67-4673-a61f-3522138a1805,Company,Payroll vs Turnover Mismatch,High,29-Jan-2026
674b0264-401a-43ca-bbbb-b65a28c2c0ca,420d3bf1-6d67-4673-a61f-3522138a1805,Company,VAT Under-Reporting,High,29-Jan-2026
8ae31c2b-4945-453a-a286-3e8f8a8cb531,ae55f0cb-d60a-432e-8b22-42ac9a620e92,Company,Payroll vs Turnover Mismatch,High,29-Jan-2026
b0984167-d57f-4a88-8939-83eedc9d9507,ae55f0cb-d60a-432e-8b22-42ac9a620e92,Company,VAT Under-Reporting,High,29-Jan-2026
6b4615df-14bc-4db4-9d37-90350aeb90b4,ac8dccd2-79d1-4e90-a77a-519e45519058,Company,VAT Under-Reporting,High,29-Jan-2026
7e731c07-5071-4413-85c5-44e02f2dcb4d,bb10f689-60f4-4430-b20d-94f671672b33,Company,VAT Under-Reporting,High,29-Jan-2026
35cf5753-9b0d-4282-a45c-368bb4fb2a80,9e441841-7097-4f21-b578-f9a0f50ef21b,Company,VAT Under-Reporting,High,29-Jan-2026
f8678e44-969d-4250-95d9-d5f05daed0aa,5996b461-4983-4ff1-9dc6-6b11087f7dbd,Company,VAT Under-Reporting,High,29-Jan-2026
0cd622b7-67ba-4564-9cdb-89c1663dd956,7e7d3e85-7564-4913-be66-67fe82324d89,Company,Payroll vs Turnover Mismatch,High,29-Jan-2026
faecc52d-0547-47c2-aa8e-31b64fda09d6,7e7d3e85-7564-4913-be66-67fe82324d89,Company,VAT Under-Reporting,High,29-Jan-2026
5110757b-8efa-4201-92d9-628c005a56ce,7e7d3e85-7564-4913-be66-67fe82324d89,Company,Turnover per Employee Anomaly,High,29-Jan-2026
7f31673a-846a-4a76-a999-604a6f4cfc25,b06585ce-7bb9-4bc2-83f9-595b66e5a48d,Company,VAT Under-Reporting,High,29-Jan-2026
a2912d67-3460-4703-aa96-a8ee6d7761c7,00ab170b-ccff-4d31-9dbd-995bd91e77fa,Company,VAT Under-Reporting,High,29-Jan-2026
61e8471b-134d-48fb-94ab-50744c40e5ca,1c06d04f-9170-469d-b9d2-b8b1da8f87fe,Company,VAT Under-Reporting,High,29-Jan-2026
5732d6c6-5695-4db5-8730-0aa1f49a19a4,3388ab96-4957-43c9-94e4-a549740e99c8,Company,Payroll vs Turnover Mismatch,High,29-Jan-2026
73f145f0-1104-4f49-add9-9d6af3ebc994,3388ab96-4957-43c9-94e4-a549740e99c8,Company,Turnover per Employee Anomaly,High,29-Jan-2026
896df071-fead-4cf7-b763-24e2e3ff153c,12492305-f9c5-466b-a046-0c9be90f5680,Company,Payroll vs Turnover Mismatch,High,29-Jan-2026
7b3fbed3-5692-4d04-97c6-8a86140901ab,f48a23af-bb28-4ebf-a31e-3a59c3b62ecb,Company,Payroll vs Turnover Mismatch,High,29-Jan-2026
15030ef1-7580-4298-a7a3-84f4942075bf,38b274d8-8302-49ef-b77b-2e4e13c5fca8,Company,VAT Under-Reporting,High,29-Jan-2026
87b6d1ec-a683-4c50-8dc5-d3afddb51046,35da4ab8-25b5-4bf1-a5ee-f2a7f022a5e1,Company,Payroll vs Turnover Mismatch,High,29-Jan-2026
3a477037-d9cc-419b-9f2a-201b171eeb4c,35da4ab8-25b5-4bf1-a5ee-f2a7f022a5e1,Company,Turnover per Employee Anomaly,High,29-Jan-2026
ac9f5e42-fc0b-4afb-bfe5-59f4d555cae6,11286967-69d4-4412-b249-302ca435e9ce,Company,Payroll vs Turnover Mismatch,High,29-Jan-2026
43997384-f50c-4d3c-87fd-54fe8dc5dd5a,6deee484-01f4-4789-86f1-6f523c683985,Company,Payroll vs Turnover Mismatch,High,29-Jan-2026
c7aba3a6-9e1d-40fc-8b2b-273044c1af4f,6deee484-01f4-4789-86f1-6f523c683985,Company,VAT Under-Reporting,High,29-Jan-2026
29d58bd1-daa2-4c37-a042-ec1c9f4cfac7,1384e9a8-319d-475b-be17-de0626332ade,Company,VAT Under-Reporting,High,29-Jan-2026
26d926a6-9bf2-4dce-b23d-ae7bda62ee54,8fd65c97-b84f-4480-bdab-5f35c34245b0,Company,VAT Under-Reporting,High,29-Jan-2026
f226230e-d45d-4bd6-9855-8e226cb14ae2,dc6429b1-4ff4-4bda-a361-6804786b2431,Company,Payroll vs Turnover Mismatch,High,29-Jan-2026
5b7c7d1e-9900-452d-a2ae-cb11147aa908,dc6429b1-4ff4-4bda-a361-6804786b2431,Company,VAT Under-Reporting,High,29-Jan-2026
292b9f02-c943-4fda-a751-1c299bd04179,dc6429b1-4ff4-4bda-a361-6804786b2431,Company,Turnover per Employee Anomaly,High,29-Jan-2026
ff552d6b-d0f7-4abd-be3b-8829f1a2a33f,da205a3c-1c03-447e-9940-ec05da1df4a5,Company,VAT Under-Reporting,High,29-Jan-2026
36ecb367-fa48-4ea3-b42c-d74e5946ba59,7a3baad4-68d3-4411-a2fb-fc3ed6249b06,Company,VAT Under-Reporting,High,29-Jan-2026
c91d9a73-837a-449a-a309-b15c5a1809d5,de727e69-36b4-4a53-b0de-9fcfefd7a290,Company,VAT Under-Reporting,High,29-Jan-2026
870fff70-6198-4c9e-a274-86b7f3f77208,be92da5a-b0c4-4861-b812-015c1b3e5299,Company,Payroll vs Turnover Mismatch,High,29-Jan-2026
255924c8-88d2-46dc-a5ad-9c65b5c9e3ea,be92da5a-b0c4-4861-b812-015c1b3e5299,Company,VAT Under-Reporting,High,29-Jan-2026
deff51f8-550f-4098-8069-472673724859,be92da5a-b0c4-4861-b812-015c1b3e5299,Company,Turnover per Employee Anomaly,High,29-Jan-2026
07d5d06e-03d4-4691-9f62-289958f9ebae,b77acc4a-52d7-4eec-b788-be6a8388b284,Company,Payroll vs Turnover Mismatch,High,29-Jan-2026
e1ef399c-75d7-4e0d-8030-94997913f2e1,70186e63-48a3-4647-82de-3ad33e9c99c0,Company,Payroll vs Turnover Mismatch,High,29-Jan-2026
02854763-f8da-4710-8d0b-6a496d698fc4,70186e63-48a3-4647-82de-3ad33e9c99c0,Company,VAT Under-Reporting,High,29-Jan-2026
416867ed-611e-42a9-80df-eebe63ecf478,9d2acb67-62ab-4639-8895-2336b9274f01,Company,VAT Under-Reporting,High,29-Jan-2026
f0c384d6-3053-4ed2-802e-14667e31fe65,4539efde-de24-4699-ae51-ee1fa27c423b,Company,Payroll vs Turnover Mismatch,High,29-Jan-2026
83b92f44-f791-41a6-8f0b-a9b53bfe40c5,4539efde-de24-4699-ae51-ee1fa27c423b,Company,VAT Under-Reporting,High,29-Jan-2026
8bc611ca-6432-43cd-8b48-71ec2a1bc773,4539efde-de24-4699-ae51-ee1fa27c423b,Company,Turnover per Employee Anomaly,High,29-Jan-2026
e62e9210-0a02-498d-aafe-8b68010b4e1c,f2282847-d507-4485-8afc-9de29f9b5463,Company,Payroll vs Turnover Mismatch,High,29-Jan-2026
637b393d-410e-4e3e-8e3a-fb6a1b1c166a,f2282847-d507-4485-8afc-9de29f9b5463,Company,VAT Under-Reporting,High,29-Jan-2026
427bb483-f9f4-4419-ada2-2482ee66e873,2fbf2c33-0fdc-4b1c-bdb0-3bf3d880816e,Company,VAT Under-Reporting,High,29-Jan-2026
8c48ab89-3078-498c-ae95-697408b93c28,4d0917e7-b3c9-4ceb-8935-d753414bfa47,Company,VAT Under-Reporting,High,29-Jan-2026
c4af58f5-4924-4060-ac43-065c740ba208,b8599505-7e0b-48cf-a818-4f5c06d868c4,Company,VAT Under-Reporting,High,29-Jan-2026
83a66115-c3bd-40e1-9e2f-7286800fc502,eaa1bf83-c4d4-43cc-b19d-0502eddbd5a2,Company,Payroll vs Turnover Mismatch,High,29-Jan-2026
7b8cd6ec-a4c0-4d85-9b93-222fc17276e2,3f148f10-ad22-4411-b94e-9865213b4525,Company,VAT Under-Reporting,High,29-Jan-2026
1aa2e202-4863-4704-b54a-824610fff6c6,d9ebb56e-f5c7-474e-b0b2-a397006874c7,Company,VAT Under-Reporting,High,29-Jan-2026
80c3c682-3752-46fe-ba7f-7928918fae63,5d31dc1b-b8fb-4650-8194-24ac367c17fb,Company,VAT Under-Reporting,High,29-Jan-2026
78db8894-4bf4-4e42-820a-10af129177f5,366239a6-5cab-4e1f-a148-40a53a0b1509,Company,VAT Under-Reporting,High,29-Jan-2026
b8b7dbea-3fb4-47a5-8149-4c4e4248cdc4,7ff6c220-9ac6-4ab4-b15a-ef60033eb0c2,Company,Payroll vs Turnover Mismatch,High,29-Jan-2026
28523130-e799-42f6-8c7b-c07e17e61649,7ff6c220-9ac6-4ab4-b15a-ef60033eb0c2,Company,Turnover per Employee Anomaly,High,29-Jan-2026
c437f6c3-791e-4907-9756-4a3f58390a9d,a319d444-b18a-475b-afe3-38f3938f0f2a,Company,VAT Under-Reporting,High,29-Jan-2026
1c16e32b-1078-422e-ae11-fcb2841ae26b,585b6616-7767-4be1-a1cd-7beda1d27ab2,Company,Payroll vs Turnover Mismatch,High,29-Jan-2026
cb82e8a0-12df-4fa8-83f1-7ea67facaf6c,585b6616-7767-4be1-a1cd-7beda1d27ab2,Company,VAT Under-Reporting,High,29-Jan-2026
72d60aba-3445-499d-9695-072857ff546f,b86f51c6-5cc5-4f2a-b0f5-54bc5c348aad,Company,Payroll vs Turnover Mismatch,High,29-Jan-2026
bfdb84d3-5ee5-47b3-b619-24e4dfc1fc7b,b86f51c6-5cc5-4f2a-b0f5-54bc5c348aad,Company,VAT Under-Reporting,High,29-Jan-2026
c2adc465-22ea-4ed3-8dad-e8a8493c3933,b86f51c6-5cc5-4f2a-b0f5-54bc5c348aad,Company,Turnover per Employee Anomaly,High,29-Jan-2026
d5ab2bae-c65f-46a4-9e3f-7e579dcad190,f4d8caff-1be4-42b6-98b8-2f58c8349fdf,Company,Payroll vs Turnover Mismatch,High,29-Jan-2026
e08e874f-2708-484a-911c-e2bd304cc95a,f4d8caff-1be4-42b6-98b8-2f58c8349fdf,Company,VAT Under-Reporting,High,29-Jan-2026
4b6d1377-7001-479b-81c6-69205de52407,f4d8caff-1be4-42b6-98b8-2f58c8349fdf,Company,Turnover per Employee Anomaly,High,29-Jan-2026
941a5565-8daa-405f-a5b6-3e14d8eb7a9b,9466dd44-b1a4-4f98-9eb0-c99c58dff8d6,Company,Payroll vs Turnover Mismatch,High,29-Jan-2026
3b4a42ac-b332-42a2-9c0e-599be0db9111,f2e4433b-58e3-4f24-96a9-80ac7cc1b4d0,Company,VAT Under-Reporting,High,29-Jan-2026
fbb5ae5a-0cb0-48d6-9a58-1ba7e61345f1,4de2e969-5fa0-46f9-a460-ea3932839d58,Company,VAT Under-Reporting,High,29-Jan-2026
805aae81-571d-4c84-9392-ba595ab6de83,92cd2c13-7189-4848-9f94-c5653ce37915,Company,Payroll vs Turnover Mismatch,High,29-Jan-2026
be049871-201a-48b9-8204-c1c575f845d5,92cd2c13-7189-4848-9f94-c5653ce37915,Company,VAT Under-Reporting,High,29-Jan-2026
6f01de07-34b0-4bcc-a231-e97663ec3472,92cd2c13-7189-4848-9f94-c5653ce37915,Company,Turnover per Employee Anomaly,High,29-Jan-2026
af487fd6-2905-42f8-a52e-909777c79efd,143652f0-8604-474d-84ce-e0c59f0ae15a,Company,VAT Under-Reporting,High,29-Jan-2026
19ab4ec6-5594-469f-9572-bce1af494ceb,796dcb80-860f-4c11-a2de-f1b3d94919f5,Company,VAT Under-Reporting,High,29-Jan-2026
e9c00295-9d64-4926-9e15-8fdb784e6327,74fb9543-93ba-444f-b777-9be2b9251845,Company,VAT Under-Reporting,High,29-Jan-2026
9f5a72b8-26df-48d6-9f17-492e00708071,e22609fb-8e06-43a4-8971-d4785ce81232,Company,Payroll vs Turnover Mismatch,High,29-Jan-2026
2fe23c93-9460-47a8-bf54-6c8ecef50b11,e22609fb-8e06-43a4-8971-d4785ce81232,Company,VAT Under-Reporting,High,29-Jan-2026
fd2baf6b-2691-4d33-b793-8dd641167f15,0e5d73d5-ef5f-4486-8578-89dce21f26ea,Company,Payroll vs Turnover Mismatch,High,29-Jan-2026
29bd66e3-6cc5-4d8c-991c-903e927d9fc4,0e5d73d5-ef5f-4486-8578-89dce21f26ea,Company,VAT Under-Reporting,High,29-Jan-2026
5379db0e-0039-407c-8a27-ee44c1e33db0,0e5d73d5-ef5f-4486-8578-89dce21f26ea,Company,Turnover per Employee Anomaly,High,29-Jan-2026
ff9e0074-3cdb-4e91-b97c-0a81736b4d4f,4d1f8f9d-798c-495f-ad85-b604f00dd4b0,Company,VAT Under-Reporting,High,29-Jan-2026
0f2692fd-afe0-46e9-88a7-76e74c44f43e,fade9a77-c991-4e6b-98e2-bb881b583370,Company,Payroll vs Turnover Mismatch,High,29-Jan-2026
8ac54770-2607-4dee-bb17-332665862966,fade9a77-c991-4e6b-98e2-bb881b583370,Company,VAT Under-Reporting,High,29-Jan-2026
1443bd9a-91e0-4a1f-9bba-212f2c9d789c,9ddeaa46-2b28-46e1-a290-4ccb7d8d45ba,Company,VAT Under-Reporting,High,29-Jan-2026
e829c5c4-aa24-42ab-a901-c7ae6d355df3,bc07fe87-c716-46ab-8b83-0dc1119121bb,Company,Payroll vs Turnover Mismatch,High,29-Jan-2026
2e33a59b-b968-4cfd-832e-ee7280ae0a5c,bc07fe87-c716-46ab-8b83-0dc1119121bb,Company,VAT Under-Reporting,High,29-Jan-2026
0b5eae56-44bc-4f7f-adf8-db3922030522,0c9be035-5320-4d29-bd8d-2e351f1dd3e2,Company,Payroll vs Turnover Mismatch,High,29-Jan-2026
9807fc27-884f-40ea-939e-d95075cdbcd7,c0b78a11-c3b3-4a6a-89f0-62efe1191f2a,Company,Payroll vs Turnover Mismatch,High,29-Jan-2026
8e683343-b830-4e1f-8a25-ed5b8f4f4273,e999a468-3ec1-4ec1-b552-b632bc894abc,Company,Payroll vs Turnover Mismatch,High,29-Jan-2026
92dac390-72fd-4aa8-8365-fe74132221df,e999a468-3ec1-4ec1-b552-b632bc894abc,Company,Turnover per Employee Anomaly,High,29-Jan-2026
2af53081-9a74-4ff6-a579-13dc4a98ab73,3423150c-46bc-4fb7-bc95-4fffa6942683,Company,Payroll vs Turnover Mismatch,High,29-Jan-2026
907b7f09-442f-4c9e-8e2a-f5beb3655e09,3423150c-46bc-4fb7-bc95-4fffa6942683,Company,Turnover per Employee Anomaly,High,29-Jan-2026
f43e38fe-fefa-4e77-a909-f10100222799,de6336f2-f900-4d86-adb8-ff215bdd80ce,Company,VAT Under-Reporting,High,29-Jan-2026
2934478e-65be-4797-bf49-07fd943325dd,0f8f8403-592d-489b-bb4f-6eedd01bf86a,Company,Payroll vs Turnover Mismatch,High,29-Jan-2026
12290cdc-a926-4573-ac48-b89309a74fb7,0f8f8403-592d-489b-bb4f-6eedd01bf86a,Company,VAT Under-Reporting,High,29-Jan-2026
d1831437-8ce9-4cfb-a152-361a723a8712,0f8f8403-592d-489b-bb4f-6eedd01bf86a,Company,Turnover per Employee Anomaly,High,29-Jan-2026
4062ad4b-d4b5-49f4-9703-b59aa2a866b9,76949393-2469-4537-b494-f1eb20ff760a,Company,Payroll vs Turnover Mismatch,High,29-Jan-2026
a2e79227-2bd8-419b-95fc-290508019d15,76949393-2469-4537-b494-f1eb20ff760a,Company,Turnover per Employee Anomaly,High,29-Jan-2026
d2960a90-5391-4ba1-a5b9-58481f1d743b,d80e43f7-103b-44fb-935c-348e0eecce97,Company,VAT Under-Reporting,High,29-Jan-2026
d90fe80b-3150-4f7d-8a1f-1529b9386893,e3d24479-9479-4612-9eaa-1717cc87e864,Company,VAT Under-Reporting,High,29-Jan-2026
dedd8746-2b11-4a43-affe-b3e6c5a6386c,21138eae-a924-4f15-8380-d990bf4082f4,Company,VAT Under-Reporting,High,29-Jan-2026
87a8e145-5585-4a4d-a0b2-d57b2cde4379,1cd9d794-fd77-4776-86e6-66365b4c0d8c,Company,Payroll vs Turnover Mismatch,High,29-Jan-2026
6af68250-4a7d-4f84-8a1c-00e11e7b7fc0,1cd9d794-fd77-4776-86e6-66365b4c0d8c,Company,Turnover per Employee Anomaly,High,29-Jan-2026
2ca77da2-f3de-4d89-b0c6-96d2ffc4a345,20036c30-9a1c-4e3a-8b50-0f0196b7157f,Company,VAT Under-Reporting,High,29-Jan-2026
24f85c69-5e8b-4072-b71f-fe7b1d8b5282,3b9feba3-f992-4223-84f6-3afc8ff24f90,Company,Payroll vs Turnover Mismatch,High,29-Jan-2026
fe61215b-e758-4ec4-92ee-ef7cc694e732,ef6c297d-7611-4a74-94b0-9032601f131a,Company,Payroll vs Turnover Mismatch,High,29-Jan-2026
2f832279-1559-47c5-8c91-c3ffd69e7d6f,ef6c297d-7611-4a74-94b0-9032601f131a,Company,VAT Under-Reporting,High,29-Jan-2026
e6684d5a-92a4-482f-b99e-4cc6b4e749e9,d0791377-04cd-4a3c-9b3c-01707e58c541,Company,Payroll vs Turnover Mismatch,High,29-Jan-2026
705d151f-8755-46a2-be99-55ae8b219925,d0791377-04cd-4a3c-9b3c-01707e58c541,Company,Turnover per Employee Anomaly,High,29-Jan-2026
398cb1a7-668f-44c0-90f8-cf9ae494b736,1bda27ec-29c3-46d7-bfe2-d838eac53150,Company,VAT Under-Reporting,High,29-Jan-2026
ba0d6d37-f4e4-4446-8933-5d639d50e6cf,fe57d20b-c929-4b64-bb1c-f75c7cc8f70d,Company,Payroll vs Turnover Mismatch,High,29-Jan-2026
4ade6ec0-e98e-4d60-8bdf-18742d047c6e,08624717-2223-4601-b0c5-8c248f94cec2,Company,VAT Under-Reporting,High,29-Jan-2026
56d4291f-b82b-4f48-a875-763f53e82f63,f7fcad9c-8f68-4717-8dce-6048093b7eb8,Company,Payroll vs Turnover Mismatch,High,29-Jan-2026
8aa28733-c61f-4d4e-b025-f2a150217943,f7fcad9c-8f68-4717-8dce-6048093b7eb8,Company,Turnover per Employee Anomaly,High,29-Jan-2026
640e49ed-da9e-4744-801f-a8fcc06c280f,ba80d4da-67ff-4466-8f7d-f6547aad74b1,Company,Payroll vs Turnover Mismatch,High,29-Jan-2026
11c641e8-5f29-42c9-96cb-b63537db7f8e,b060e3ef-670d-48c0-8cd3-e52a182b213b,Company,Payroll vs Turnover Mismatch,High,29-Jan-2026
fc1b43cc-3a40-44b3-9699-d20cd6732d35,b060e3ef-670d-48c0-8cd3-e52a182b213b,Company,Turnover per Employee Anomaly,High,29-Jan-2026
9188c05e-60c8-48d1-96de-973ea924336e,c4f6d1aa-2bf9-418c-bcb5-414dda3be2de,Company,Payroll vs Turnover Mismatch,High,29-Jan-2026
4a538690-929d-44f0-8067-9c7732d8522a,3533581b-e55b-4620-885e-ee5b1409a7ee,Company,Payroll vs Turnover Mismatch,High,29-Jan-2026
61d4353d-0775-4222-b228-797d3da1f890,3533581b-e55b-4620-885e-ee5b1409a7ee,Company,VAT Under-Reporting,High,29-Jan-2026
0b761e8e-58f6-4c23-bbc5-06991ff8b171,a0e3a7c7-8f39-4541-aa21-ac2c73c1df3a,Company,Payroll vs Turnover Mismatch,High,29-Jan-2026
c8f891eb-1c37-4491-b7fb-05bcc61a1613,a0e3a7c7-8f39-4541-aa21-ac2c73c1df3a,Company,Turnover per Employee Anomaly,High,29-Jan-2026
0dc4bd8b-f642-4624-9aaf-afef30cb583e,88be96d2-ccca-45f1-b219-7838b6bf8f5e,Company,Payroll vs Turnover Mismatch,High,29-Jan-2026
3c578eea-68b3-4c45-a1bd-871138896a8c,88be96d2-ccca-45f1-b219-7838b6bf8f5e,Company,Turnover per Employee Anomaly,High,29-Jan-2026
bee9d6d6-5f6f-4643-afbf-db4ec3a3ba0c,08696ba5-4487-4632-9c85-c355c30f7862,Company,Payroll vs Turnover Mismatch,High,29-Jan-2026
8bd47d2c-0a47-42dd-89f4-a05d868e1faf,5671618e-b93d-45af-b7b8-56b4069cedfe,Company,Payroll vs Turnover Mismatch,High,29-Jan-2026
0d4f19db-3c64-42e4-bd93-c579bcc697b0,5671618e-b93d-45af-b7b8-56b4069cedfe,Company,VAT Under-Reporting,High,29-Jan-2026
9d1ba118-2f17-43cd-a33b-1dbc4890e2a8,5671618e-b93d-45af-b7b8-56b4069cedfe,Company,Turnover per Employee Anomaly,High,29-Jan-2026
3d4f9915-d5e4-43a3-ab2b-ae22ee6805ff,1fdaf5d6-275f-4629-9027-5d616ec01466,Company,VAT Under-Reporting,High,29-Jan-2026
f8fbf535-b9e9-4355-b777-c7dfa2bedec8,5d478719-8cf5-446e-9ae3-de6478872a71,Company,Payroll vs Turnover Mismatch,High,29-Jan-2026
e9a82f6a-bd46-454e-92ae-cbbc419595b0,a0fe1c2a-6a6a-4431-8795-18efbe75fb48,Company,VAT Under-Reporting,High,29-Jan-2026
3aae622e-d426-48d3-872b-adb563d4717e,2e152581-8613-41a4-9df0-0bc6d5db8e64,Company,VAT Under-Reporting,High,29-Jan-2026
673b92d6-1cfb-4f7a-851c-71f6eaab6a7c,39d80b08-86d5-44b8-a781-7bc3fd09d0c1,Company,Payroll vs Turnover Mismatch,High,29-Jan-2026
bac65da4-07b3-4353-bb84-d59706331b30,98b41934-b85e-4387-9ab6-b70f7704eadf,Company,VAT Under-Reporting,High,29-Jan-2026
b740c600-9292-406a-8677-586ce6c71087,45598e42-1444-4a58-a6ed-35161517dd60,Company,Payroll vs Turnover Mismatch,High,29-Jan-2026
bfcda669-7111-4275-bcb1-ca881c9bafc3,ca0ce6a2-b7e3-4585-afd7-e196b266d693,Company,Payroll vs Turnover Mismatch,High,29-Jan-2026
691b5b8a-82c3-4ad5-9844-861a1575ccc1,ca0ce6a2-b7e3-4585-afd7-e196b266d693,Company,VAT Under-Reporting,High,29-Jan-2026
e197ed79-a2bd-4efe-a577-25e882ab238a,9dcb5ebd-d23d-4cf7-b894-a79bc118afb3,Company,Payroll vs Turnover Mismatch,High,29-Jan-2026
edc85ff2-40ac-499d-9e47-fc4b954aee92,9dcb5ebd-d23d-4cf7-b894-a79bc118afb3,Company,Turnover per Employee Anomaly,High,29-Jan-2026
c26cbc54-9b68-4582-9e13-9e29ac1ce560,89c1ff52-968c-46e9-ab7a-5a2ed96e605c,Company,Payroll vs Turnover Mismatch,High,29-Jan-2026
7c94dd67-30be-493f-b07c-b054c06554df,2ff166d7-5219-4fe5-aa6b-34aa4c3e36fd,Company,Payroll vs Turnover Mismatch,High,29-Jan-2026
0ddb8cd7-be57-4e76-aa88-ecc64caf08a7,2ff166d7-5219-4fe5-aa6b-34aa4c3e36fd,Company,Turnover per Employee Anomaly,High,29-Jan-2026
36c3ed8a-af2e-43fd-86a0-5af0c9341d89,1a66185e-53e5-4021-842f-d64ceb51e34f,Company,Payroll vs Turnover Mismatch,High,29-Jan-2026
f5fba11c-454c-40cf-8407-789e39f70719,1a66185e-53e5-4021-842f-d64ceb51e34f,Company,VAT Under-Reporting,High,29-Jan-2026
7dc239f5-bb69-4a0c-bbfa-891d6df87f55,b76f3295-fee9-4734-9b6a-5805cfc9f9d1,Company,Payroll vs Turnover Mismatch,High,29-Jan-2026
c088ad78-fd33-476e-8d87-5eefa14dea98,25c3cb19-a6b4-4ab7-97f2-7366d080e4dc,Company,VAT Under-Reporting,High,29-Jan-2026
649863e2-252d-4615-bc1f-7fbe730a7127,c4f49b34-903e-499b-a2eb-6669a3523402,Company,VAT Under-Reporting,High,29-Jan-2026
5a56b405-88af-4035-b80d-a958e3ff24ca,14bb3ec0-84b8-4a06-9f3c-dcec9005b98d,Company,Payroll vs Turnover Mismatch,High,29-Jan-2026
6f8ad280-a2ca-4acc-be17-1d30427f38e6,14bb3ec0-84b8-4a06-9f3c-dcec9005b98d,Company,Turnover per Employee Anomaly,High,29-Jan-2026
a7c714f5-2cb0-4807-8a6b-f90997dca8e5,4b5d404f-7166-4eb3-ae05-8b79a12c9c7a,Company,Payroll vs Turnover Mismatch,High,29-Jan-2026
cbb9294b-f37e-4a4a-9c86-51f09e1cc2d3,22340ab5-cf5c-40ff-b46e-cd96ba3223ef,Company,Payroll vs Turnover Mismatch,High,29-Jan-2026
29b28505-cd97-4500-ad1e-35a68dc6c563,22340ab5-cf5c-40ff-b46e-cd96ba3223ef,Company,Turnover per Employee Anomaly,High,29-Jan-2026
d5615cdf-42db-4daa-8195-1c72ac65c5cb,ced96216-39be-4146-8777-75c6064c385f,Company,Payroll vs Turnover Mismatch,High,29-Jan-2026
c9824755-653c-490d-93cf-bbd0ed55d94b,ced96216-39be-4146-8777-75c6064c385f,Company,Turnover per Employee Anomaly,High,29-Jan-2026
b911e371-cc33-4221-b90e-ab7eadcb64be,2af8169d-2ae3-44be-8e6f-98c7db31db7e,Company,VAT Under-Reporting,High,29-Jan-2026
1a5f9efb-a9ca-412d-9e0c-750bff6e132a,35488599-7c29-49d2-b6d7-5bcded071a56,Company,VAT Under-Reporting,High,29-Jan-2026
9ed06831-e37f-4205-ab26-01d29df2337a,f549417e-d533-40d3-a3a5-70dc023af58e,Company,Payroll vs Turnover Mismatch,High,29-Jan-2026
e064ea5e-d915-4ade-8643-1ff885b54051,f549417e-d533-40d3-a3a5-70dc023af58e,Company,VAT Under-Reporting,High,29-Jan-2026
56d23009-f7c6-499e-a6bb-35ea67649b8a,f549417e-d533-40d3-a3a5-70dc023af58e,Company,Turnover per Employee Anomaly,High,29-Jan-2026
cdfc237f-7fc6-42d0-ad05-097f415ff88e,46cf3ca7-dd51-4ed3-9ffa-60826e07318c,Company,VAT Under-Reporting,High,29-Jan-2026
91068ba1-4462-4281-9cdd-fbe65e844418,746336b9-8030-4734-b5a6-3f518ee70606,Company,Payroll vs Turnover Mismatch,High,29-Jan-2026
a1fa27f9-ac6f-45c5-9669-513fee9dea8c,746336b9-8030-4734-b5a6-3f518ee70606,Company,VAT Under-Reporting,High,29-Jan-2026
b8957b23-512f-4c68-a108-1d7b14fdb361,f4025c4f-5e57-437d-98dd-cfcb825ed2e8,Company,Payroll vs Turnover Mismatch,High,29-Jan-2026
1aaf76f1-2be3-4566-b8de-c9600eae4ccc,f4025c4f-5e57-437d-98dd-cfcb825ed2e8,Company,VAT Under-Reporting,High,29-Jan-2026
36a95818-402a-448e-ade5-de389cd77e55,7bf0da8b-c02f-4d64-9500-38fd15c1845d,Company,Payroll vs Turnover Mismatch,High,29-Jan-2026
e5db84c5-e820-4610-bd74-7703f117c9ca,7bf0da8b-c02f-4d64-9500-38fd15c1845d,Company,Turnover per Employee Anomaly,High,29-Jan-2026
62522d23-5502-47ea-9084-8f79465533f2,80808882-16d5-4bf3-8533-c839d91e259f,Company,VAT Under-Reporting,High,29-Jan-2026
5d6b6565-1196-4790-95cb-2ac82e91a630,270a9b16-448e-40dd-8b35-bb98bad13a34,Company,Payroll vs Turnover Mismatch,High,29-Jan-2026
0c6927ef-b778-4cab-864e-f450f8074c48,f1345e26-37f2-4fa1-a8e6-501ff6ff43f1,Company,Payroll vs Turnover Mismatch,High,29-Jan-2026
d4c25600-798e-4adf-bc1c-ee133ed22142,f1345e26-37f2-4fa1-a8e6-501ff6ff43f1,Company,VAT Under-Reporting,High,29-Jan-2026
95a671f9-f65d-49f7-bea1-e7d72c6d94ec,6f72ea6a-5594-466a-a2bb-d8d73a63d39b,Company,Payroll vs Turnover Mismatch,High,29-Jan-2026
84bf1cba-492e-4084-ba77-a3fa893b2619,f4eac590-e57f-4ec8-9d91-838adca69c9e,Company,Payroll vs Turnover Mismatch,High,29-Jan-2026
0851fd35-70a7-4b09-8785-7af6c54b65fa,f88d1804-3827-4d9a-9ed0-5c2b3e4f6edf,Company,VAT Under-Reporting,High,29-Jan-2026
49bf7d36-a672-4453-b38b-4b80911ab71a,d2ff2869-fba1-43f0-9c9e-9b7827a037ff,Company,VAT Under-Reporting,High,29-Jan-2026
a5c5b1cc-ce6b-4a20-bbff-eed1e588a0ac,1a5f36b5-c3f4-4920-a254-5206aa95fbe8,Company,Payroll vs Turnover Mismatch,High,29-Jan-2026
e68d444f-f602-4d58-81c6-148881105c37,1a5f36b5-c3f4-4920-a254-5206aa95fbe8,Company,VAT Under-Reporting,High,29-Jan-2026
939db7f3-d0ee-4c7d-a5be-1ec0ffa3b52d,1a5f36b5-c3f4-4920-a254-5206aa95fbe8,Company,Turnover per Employee Anomaly,High,29-Jan-2026
f80f378a-0ac6-4233-8c10-6ae696247326,68449546-641c-42f8-8714-05befc4a2bef,Company,Payroll vs Turnover Mismatch,High,29-Jan-2026
0e09f542-6e1c-455b-996d-7e76c354fd78,68449546-641c-42f8-8714-05befc4a2bef,Company,VAT Under-Reporting,High,29-Jan-2026
ec7deca8-f693-40c4-a2ac-48eb6996c489,68449546-641c-42f8-8714-05befc4a2bef,Company,Turnover per Employee Anomaly,High,29-Jan-2026
f6bcb5d7-670e-4e87-b922-869d704e292b,d33ad9d5-d4ea-4caf-9ccd-94e7b55a9b18,Company,Payroll vs Turnover Mismatch,High,29-Jan-2026
4c061abb-2b7d-4a82-8333-71e28d410931,d33ad9d5-d4ea-4caf-9ccd-94e7b55a9b18,Company,VAT Under-Reporting,High,29-Jan-2026
155f965c-25a8-4e95-9fa2-1590450a8856,be010900-694b-444c-97ee-16b2e98140f4,Company,VAT Under-Reporting,High,29-Jan-2026
41b568ce-fabc-4df5-a155-006e30947877,b04eb075-9492-4415-8238-4eee6dece2f9,Company,VAT Under-Reporting,High,29-Jan-2026
cdc6013a-f779-4808-8130-c95db1af182a,0bc3459a-e4c5-4795-8cd9-db879c316c76,Company,VAT Under-Reporting,High,29-Jan-2026
316ca9b7-8c20-4e04-bfe0-e60263e18882,abc29946-edab-493b-b633-4983b5f10bf2,Company,Payroll vs Turnover Mismatch,High,29-Jan-2026
0bd320ee-677f-4774-a6cf-f1235c732d0a,abc29946-edab-493b-b633-4983b5f10bf2,Company,VAT Under-Reporting,High,29-Jan-2026
b2f27f5c-9095-4b81-8782-c8f3d8bcdbcf,abc29946-edab-493b-b633-4983b5f10bf2,Company,Turnover per Employee Anomaly,High,29-Jan-2026
9baa2038-4779-4984-8c78-84cde4ff3f53,72422a51-b5d8-4f70-9809-8a2e84eb18ff,Company,Payroll vs Turnover Mismatch,High,29-Jan-2026
046160cd-45cd-454c-a5fb-256229291e99,72422a51-b5d8-4f70-9809-8a2e84eb18ff,Company,VAT Under-Reporting,High,29-Jan-2026
838bb3ee-aef0-44fa-a038-d4dabe5f75ae,72422a51-b5d8-4f70-9809-8a2e84eb18ff,Company,Turnover per Employee Anomaly,High,29-Jan-2026
6ce6a5d9-ce86-4ea1-9dcd-10882a2704ed,0dca8009-4cda-4f1c-b41d-298187e4df33,Company,Payroll vs Turnover Mismatch,High,29-Jan-2026
80ea17ed-3f81-407c-b0c0-8075460e4f20,401db39c-e915-494c-85f4-0e66b693da3d,Company,VAT Under-Reporting,High,29-Jan-2026
eb4e7672-45ad-4244-9ea0-a3e08df298a0,ba4e3fcd-f3b2-4d8f-8ed6-617f884fdb57,Company,VAT Under-Reporting,High,29-Jan-2026
98cfc7a8-a8b6-4675-90d1-151e07cb97ee,d8e1dfea-6c1d-4142-a323-3631b6b059b6,Company,VAT Under-Reporting,High,29-Jan-2026
99fd07d7-4a41-4a6a-b874-8f5e8652a544,863de870-dfcf-4ee9-b5d7-dc7a1339bd5a,Company,VAT Under-Reporting,High,29-Jan-2026
efc129b7-10d1-4ed3-8ed6-6dfe8c5c76ff,265c0f4e-4d70-4449-9c05-4932c1d5024d,Company,Payroll vs Turnover Mismatch,High,29-Jan-2026
d4af8613-9ac2-47a0-8ff2-a21b278952ad,265c0f4e-4d70-4449-9c05-4932c1d5024d,Company,VAT Under-Reporting,High,29-Jan-2026
5715119c-8ef6-4ca6-ac8f-b2231e9107ff,4ada27cc-2910-4a0e-a7d3-8564137e2b54,Company,Payroll vs Turnover Mismatch,High,29-Jan-2026
b9f249eb-0765-4eb6-bb2b-f51446da9215,4ada27cc-2910-4a0e-a7d3-8564137e2b54,Company,VAT Under-Reporting,High,29-Jan-2026
4f351000-cec4-4a8e-8878-13ebde69ef53,9db33d24-7319-4f6d-a092-7a6428296f69,Company,Payroll vs Turnover Mismatch,High,29-Jan-2026
feeafc67-c98c-40a2-80cb-2822bddf48f6,9db33d24-7319-4f6d-a092-7a6428296f69,Company,VAT Under-Reporting,High,29-Jan-2026
38f972ae-6f42-4bf2-9c03-1d5c811128b8,0c15b29f-4a17-49c9-bf1d-9a01da2972e4,Company,Payroll vs Turnover Mismatch,High,29-Jan-2026
107f53e0-1810-4b8e-9dcc-2c1f32341b41,784d229a-aa5a-46dd-93e8-acd73596e82a,Company,VAT Under-Reporting,High,29-Jan-2026
ae0749b4-583c-4412-a4df-2d6064733b6f,abe242e3-023f-4f36-99ad-387f6253628f,Company,Payroll vs Turnover Mismatch,High,29-Jan-2026
16eccf20-2c32-4301-a4e7-7f5a3eb5f2be,7edec8c1-7abc-4109-9f05-5763a726a08e,Company,Payroll vs Turnover Mismatch,High,29-Jan-2026
2f48e059-f426-48ba-8527-0be58f62d6c4,7edec8c1-7abc-4109-9f05-5763a726a08e,Company,VAT Under-Reporting,High,29-Jan-2026
abbafc89-e51c-4725-97ac-492dc0a7f45d,de1d3983-0063-4662-ad20-7e39e52160a5,Company,VAT Under-Reporting,High,29-Jan-2026
d897c8be-15bc-459a-a29c-740582140cee,2d81921f-c55d-485d-80bf-26a97f13d6ee,Company,VAT Under-Reporting,High,29-Jan-2026
ea86c01e-cdc4-452f-adb0-d365f5c81a37,b43f52c5-9fec-420e-bf52-8db961f8458f,Company,Payroll vs Turnover Mismatch,High,29-Jan-2026
67986d01-b737-4b29-83a9-9337e7cc42cf,6c04edf3-d5ca-4557-8f25-86823b939da0,Company,Payroll vs Turnover Mismatch,High,29-Jan-2026
d7217ce1-029b-46b0-aa7c-12dff5bd1b5c,85886f60-64d2-4f0a-83bd-f7046b3c40b0,Company,VAT Under-Reporting,High,29-Jan-2026
dc1f7cc1-37f5-4103-8dbf-bcf164161f74,58c5f1b6-b481-4b0f-88d2-38fc40ecfdce,Company,VAT Under-Reporting,High,29-Jan-2026
0086aca2-ea9d-420c-b870-c7660ff89ad9,f796bcb7-0f03-4e8e-b1a5-da1c60360d44,Company,Payroll vs Turnover Mismatch,High,29-Jan-2026
41fbcbae-349e-44f7-b1b2-8aa66b3e92bc,f796bcb7-0f03-4e8e-b1a5-da1c60360d44,Company,VAT Under-Reporting,High,29-Jan-2026
1f0c2bd2-9636-4859-a1d9-f91fcd159cac,f796bcb7-0f03-4e8e-b1a5-da1c60360d44,Company,Turnover per Employee Anomaly,High,29-Jan-2026
c53ec7f3-e24e-4254-b7e5-3b9e186e9c23,6498e40e-b42a-4642-b590-75c23823ac50,Company,Payroll vs Turnover Mismatch,High,29-Jan-2026
97936938-c9cf-4408-85c7-17247a04e328,3ab27248-0e06-49ba-ba31-83161ff6356e,Company,VAT Under-Reporting,High,29-Jan-2026
48d8e799-ba7a-4fb7-ac8a-fe882e721751,88ba51fc-7b77-4979-9e01-ea17aa000d8b,Company,VAT Under-Reporting,High,29-Jan-2026
bca872a9-4bf3-4998-9dec-e0012fb9ce3b,9e8dca71-8b12-43cf-ad7c-8dc39b04fcf5,Company,VAT Under-Reporting,High,29-Jan-2026
baff66a9-37dc-4e52-b7e0-9feb848b5cc1,9f11b433-4a0b-4080-9eb1-60d20304992e,Company,VAT Under-Reporting,High,29-Jan-2026
c8d069ab-7326-40ad-aacb-62727d1f4fa7,ced2c9e2-906c-40a2-b465-7a843fafa8f0,Company,VAT Under-Reporting,High,29-Jan-2026
f5547728-c381-48eb-a4e7-24b2d5a4e782,dac2f4a1-5102-4997-ac6b-aef0cf716fce,Company,VAT Under-Reporting,High,29-Jan-2026
0e1f2d69-3120-4240-aad7-9be1bf2587dd,cc275941-d5d7-4c15-8eed-3f332c77b167,Company,Payroll vs Turnover Mismatch,High,29-Jan-2026
bc38e599-73fc-4b5b-b1a0-6ee0bd66bf72,1749416f-4a61-4ae5-87f9-50283c182702,Company,Payroll vs Turnover Mismatch,High,29-Jan-2026
16540ff6-8d83-451e-beac-4abf8d9f49f3,1749416f-4a61-4ae5-87f9-50283c182702,Company,VAT Under-Reporting,High,29-Jan-2026
12b98d5d-024b-4113-b86e-bf38c42fc1bd,d79cac57-f7f1-47d8-9ba1-891af1cf4ea5,Company,Payroll vs Turnover Mismatch,High,29-Jan-2026
fcee6ea3-0a77-452e-868a-a3fbf462ac53,d79cac57-f7f1-47d8-9ba1-891af1cf4ea5,Company,VAT Under-Reporting,High,29-Jan-2026
f9ebb50e-e995-49bb-ac25-9c935f779354,dd356d21-0075-4215-bc5d-138b0afb53e6,Company,VAT Under-Reporting,High,29-Jan-2026
01a2e0ae-4027-427e-849e-6e3367bb6367,66669c4f-dac9-4a7b-9ef9-4de08caf829b,Company,VAT Under-Reporting,High,29-Jan-2026
3a81ee18-fc7c-4574-9138-de37ab716158,791a3306-7330-40c1-93e4-dcd91d47534c,Company,VAT Under-Reporting,High,29-Jan-2026
11ce181f-7b2e-4008-a2b4-91e7a3199a14,47f35d9e-6741-4028-b40b-9f511650cd1e,Company,Payroll vs Turnover Mismatch,High,29-Jan-2026
532128ec-40ac-4eb2-b22e-e90b78286f9e,47f35d9e-6741-4028-b40b-9f511650cd1e,Company,VAT Under-Reporting,High,29-Jan-2026
96fb0f35-952f-4346-9dc3-78bd3a93d592,4128ef0c-a82b-4e05-b753-a0765635f88b,Company,Payroll vs Turnover Mismatch,High,29-Jan-2026
3188e262-e7fa-4731-9426-06dcd835d5da,4128ef0c-a82b-4e05-b753-a0765635f88b,Company,Turnover per Employee Anomaly,High,29-Jan-2026
1809e02d-e024-4868-bc74-cd78897a701c,60aa7e0b-6ae0-495b-bd89-78a320b4988f,Company,Payroll vs Turnover Mismatch,High,29-Jan-2026
7805316e-d3c3-4d07-aeb8-8a9476677a36,60aa7e0b-6ae0-495b-bd89-78a320b4988f,Company,Turnover per Employee Anomaly,High,29-Jan-2026
0accc458-5282-4942-ab67-321c6707d7ba,767d3f9f-b953-4fc5-9b48-4b6169567e15,Company,VAT Under-Reporting,High,29-Jan-2026
3f3863c7-82c3-4ee3-8030-5eef54c57767,587caa60-e7ac-424b-a552-1324d4aa7f57,Company,Payroll vs Turnover Mismatch,High,29-Jan-2026
bcfc00fb-2b33-404b-96a4-21ec4adf6b6f,6df7112a-b334-4adf-a929-ca4b022417c4,Company,Payroll vs Turnover Mismatch,High,29-Jan-2026
b7273173-51e2-42bc-8363-6a5a719e932b,6df7112a-b334-4adf-a929-ca4b022417c4,Company,VAT Under-Reporting,High,29-Jan-2026
85125f6f-9120-44c8-9b33-b6c01ba669ad,6df7112a-b334-4adf-a929-ca4b022417c4,Company,Turnover per Employee Anomaly,High,29-Jan-2026
8f84a025-fa41-4d7c-90e7-ff54cf7d8bc6,25139e8a-3aff-4a6d-9e00-27060f70adac,Company,Payroll vs Turnover Mismatch,High,29-Jan-2026
e6bb0c9e-a9bc-49af-9b43-a00e79403092,25139e8a-3aff-4a6d-9e00-27060f70adac,Company,VAT Under-Reporting,High,29-Jan-2026
7924ba27-8075-4a98-be6e-39bf60de524d,255e36cf-b10f-4523-a303-f34f47036d06,Company,Payroll vs Turnover Mismatch,High,29-Jan-2026
c5f5f94d-04a1-48a0-bf62-314998d947f3,255e36cf-b10f-4523-a303-f34f47036d06,Company,VAT Under-Reporting,High,29-Jan-2026
32c9dbe3-0e14-424e-8b32-87cf08a266bc,255e36cf-b10f-4523-a303-f34f47036d06,Company,Turnover per Employee Anomaly,High,29-Jan-2026
54924cc8-56e6-4bb7-88df-43b2ff98a528,5e0b1a4e-473a-4294-9fca-5d4df9f0dc06,Company,Payroll vs Turnover Mismatch,High,29-Jan-2026
92bbee25-695d-4a0f-badc-7e5abc2b8590,c12f4297-7d64-45de-8786-5b28d4335e79,Company,VAT Under-Reporting,High,29-Jan-2026
26ce6100-8295-441a-94c0-d9d089a0d6b3,af63cbfd-714b-406a-9e27-f424353cc926,Company,VAT Under-Reporting,High,29-Jan-2026
88499cc0-558a-4d21-965f-18ec1a135e05,e6bc1664-5487-4bdf-b413-9cd52182e61c,Company,Payroll vs Turnover Mismatch,High,29-Jan-2026
c248b78b-4c44-4228-95d0-1e8c5abb3923,e6bc1664-5487-4bdf-b413-9cd52182e61c,Company,VAT Under-Reporting,High,29-Jan-2026
a96bd578-72ad-4223-8da2-2cf73a11436a,c132417a-acee-49a6-8245-e8830cb0b634,Company,VAT Under-Reporting,High,29-Jan-2026
f6b57755-89fa-4dbf-8599-4a3e5366502f,c97486c2-f942-465e-9dd2-9384a593bbb8,Company,Payroll vs Turnover Mismatch,High,29-Jan-2026
0b3834bb-f37b-4dbc-8629-e678cd777ba9,c97486c2-f942-465e-9dd2-9384a593bbb8,Company,Turnover per Employee Anomaly,High,29-Jan-2026
0092e645-d8bf-481b-ad4e-fd9c4fe6b5e7,8efcf0c7-55df-4c87-9c0e-1ac6489535cd,Company,VAT Under-Reporting,High,29-Jan-2026
c3d5dd9b-e90f-4ca5-9ab4-f84185fd77a4,7c955710-f053-458a-8dda-4f68f7ee7c4c,Company,VAT Under-Reporting,High,29-Jan-2026
303dc221-4db8-4934-bd92-ed8483c6226f,902c688d-0ba1-45ab-91d1-0a67e79eb02b,Company,Payroll vs Turnover Mismatch,High,29-Jan-2026
c27b8e71-021a-466d-bd43-b2954c8c2380,902c688d-0ba1-45ab-91d1-0a67e79eb02b,Company,VAT Under-Reporting,High,29-Jan-2026
ecc62b44-605a-4f03-90f7-1469c0aa6fc7,32b4aeb9-8481-48dc-be19-c15b4a67921a,Company,Payroll vs Turnover Mismatch,High,29-Jan-2026
866c6d63-6846-4285-bf56-f8fefa596c6d,32b4aeb9-8481-48dc-be19-c15b4a67921a,Company,Turnover per Employee Anomaly,High,29-Jan-2026
5a50ffe3-9a55-4b01-b37b-3483b1732428,9573b7cc-3007-4702-bcbd-514f174fe3b6,Company,VAT Under-Reporting,High,29-Jan-2026
86bd52db-c514-4e1b-8275-50500ff39932,266ea5f7-bc9a-46a3-9451-95ad08617a9f,Company,Payroll vs Turnover Mismatch,High,29-Jan-2026
0fab9661-085c-43fc-a70f-93b3b258072a,266ea5f7-bc9a-46a3-9451-95ad08617a9f,Company,Turnover per Employee Anomaly,High,29-Jan-2026
7620522a-a096-4ac6-8ffb-83e7006d2c90,e6045735-f1ca-435c-afb2-392016eaa21a,Company,VAT Under-Reporting,High,29-Jan-2026
72abcaab-f042-4c69-8429-c78e8f74aee4,193b49a3-93fc-4bb9-b301-7d8a3e5a831e,Company,Payroll vs Turnover Mismatch,High,29-Jan-2026
3798f1c4-6e32-48a0-b676-3ff5d5e23b26,193b49a3-93fc-4bb9-b301-7d8a3e5a831e,Company,VAT Under-Reporting,High,29-Jan-2026
76676226-b8af-4c7e-9c97-7fc982ac1ef7,193b49a3-93fc-4bb9-b301-7d8a3e5a831e,Company,Turnover per Employee Anomaly,High,29-Jan-2026
b844ee05-4bae-485e-b84e-98247a148054,1da4b1d3-6194-4da9-9fce-816509cd48cd,Company,Payroll vs Turnover Mismatch,High,29-Jan-2026
bdc9bf5f-268a-4469-b7e7-ca6a3eaf4f61,1da4b1d3-6194-4da9-9fce-816509cd48cd,Company,VAT Under-Reporting,High,29-Jan-2026
cbd8caf0-c2f7-4880-a02a-5090f326d047,1da4b1d3-6194-4da9-9fce-816509cd48cd,Company,Turnover per Employee Anomaly,High,29-Jan-2026
a686025c-853b-495b-9ff5-c925ce89c022,6c541434-5dbd-45cb-9101-5f55c118bead,Company,VAT Under-Reporting,High,29-Jan-2026
e8afc540-21eb-4a8e-aadb-4ffa3b4a89a7,e2687234-4a7a-4cf6-af1b-154aa2b2efae,Company,Payroll vs Turnover Mismatch,High,29-Jan-2026
4bd0305a-d6cf-4c11-a2dd-f78886958b8f,e2687234-4a7a-4cf6-af1b-154aa2b2efae,Company,Turnover per Employee Anomaly,High,29-Jan-2026
69395436-5e8c-4534-ab73-cc05f21fe565,337e19b0-488e-4e20-9162-80b6cdf246c8,Company,Payroll vs Turnover Mismatch,High,29-Jan-2026
179b4ffd-cd30-4047-bf2a-2795b3e3a669,337e19b0-488e-4e20-9162-80b6cdf246c8,Company,VAT Under-Reporting,High,29-Jan-2026
9f2b0ca3-9b5a-44f5-b047-f7fa1b045d8f,337e19b0-488e-4e20-9162-80b6cdf246c8,Company,Turnover per Employee Anomaly,High,29-Jan-2026
1a7c2830-c411-48f1-bbe5-b4db73d71a47,73c01a27-8414-470e-a4b1-3a1fdbdeb4cd,Company,VAT Under-Reporting,High,29-Jan-2026
7a1e82f2-b7fb-40d5-8337-213af7a035c3,a8a02435-6bc2-49f0-9740-1dd0b61e0094,Company,Payroll vs Turnover Mismatch,High,29-Jan-2026
056f553d-392d-4c40-8ed7-1583e9c9588f,a8a02435-6bc2-49f0-9740-1dd0b61e0094,Company,VAT Under-Reporting,High,29-Jan-2026
0d355829-3750-468c-b003-aec4d0907d60,fc501887-1d90-4766-bdba-4e33cce62487,Company,Payroll vs Turnover Mismatch,High,29-Jan-2026
5d7e21cb-c0e4-4102-86d1-ca7f94e5dbe8,e0156266-f834-4ed2-ad4c-376a0ee8dec2,Company,VAT Under-Reporting,High,29-Jan-2026
91f158c5-6bde-4899-a6ae-746b36ca98e8,e6ce7d32-1588-4964-80c3-be2371e2bf26,Company,Payroll vs Turnover Mismatch,High,29-Jan-2026
aed249c4-91d9-4b2a-a0fd-a0f3a73746d7,e6ce7d32-1588-4964-80c3-be2371e2bf26,Company,VAT Under-Reporting,High,29-Jan-2026
e35e2be4-853f-4f3d-b0e9-d4649a1083e0,e6ce7d32-1588-4964-80c3-be2371e2bf26,Company,Turnover per Employee Anomaly,High,29-Jan-2026
387ce33c-d9e3-4d00-b3a5-e529bb6c7cc0,17ec8eef-a78c-448d-8060-c5de97297e00,Company,Payroll vs Turnover Mismatch,High,29-Jan-2026
27e9367b-d17e-4e19-adf4-d48c932e6194,17ec8eef-a78c-448d-8060-c5de97297e00,Company,Turnover per Employee Anomaly,High,29-Jan-2026
a23ed2ff-d3fa-460d-b1a9-446c7e5a2610,fc3bd9fb-8b0f-4fc3-b9cf-71703d7cdddd,Company,Payroll vs Turnover Mismatch,High,29-Jan-2026
ad86faab-f86a-46b3-b8c8-8dd3a50eb411,a5e4df08-0509-4010-8122-700b8d43cf86,Company,VAT Under-Reporting,High,29-Jan-2026
f53f3f62-a3c7-481f-8a80-80a627042933,6744bccb-d057-4169-9af2-f4e4a235461f,Company,Payroll vs Turnover Mismatch,High,29-Jan-2026
3d64f4f5-80c2-4e1a-b520-05eb204e9766,6744bccb-d057-4169-9af2-f4e4a235461f,Company,Turnover per Employee Anomaly,High,29-Jan-2026
ce503551-71af-476f-9444-688616e068f6,61e09cb1-8a57-4849-86bd-d287633ef64e,Company,Payroll vs Turnover Mismatch,High,29-Jan-2026
13b2aad3-fdba-4dee-9659-c4cc462ebb2b,61e09cb1-8a57-4849-86bd-d287633ef64e,Company,VAT Under-Reporting,High,29-Jan-2026
6cbf15fd-f87b-4eff-a326-4b1fb0ac260b,61e09cb1-8a57-4849-86bd-d287633ef64e,Company,Turnover per Employee Anomaly,High,29-Jan-2026
5aa02a0d-e208-4c29-929b-b81f63155c24,4bbcff5b-9878-4eab-b9f1-7f7cd2e36775,Company,Payroll vs Turnover Mismatch,High,29-Jan-2026
3f8cf5d8-d145-4fff-82ec-860d852d1f77,4bbcff5b-9878-4eab-b9f1-7f7cd2e36775,Company,VAT Under-Reporting,High,29-Jan-2026
62727b16-dbc6-4894-8cd8-8739e57f96b6,617b29e6-1f13-45aa-9793-abf38e17661b,Company,Payroll vs Turnover Mismatch,High,29-Jan-2026
0f070a67-9040-473a-91be-d7d3021e2037,aaf0803d-45cd-4167-a79c-f4158537a479,Company,Payroll vs Turnover Mismatch,High,29-Jan-2026
ad054eea-2d18-4cb9-bcc7-6b63f4ea19d3,aaf0803d-45cd-4167-a79c-f4158537a479,Company,VAT Under-Reporting,High,29-Jan-2026
c6fc05a8-ea9b-4fd3-a4e2-ef1a2384f7ca,aaf0803d-45cd-4167-a79c-f4158537a479,Company,Turnover per Employee Anomaly,High,29-Jan-2026
d4bf5bb9-ae64-49e2-b675-a1b658e97e9c,4c67a27f-a09b-4f87-a25e-21194e08b0a7,Company,Payroll vs Turnover Mismatch,High,29-Jan-2026
3a70d5a2-0999-496c-9da1-dc359b4ecfb0,4c67a27f-a09b-4f87-a25e-21194e08b0a7,Company,Turnover per Employee Anomaly,High,29-Jan-2026
97553752-7692-49f6-89ef-dc954bd9a07b,eb63c9be-1011-4aa2-9b14-141461c9f214,Company,Payroll vs Turnover Mismatch,High,29-Jan-2026
77aefa10-5076-4604-808e-6d6723d7f7d2,bb9041c5-efea-4880-81cc-0b81be2e9424,Company,VAT Under-Reporting,High,29-Jan-2026
87a3897b-a032-4898-bae1-29400c71e683,fb9122ff-f413-47b7-ab35-f2c86ff0a930,Company,Payroll vs Turnover Mismatch,High,29-Jan-2026
739bcf97-bbd3-4bfd-a6e2-25fc223fd96b,fb9122ff-f413-47b7-ab35-f2c86ff0a930,Company,VAT Under-Reporting,High,29-Jan-2026
ad93d125-caa6-4bc1-8230-1f703137e785,d262ac64-febc-43fa-9a3e-70663e35714b,Company,Payroll vs Turnover Mismatch,High,29-Jan-2026
20503139-b62a-4cac-844f-6e6b0ee5f4bb,13a348ab-abae-4272-8c8d-5ea018de73b4,Company,VAT Under-Reporting,High,29-Jan-2026
3c59633e-558b-4778-9f8e-0d54154db560,fc294dc3-f1e8-45e2-a866-fddcd505fcc6,Company,Payroll vs Turnover Mismatch,High,29-Jan-2026
41b75734-89b8-4fdf-815b-967f0c204e8f,fc294dc3-f1e8-45e2-a866-fddcd505fcc6,Company,Turnover per Employee Anomaly,High,29-Jan-2026
70665ed5-9f1a-46e4-aedd-78e9e33ca100,71ccde48-47b6-4eb6-86d5-f76259e25a7b,Company,Payroll vs Turnover Mismatch,High,29-Jan-2026
69416284-99b4-452e-b3ee-50bf3f90241b,71ccde48-47b6-4eb6-86d5-f76259e25a7b,Company,VAT Under-Reporting,High,29-Jan-2026
3f32a489-fec9-4f51-9449-1782df039042,2455829a-e6ac-42bf-a1f5-0db2abffe3ff,Company,VAT Under-Reporting,High,29-Jan-2026
6f086cb5-3886-4bac-b664-24bbcd1f4a9f,d0092ce7-19bc-4e3a-bf54-058a038c077b,Company,VAT Under-Reporting,High,29-Jan-2026
b9b5fee2-c86e-46e2-aaaa-0307d9db8efd,10ed7617-60d0-4bc0-9885-1c7ccceb1f1f,Company,Payroll vs Turnover Mismatch,High,29-Jan-2026
4dd42904-0b12-4162-afc4-4e83eb8c1bb9,10ed7617-60d0-4bc0-9885-1c7ccceb1f1f,Company,VAT Under-Reporting,High,29-Jan-2026
c5e0369f-d2df-4b32-8b40-6500ee87d9dd,8175b437-e8cd-446a-9051-8252ba46787e,Company,Payroll vs Turnover Mismatch,High,29-Jan-2026
57f7066f-7572-47a7-9921-097a32c495c1,c6a36b9e-df31-4ce2-aef4-4a224b47292f,Company,Payroll vs Turnover Mismatch,High,29-Jan-2026
7467d9a4-754b-4f26-a400-70459a7c8557,c6a36b9e-df31-4ce2-aef4-4a224b47292f,Company,VAT Under-Reporting,High,29-Jan-2026
54a9ca26-9d3e-4896-9095-dc7d19ff68d9,c3540c89-f8fd-4add-894f-2f88a7a60dcb,Company,VAT Under-Reporting,High,29-Jan-2026
923fb303-8a04-441a-9c77-30fdded52725,7f0a6858-3ef7-415b-9f6c-a7ab03d4170d,Company,Payroll vs Turnover Mismatch,High,29-Jan-2026
ff0f1a09-6d0b-46f9-a437-acabf6169c33,7f0a6858-3ef7-415b-9f6c-a7ab03d4170d,Company,VAT Under-Reporting,High,29-Jan-2026
39b5b3f9-d7f0-41af-a5bc-2d8a15da3717,aaff4fe7-f8ed-4399-ad19-ca00122f20e3,Company,Payroll vs Turnover Mismatch,High,29-Jan-2026
d6b857df-50e8-4cc7-9154-b3c30efa37c2,aaff4fe7-f8ed-4399-ad19-ca00122f20e3,Company,VAT Under-Reporting,High,29-Jan-2026
9a1d47e4-8ce1-46f4-972e-b26436f79239,aaff4fe7-f8ed-4399-ad19-ca00122f20e3,Company,Turnover per Employee Anomaly,High,29-Jan-2026
04ded3c6-802e-48ce-916b-0cf8137d8762,71e6ffd3-d570-4e3c-9fdd-6e3d87b0b132,Company,Payroll vs Turnover Mismatch,High,29-Jan-2026
81f9ae52-4c21-4824-b233-3e3e34d01358,48c9e7f0-f2c0-452c-b364-a60348d10a10,Company,Payroll vs Turnover Mismatch,High,29-Jan-2026
bb8c5f37-cdbf-45aa-b8a9-16b0357d1fff,48c9e7f0-f2c0-452c-b364-a60348d10a10,Company,VAT Under-Reporting,High,29-Jan-2026
1c6a9cc1-f51b-4422-8ed0-f031c6780f0d,48c9e7f0-f2c0-452c-b364-a60348d10a10,Company,Turnover per Employee Anomaly,High,29-Jan-2026
080a954f-f9f6-42fa-8c29-ded90bc69c8c,197110b6-7231-47fb-a1bb-f22feda94a4e,Company,VAT Under-Reporting,High,29-Jan-2026
65d9c26d-da3d-453f-a99b-bed06744d230,e2b86140-1cab-4990-a312-feb8029fa6f8,Company,VAT Under-Reporting,High,29-Jan-2026
ef2eb031-b95c-47d9-8c8e-d09197a32044,122c8b49-a465-440f-8a94-a4296d6ae441,Company,VAT Under-Reporting,High,29-Jan-2026
d4674cc0-3d70-49cd-a1b4-e6c5db144c8d,dbc410ea-9daf-4069-8843-1f8bdff7cddc,Company,Payroll vs Turnover Mismatch,High,29-Jan-2026
a56e007f-ee19-4122-9fc9-a5103b2db151,dbc410ea-9daf-4069-8843-1f8bdff7cddc,Company,VAT Under-Reporting,High,29-Jan-2026
4ee84de7-a3e7-487f-a628-b21186cfeb8e,30e39954-baf1-4ded-a4c5-15aa7449ed1f,Company,VAT Under-Reporting,High,29-Jan-2026
17fde4d7-83ea-4fdd-8397-be37ab71330b,c5af0517-7411-4e02-8b28-85474f39692d,Company,VAT Under-Reporting,High,29-Jan-2026
3bb53f90-4b88-4bf1-a703-01699556bf00,86fe2120-df0c-4981-b2f6-2ee091f0fd3f,Company,Payroll vs Turnover Mismatch,High,29-Jan-2026
2b5028c6-dec0-4489-bcf3-290a8c4360c3,86fe2120-df0c-4981-b2f6-2ee091f0fd3f,Company,VAT Under-Reporting,High,29-Jan-2026
bfdc9404-e329-471b-a97d-955b2884dcd6,86fe2120-df0c-4981-b2f6-2ee091f0fd3f,Company,Turnover per Employee Anomaly,High,29-Jan-2026
00ef1008-03c6-4d90-b4ec-42785dc52725,ae8e8b67-5daa-436a-a829-7a6b3fda2e25,Company,VAT Under-Reporting,High,29-Jan-2026
8a138614-1ae9-4d2f-9408-8535f54bad56,caa825f4-ac27-47b9-a947-568bf46c3c41,Company,VAT Under-Reporting,High,29-Jan-2026
cc9af9b6-dff1-4f39-99b3-cad183c81d98,d2bfe780-7da4-49a6-9b20-612dfb1a3e47,Company,VAT Under-Reporting,High,29-Jan-2026
1f724c73-98ce-4bd4-a39e-1c0aaadbd677,95499a60-b713-4f86-ba04-cffd34161d94,Company,Payroll vs Turnover Mismatch,High,29-Jan-2026
2e337d75-0638-4fff-af27-2f5dd9dbc9ce,95499a60-b713-4f86-ba04-cffd34161d94,Company,VAT Under-Reporting,High,29-Jan-2026
6bfe1904-c988-4ab2-bc38-ed50a1468237,95499a60-b713-4f86-ba04-cffd34161d94,Company,Turnover per Employee Anomaly,High,29-Jan-2026
833a5429-e714-48ec-86d1-cec2dcba3fc1,78e386b6-e683-43a2-a74a-5714ca9e6c96,Company,VAT Under-Reporting,High,29-Jan-2026
8549f55c-5153-4eff-93ec-0a36bb93cf88,2396f812-d69a-4963-b6e9-7563fd1f6555,Company,VAT Under-Reporting,High,29-Jan-2026
4d828cf6-f11a-45d3-aba4-3f0a433d1218,7d977451-0ef1-46e3-bafd-597b2a1a0d84,Company,VAT Under-Reporting,High,29-Jan-2026
9ad771b2-925f-4930-9078-1dd4cd88f4de,317714aa-35fd-45cd-9c4a-df4b70d3e39e,Company,Payroll vs Turnover Mismatch,High,29-Jan-2026
5e7b06f9-b6af-4d84-9192-9bfab22987f4,f323a207-654d-430e-91ab-c4c99f791bbb,Company,VAT Under-Reporting,High,29-Jan-2026
aea01921-629b-4730-9119-13c2ac997dac,90359b4a-2a7f-4f9e-b177-2411381cced0,Company,Payroll vs Turnover Mismatch,High,29-Jan-2026
7d237380-7a66-4ae8-a9d9-b369d5d181ac,90359b4a-2a7f-4f9e-b177-2411381cced0,Company,VAT Under-Reporting,High,29-Jan-2026
caf04132-123d-4657-966e-f286b2d248ae,90359b4a-2a7f-4f9e-b177-2411381cced0,Company,Turnover per Employee Anomaly,High,29-Jan-2026
3c9d4e33-a489-4f34-86a4-ee0d57774da8,b8cce0a4-35b0-492b-ba2b-9551946de187,Company,Payroll vs Turnover Mismatch,High,29-Jan-2026
0dd0fbc5-d406-4f82-9052-593abbcc9c86,b8cce0a4-35b0-492b-ba2b-9551946de187,Company,VAT Under-Reporting,High,29-Jan-2026
90aa2725-f19e-4a8e-ab66-66182595dd58,2705bfe9-4d8b-4704-acf4-aba042028885,Company,Payroll vs Turnover Mismatch,High,29-Jan-2026
c7217fa7-9947-42e0-9a09-8fe176647b48,2705bfe9-4d8b-4704-acf4-aba042028885,Company,VAT Under-Reporting,High,29-Jan-2026
47f141e1-e8c0-4541-8db2-b037eb9616c6,2705bfe9-4d8b-4704-acf4-aba042028885,Company,Turnover per Employee Anomaly,High,29-Jan-2026
526d09b9-07bd-45d0-964f-c34125b0bf56,7e3865b4-da45-4291-8f4a-7890f9da6178,Company,Payroll vs Turnover Mismatch,High,29-Jan-2026
c13a6290-9d08-46b3-8ac8-d0a53a0aacda,7e3865b4-da45-4291-8f4a-7890f9da6178,Company,VAT Under-Reporting,High,29-Jan-2026
2b457507-47bf-4f07-9eda-34a8a13ceae0,d3e332a6-31e1-412a-b51f-5407abfbd2fc,Company,VAT Under-Reporting,High,29-Jan-2026
b6ac1688-198b-4f7c-b2b0-a97e4f5aafdf,90510874-afb9-4d39-8ded-5c5a86538e15,Company,VAT Under-Reporting,High,29-Jan-2026
ccd127c6-de65-41ed-ba04-3d9195ca9d60,a321bfbe-2778-400a-a47d-11cedcf346e9,Company,VAT Under-Reporting,High,29-Jan-2026
48b5cbda-1838-4bf5-9ce5-bca9e185287e,a4ce8c39-2068-4680-9a28-1a9bd2277e2b,Company,VAT Under-Reporting,High,29-Jan-2026
1db0d5bd-bb52-493d-a7d9-85ea71637df1,6434eaa4-377d-443f-becd-9b360009db28,Company,VAT Under-Reporting,High,29-Jan-2026
12d939af-7852-47ea-999b-df9a5f7c412c,bc5223c8-426f-42ed-acb1-20ce08e2b793,Company,VAT Under-Reporting,High,29-Jan-2026
e829c955-f402-49ea-b52d-47c1778a0765,29bd3bb8-b32f-4fe2-b140-cf8daf891027,Company,Payroll vs Turnover Mismatch,High,29-Jan-2026
ba90ef6a-a9fc-4467-8282-5709afe15486,29bd3bb8-b32f-4fe2-b140-cf8daf891027,Company,VAT Under-Reporting,High,29-Jan-2026
551342dc-6dad-47dc-a596-c49086e6c7b2,29bd3bb8-b32f-4fe2-b140-cf8daf891027,Company,Turnover per Employee Anomaly,High,29-Jan-2026
b27e2dbe-dd24-4fc4-a47a-f0210a07302c,2c0d221e-8a1d-4a66-a6d3-48cc8907e474,Company,VAT Under-Reporting,High,29-Jan-2026
f6ccdfc5-0eec-486d-965f-b0f223f2af72,05f48d50-e989-4425-8d7a-e5df2f7d2996,Company,Payroll vs Turnover Mismatch,High,29-Jan-2026
36156dc3-fe2d-4d4c-b9e2-596b336e8d82,05f48d50-e989-4425-8d7a-e5df2f7d2996,Company,VAT Under-Reporting,High,29-Jan-2026
440010a1-1959-4f30-bade-41b2a16fdfda,b10a99e3-f284-4c15-82bd-77bb653babe3,Company,VAT Under-Reporting,High,29-Jan-2026
6b569c83-c48e-45aa-b8dc-de4f943eecb5,375ac2a9-4127-4680-b845-779fec476040,Company,VAT Under-Reporting,High,29-Jan-2026
25b51d0f-b65d-485b-9bd7-6cdaf833fe22,8e6f08c5-2329-4728-9ab8-ca036c22a2ca,Company,Payroll vs Turnover Mismatch,High,29-Jan-2026
c2d76d6b-75d6-4280-b709-93043a159db4,8e6f08c5-2329-4728-9ab8-ca036c22a2ca,Company,VAT Under-Reporting,High,29-Jan-2026
d56560f0-cd09-4dc5-9146-06539f198257,f4f9a874-2579-40d3-aeaf-781bf0fb42e0,Company,VAT Under-Reporting,High,29-Jan-2026
9094f426-4620-4e0b-89ab-168aac274dc0,fc8670ea-a38c-40e5-b976-f33af2c34c9b,Company,VAT Under-Reporting,High,29-Jan-2026
bef0199e-f23d-4472-9089-6d5cf9a675ca,1ca97a47-c56c-4bc9-90d3-cd53cbf87895,Company,Payroll vs Turnover Mismatch,High,29-Jan-2026
80b17485-6b41-49b3-b1f5-aa63bfed73fd,1ca97a47-c56c-4bc9-90d3-cd53cbf87895,Company,VAT Under-Reporting,High,29-Jan-2026
3c9f00e9-f764-4a6a-8207-6aaed8335d97,7952486d-f757-4c69-a080-af6fe8227b24,Company,VAT Under-Reporting,High,29-Jan-2026
c638b2a1-f5fa-44a5-9bf5-8d8e5f65fffc,1e9a51eb-7db3-4a6d-8403-08533288985b,Company,Payroll vs Turnover Mismatch,High,29-Jan-2026
f1191a4f-085b-4d97-9b14-23c9b6ac1558,86b0f841-4b9c-477e-9f50-87fad0611586,Company,VAT Under-Reporting,High,29-Jan-2026
20d90ddb-4922-40a8-8a51-23e8205da280,d89971b2-c97e-43ab-8613-4155d34b99e5,Company,Payroll vs Turnover Mismatch,High,29-Jan-2026
4388463c-bcd6-465b-ada7-9c8aca706802,d89971b2-c97e-43ab-8613-4155d34b99e5,Company,Turnover per Employee Anomaly,High,29-Jan-2026
d1cabb84-e6ed-46ca-bc52-27c2a09f5461,f34a5adb-c28c-435b-8487-b8d213394e38,Company,VAT Under-Reporting,High,29-Jan-2026
1e0bf4c3-22d9-46ee-bc15-eb3e7e9b9b09,bbf36d81-69af-416b-8461-e86cfa6c2e0a,Company,Payroll vs Turnover Mismatch,High,29-Jan-2026
bf0da2ec-b2bd-4082-89d7-0b2d61347597,bbf36d81-69af-416b-8461-e86cfa6c2e0a,Company,VAT Under-Reporting,High,29-Jan-2026
8b352dd7-b522-44e9-b0b3-6be7ee86079a,b4a7b591-1334-401a-b5d7-aee98eab8388,Company,Payroll vs Turnover Mismatch,High,29-Jan-2026
f46a26ab-95f0-4920-87c1-f06e3be636f7,b4a7b591-1334-401a-b5d7-aee98eab8388,Company,VAT Under-Reporting,High,29-Jan-2026
f4351bd8-9c0f-4c6e-912f-5048c477ef55,6835dccc-4f54-4a39-818b-be1b65ac494e,Company,Payroll vs Turnover Mismatch,High,29-Jan-2026
54242380-a112-4987-ac52-9eabb733ce25,3bf7647e-b899-4b9a-854c-bde5e1d30ee7,Company,Payroll vs Turnover Mismatch,High,29-Jan-2026
3f3b4e66-0ca4-4c76-91f4-0a6111af9ea4,3bf7647e-b899-4b9a-854c-bde5e1d30ee7,Company,VAT Under-Reporting,High,29-Jan-2026
dbeb04cb-9c14-4884-9d1b-c0249e1baa0d,d9070319-c3f8-4da1-a2f2-059d31305a62,Company,VAT Under-Reporting,High,29-Jan-2026
c4dafa64-2ace-4ee5-b0e8-71a3610ed48d,f952fef0-38b3-418f-b1db-1640846cb73b,Company,VAT Under-Reporting,High,29-Jan-2026
7436eeb6-3d0e-471b-97e4-a3e2b7a96cc5,79da84af-7f11-4810-9769-e393a84cea44,Company,Payroll vs Turnover Mismatch,High,29-Jan-2026
36942e4a-cc8a-41cc-bdb6-686e5e203843,79da84af-7f11-4810-9769-e393a84cea44,Company,VAT Under-Reporting,High,29-Jan-2026
85d7311a-9450-4651-a8e6-f4a5de387ebf,3ded921a-a3da-4d54-9200-65f8a9944458,Company,Payroll vs Turnover Mismatch,High,29-Jan-2026
e996340c-0cde-4c0c-93d0-8cc7c2f4bdbf,3ded921a-a3da-4d54-9200-65f8a9944458,Company,VAT Under-Reporting,High,29-Jan-2026
226ace9f-80a3-4d1f-8bb7-03a30beae8f8,b9eeea8a-836f-417e-94a4-eb32be7743e1,Company,VAT Under-Reporting,High,29-Jan-2026
a58cb7ee-14c8-487c-8009-82717706d60e,18520803-c319-4c92-863a-f00da456d86c,Company,Payroll vs Turnover Mismatch,High,29-Jan-2026
e8d9f0da-4d32-48af-a7da-a5e28427d05f,18520803-c319-4c92-863a-f00da456d86c,Company,Turnover per Employee Anomaly,High,29-Jan-2026
9c0cba88-f07a-4711-8246-d99dbf2f2fb5,7f2970ad-bc31-40c9-bd6a-7217a3d2b040,Company,VAT Under-Reporting,High,29-Jan-2026
85f6d267-c7ab-4012-afcb-d7deb0ad0e2d,222ebe48-c7ec-4447-b7d2-f9367ba38edf,Company,Payroll vs Turnover Mismatch,High,29-Jan-2026
4804bb10-f89a-417c-bf17-7735386cf787,222ebe48-c7ec-4447-b7d2-f9367ba38edf,Company,Turnover per Employee Anomaly,High,29-Jan-2026
460dc3b4-d74e-4a4d-8158-4a6eb98d8490,3073fec3-7fea-4525-b068-381ab6e2ecbe,Company,VAT Under-Reporting,High,29-Jan-2026
41f04539-639e-4720-93b0-a022b7fcad55,14c91ddb-a869-4fea-8a3d-2c93a931e910,Company,VAT Under-Reporting,High,29-Jan-2026
26ba6201-beb0-4ae9-b28d-57e9cb5081e5,537174af-7a35-4931-af34-79cbb2c68852,Company,VAT Under-Reporting,High,29-Jan-2026
c6844a40-0264-4b40-8232-0bb989702405,31d45d9a-156d-4600-873b-30e8b757cdaf,Company,Payroll vs Turnover Mismatch,High,29-Jan-2026
93fc30b9-3884-44d3-b76a-00a29e23f470,31d45d9a-156d-4600-873b-30e8b757cdaf,Company,Turnover per Employee Anomaly,High,29-Jan-2026
3c4d3ea0-4783-43c7-9f43-bcbe996383cc,1f8d5ba9-436b-461d-b346-cfd37b353dbd,Company,Payroll vs Turnover Mismatch,High,29-Jan-2026
0388be3b-a1ae-4ee3-8841-07c0c6bbeb6e,45f8fa81-e0cb-4a62-89dc-79f5b3f9925e,Company,Payroll vs Turnover Mismatch,High,29-Jan-2026
f17a7e40-563b-49b6-bc67-ae4ae337027a,45f8fa81-e0cb-4a62-89dc-79f5b3f9925e,Company,VAT Under-Reporting,High,29-Jan-2026
96b0191e-70d3-4985-955a-15035edf1aed,3090ccdc-e1b9-42e9-a9cc-d2b5f688c736,Company,VAT Under-Reporting,High,29-Jan-2026
11c911b7-240f-4fa9-b60d-c1475298005f,f03872bb-f0c5-411b-b6c7-aeac8c5a0cfe,Company,Payroll vs Turnover Mismatch,High,29-Jan-2026
64c5db9d-3b9b-46be-9735-a7385f2ea17a,f03872bb-f0c5-411b-b6c7-aeac8c5a0cfe,Company,VAT Under-Reporting,High,29-Jan-2026
a4027295-27b5-4406-9103-c1b2398bff20,f03872bb-f0c5-411b-b6c7-aeac8c5a0cfe,Company,Turnover per Employee Anomaly,High,29-Jan-2026
3ce79a9e-9d95-4481-8c0d-e368236747e0,6789ae8d-2ddb-4957-8928-fe75112a3e76,Company,Payroll vs Turnover Mismatch,High,29-Jan-2026
58460394-c0ef-4fa2-bae9-00c23d24eef4,6789ae8d-2ddb-4957-8928-fe75112a3e76,Company,Turnover per Employee Anomaly,High,29-Jan-2026
6ad99c2c-3ecc-4144-9084-1f293dba000f,66beabf9-3671-4c2d-bb24-4fbaf795615e,Company,VAT Under-Reporting,High,29-Jan-2026
f970a060-14c7-4397-9593-592e8aac5d77,9e97dde8-a2ff-484a-b4f3-655756aad40d,Company,Payroll vs Turnover Mismatch,High,29-Jan-2026
af4a6f8e-0eda-4f6e-8cd7-40a0d153af43,9e97dde8-a2ff-484a-b4f3-655756aad40d,Company,Turnover per Employee Anomaly,High,29-Jan-2026
4b44d731-a8f8-44ff-b0f2-dd5460b735ac,ec9deefa-858e-4c54-9c0b-bf6c6cbd257f,Company,VAT Under-Reporting,High,29-Jan-2026
7072ed03-e8ed-4b7b-977f-50165ccdc0cf,c2b5ca01-c146-42fa-a115-2e04a31453aa,Company,VAT Under-Reporting,High,29-Jan-2026
2dc6a8d6-db10-4749-ac33-384765501026,53ce9d7d-866e-4947-b5b1-29ffe550d362,Company,VAT Under-Reporting,High,29-Jan-2026
3a5f6bfd-d8ce-40fd-ac85-0cfab326b37c,4c4bd6ef-f75f-4800-a04b-d19db7fc7841,Company,Payroll vs Turnover Mismatch,High,29-Jan-2026
5229ff8d-9ae1-4a1a-8f47-574b1c81ced2,4c4bd6ef-f75f-4800-a04b-d19db7fc7841,Company,VAT Under-Reporting,High,29-Jan-2026
107ebbbc-eabf-452e-91f6-bee170349f4d,4c4bd6ef-f75f-4800-a04b-d19db7fc7841,Company,Turnover per Employee Anomaly,High,29-Jan-2026
97d0daa9-31a0-4b5b-ac4d-25ae31814d9c,7e9ce82a-657d-434b-9740-f55578010556,Company,VAT Under-Reporting,High,29-Jan-2026
83f37d37-2e91-42d2-a87b-fa60f8481601,877c52e2-76f2-4a08-8adb-7d2c12f507be,Company,Payroll vs Turnover Mismatch,High,29-Jan-2026
e24439b7-7b43-46f3-a8bd-822dae6ee186,877c52e2-76f2-4a08-8adb-7d2c12f507be,Company,VAT Under-Reporting,High,29-Jan-2026
f65b07c9-3ab6-4b02-852a-188ae69d7a67,c6b79678-f5a5-4f9e-bb6c-1d1c04b57d1a,Company,Payroll vs Turnover Mismatch,High,29-Jan-2026
270e038b-add0-4b5e-a28b-068678f01dcf,c6b79678-f5a5-4f9e-bb6c-1d1c04b57d1a,Company,VAT Under-Reporting,High,29-Jan-2026
11a54e75-1138-4f70-aa99-00d2bad6f126,534fcd50-eb3c-4132-8f6d-02b5234513e1,Company,Payroll vs Turnover Mismatch,High,29-Jan-2026
e0e00aec-a12c-4b32-8fa0-a777fddde6ac,534fcd50-eb3c-4132-8f6d-02b5234513e1,Company,VAT Under-Reporting,High,29-Jan-2026
d021c8e5-c909-429a-9664-89e87ab80402,e6bf9143-52b3-4e88-9bc0-46e5c309f36b,Company,Payroll vs Turnover Mismatch,High,29-Jan-2026
06578126-84af-4479-8acf-307c25fab24b,e6bf9143-52b3-4e88-9bc0-46e5c309f36b,Company,VAT Under-Reporting,High,29-Jan-2026
057b221f-dd95-46e1-ad62-d8b65f35f0c7,2b438af1-3fdb-4329-b335-b688301f881d,Company,Payroll vs Turnover Mismatch,High,29-Jan-2026
e07e26a8-14f6-440e-b85b-5233c608ec11,2b438af1-3fdb-4329-b335-b688301f881d,Company,Turnover per Employee Anomaly,High,29-Jan-2026
cf7492f8-5c7b-4966-aaa0-6f871cee1a18,bd8f647a-9a74-496a-bbda-cb5896d7f5d0,Company,VAT Under-Reporting,High,29-Jan-2026
518a4331-60aa-489e-a9fc-8e6ff652fd47,a2f28c30-5e58-4b2e-bc42-f9b7e3a4d2cd,Company,VAT Under-Reporting,High,29-Jan-2026
6f5ae5b6-4943-4f96-ba99-46741077371e,7e2178c5-71a1-4adf-96ee-343215b4ad34,Company,Payroll vs Turnover Mismatch,High,29-Jan-2026
52d23811-eb14-4ab3-9cb9-6cfcd8be2d41,7e2178c5-71a1-4adf-96ee-343215b4ad34,Company,VAT Under-Reporting,High,29-Jan-2026
e7c29b4a-e135-4f7d-bb57-687d010d84b2,184d44cb-3cca-4c78-bafa-75f1675a4ef2,Company,Payroll vs Turnover Mismatch,High,29-Jan-2026
d6eff030-f991-4e67-9e32-f7b54724e468,184d44cb-3cca-4c78-bafa-75f1675a4ef2,Company,VAT Under-Reporting,High,29-Jan-2026
6de9c4c7-4fa4-41ec-b228-4cdcbd9a282e,184d44cb-3cca-4c78-bafa-75f1675a4ef2,Company,Turnover per Employee Anomaly,High,29-Jan-2026
2f5cb2b8-e944-407f-996b-ad93d6a405ef,617fac3e-8beb-49e2-8f1c-44895ac2a526,Company,VAT Under-Reporting,High,29-Jan-2026
ccb6ad94-e5ab-48d4-baec-cc1da1723f54,55626571-22cc-444a-be8a-d65b10123fd5,Company,Payroll vs Turnover Mismatch,High,29-Jan-2026
f36c7e4d-5102-4816-abd0-ef3e5a95ea7e,55626571-22cc-444a-be8a-d65b10123fd5,Company,Turnover per Employee Anomaly,High,29-Jan-2026
a4a91e91-1192-4625-8686-038737159afb,564597cc-22b0-46dd-82d3-4b65bf131934,Company,VAT Under-Reporting,High,29-Jan-2026
9000af99-d507-452b-aa40-c784984fde24,57b4cf37-0a20-4756-9476-bf128ad2e7d6,Company,Payroll vs Turnover Mismatch,High,29-Jan-2026
e494f7be-027a-4a11-9180-01283ec33cf2,57b4cf37-0a20-4756-9476-bf128ad2e7d6,Company,VAT Under-Reporting,High,29-Jan-2026
ba0ce859-38ef-4cc5-a2f9-e3dd82f9d562,57b4cf37-0a20-4756-9476-bf128ad2e7d6,Company,Turnover per Employee Anomaly,High,29-Jan-2026
1f729190-c7e4-4f45-8b55-746745738fc8,8dc204fa-85e7-4c89-827d-741f6fce5c2b,Company,VAT Under-Reporting,High,29-Jan-2026
aa54b0c2-3d2d-4531-afa9-fe9025cebc0f,8353b3a7-9e45-4cf4-a940-997f4c2574c1,Company,VAT Under-Reporting,High,29-Jan-2026
0462a380-51b5-45cf-bb81-036831ce1a98,0a947b0e-99d8-489d-9f44-bea363dc4315,Company,Payroll vs Turnover Mismatch,High,29-Jan-2026
e0dc2ac0-c4d2-45fa-95f5-cdb797680708,e2aca1c7-5929-4fc7-9380-17c9fc16a50b,Company,VAT Under-Reporting,High,29-Jan-2026
1655f98c-dacb-4820-94c9-28303ef62520,5a8cfa31-3f41-422c-a5f8-d0ebe0b1517e,Company,VAT Under-Reporting,High,29-Jan-2026
7cb85c4a-1e85-4087-a887-a76b8a71bd36,263c7894-dae0-40e6-9791-916b1e49b5ed,Company,Payroll vs Turnover Mismatch,High,29-Jan-2026
77575d95-050f-43f5-82fd-8efc4a056966,eeb34d45-cfb9-4006-a550-bdb5e94e101d,Company,Payroll vs Turnover Mismatch,High,29-Jan-2026
3c6db23c-6776-4f07-b5b0-2497358726b1,eeb34d45-cfb9-4006-a550-bdb5e94e101d,Company,VAT Under-Reporting,High,29-Jan-2026
409c3f30-f3fa-455e-92eb-512457e5722b,b3d4519f-9670-4a48-9334-8829181aab68,Company,Payroll vs Turnover Mismatch,High,29-Jan-2026
6169f6b8-8766-4e8e-b910-d027dc7717db,b3d4519f-9670-4a48-9334-8829181aab68,Company,VAT Under-Reporting,High,29-Jan-2026
d88271c8-5354-410f-9c6a-01ce320153f2,b3d4519f-9670-4a48-9334-8829181aab68,Company,Turnover per Employee Anomaly,High,29-Jan-2026
1084b032-f084-499a-8fa9-bb22373a9356,0ba5cefe-e1ea-477b-92d3-ab74897a5949,Company,VAT Under-Reporting,High,29-Jan-2026
6c61008e-624c-41d7-9511-694c1127ec28,8e466b0b-65af-4179-a2fb-8f9e959fb076,Company,Payroll vs Turnover Mismatch,High,29-Jan-2026
0c533bf6-f36e-48fb-83f9-d21dfcce0b2d,ae2d7145-4afa-467f-987c-6484cf1aab34,Company,Payroll vs Turnover Mismatch,High,29-Jan-2026
af759715-6755-4445-84a6-57266c279745,ae2d7145-4afa-467f-987c-6484cf1aab34,Company,VAT Under-Reporting,High,29-Jan-2026
2616fbde-bdaa-4551-ac1d-40778459a98e,ac1fcd97-ee4c-43e0-b462-e3fb1d3d9d13,Company,Payroll vs Turnover Mismatch,High,29-Jan-2026
fef0ee63-882c-4327-b4f9-9a80771fc885,ac1fcd97-ee4c-43e0-b462-e3fb1d3d9d13,Company,VAT Under-Reporting,High,29-Jan-2026
c7126110-483b-473b-b4c7-b3f5683b9a84,0f16377f-f311-47e1-a244-49f085669484,Company,Payroll vs Turnover Mismatch,High,29-Jan-2026
b8d874b9-dfaa-461e-b5f0-16cc94245abd,0f16377f-f311-47e1-a244-49f085669484,Company,VAT Under-Reporting,High,29-Jan-2026
9ecfc649-d2cb-4964-be57-e94f86b1fcb1,c3b2c46d-084d-4b4e-b3af-ae24e28e14fd,Company,VAT Under-Reporting,High,29-Jan-2026
8c414dcd-aa05-4c5d-91ea-b02c024adb30,cdc89e70-7d20-4488-9eff-9ab87f273f25,Company,Payroll vs Turnover Mismatch,High,29-Jan-2026
53a7bece-6cd6-44c5-8722-fb5fa90e87ca,cdc89e70-7d20-4488-9eff-9ab87f273f25,Company,VAT Under-Reporting,High,29-Jan-2026
97ec86d2-f8be-4065-9f79-26a2770216dd,cdc89e70-7d20-4488-9eff-9ab87f273f25,Company,Turnover per Employee Anomaly,High,29-Jan-2026
b2edbb75-e9c8-4367-ad82-c21a5d0fe7bb,deab1328-9544-461a-aa46-7eb68c2bdb15,Company,Payroll vs Turnover Mismatch,High,29-Jan-2026
492ea82c-8e90-4ab4-bc0b-cef0a8c63061,d9aba1b0-7bef-47bd-bc16-18b1a7ea89aa,Company,VAT Under-Reporting,High,29-Jan-2026
c8d8cdc0-cf87-4c77-a96e-c86a4328486d,6a8955e7-6943-435b-a1b2-3b740ef5d46a,Company,VAT Under-Reporting,High,29-Jan-2026
dbb29a9b-4c8b-4ef3-96b3-a253b70deae0,bf5bfa49-0102-439d-b916-7b0612290821,Company,VAT Under-Reporting,High,29-Jan-2026
f47c6dba-32ab-408d-8fa4-d14f0c215cd6,b92b02a9-efe8-4f54-9358-0fd59bb0e020,Company,Payroll vs Turnover Mismatch,High,29-Jan-2026
b54da4d0-08a2-41fe-a72b-982cdbeb4c29,b4df4b74-72c4-4973-856f-cdf65f0d7db1,Company,Payroll vs Turnover Mismatch,High,29-Jan-2026
010f68e1-2e80-40dc-b252-b385bfff50b4,b4df4b74-72c4-4973-856f-cdf65f0d7db1,Company,VAT Under-Reporting,High,29-Jan-2026
1c6e9fd2-965d-4633-bda7-89e9cd65ef0e,8fc89885-a671-4ab9-a0a4-2f165a97604c,Company,VAT Under-Reporting,High,29-Jan-2026
d542d39b-f085-4aaf-9b3e-41b5bc107053,50e9d5ce-3e61-46d4-9bc5-0698b04fa536,Company,VAT Under-Reporting,High,29-Jan-2026
31f019df-c0fb-40cc-83b8-c85ebb904f39,8166e699-7ddb-4bfd-a090-0ddd3a285494,Company,VAT Under-Reporting,High,29-Jan-2026
6c99efa4-6dee-4ab4-961c-7460defcd553,12507fea-41b8-4793-ad76-01303bafd3d1,Company,VAT Under-Reporting,High,29-Jan-2026
a2929309-ae0d-43d8-ba29-06a7dfa147fa,8bdfcca8-fb58-4a37-b6f9-2c01b3cc578d,Company,Payroll vs Turnover Mismatch,High,29-Jan-2026
5e38af30-29de-4884-8c85-24cff0f262a8,da097d3a-7d52-43a0-a93b-c5347fe259b4,Company,VAT Under-Reporting,High,29-Jan-2026
8489e3a6-0932-4596-85e7-35018737de18,f8dcaaca-4696-446a-ac27-967a5a8735c8,Company,Payroll vs Turnover Mismatch,High,29-Jan-2026
810220b0-0649-44a9-8b32-d031fd54c965,f8dcaaca-4696-446a-ac27-967a5a8735c8,Company,VAT Under-Reporting,High,29-Jan-2026
923b9301-bdb9-4067-b3a5-648a92b56bdb,77ee2355-6140-4475-9771-6e3b691174ce,Company,Payroll vs Turnover Mismatch,High,29-Jan-2026
63b083b9-1571-4906-9fab-5f7b8fd0eed8,36012d5b-9840-4be0-8bf2-1fb6f7c0c03e,Company,Payroll vs Turnover Mismatch,High,29-Jan-2026
442280b9-7724-4dba-94d3-05bad4ec7426,36012d5b-9840-4be0-8bf2-1fb6f7c0c03e,Company,VAT Under-Reporting,High,29-Jan-2026
8770a42c-bad3-4ccc-ad98-7403a7ff5c93,36012d5b-9840-4be0-8bf2-1fb6f7c0c03e,Company,Turnover per Employee Anomaly,High,29-Jan-2026
8c752275-35dd-4719-9710-874e98f8c033,24192734-552b-4b95-99cb-da5520e1d20c,Company,VAT Under-Reporting,High,29-Jan-2026
85f4a79b-ae76-49b9-a038-26fc1846dbac,0ab17013-b253-418d-b015-7c8deb05a8f9,Company,VAT Under-Reporting,High,29-Jan-2026
9480f803-f249-4a89-8c79-ee889f25bd8e,758b47a5-5535-45c9-a4ff-753246c3b80b,Company,VAT Under-Reporting,High,29-Jan-2026
7242416b-9218-46f1-a1ef-ba8e17f74619,772bdf5e-42e9-41ef-8a0b-fa0728cade18,Company,VAT Under-Reporting,High,29-Jan-2026
4745d993-c277-4b04-bf06-74cf66082053,1a2447b8-64a1-463f-ab06-947ec5e3368d,Company,Payroll vs Turnover Mismatch,High,29-Jan-2026
cb0d0f9c-0646-4b5f-9ec7-48e9123e3e88,1a2447b8-64a1-463f-ab06-947ec5e3368d,Company,VAT Under-Reporting,High,29-Jan-2026
53e2ba06-d18b-425a-8aa4-af37de2d7589,dc5838a4-ca7c-40f8-b107-afe1511555bc,Company,Payroll vs Turnover Mismatch,High,29-Jan-2026
ae5f8f7a-d0ab-4559-a5c7-86e1f0fd6a4f,dc5838a4-ca7c-40f8-b107-afe1511555bc,Company,Turnover per Employee Anomaly,High,29-Jan-2026
5e24db16-b84a-4d36-8ee9-6d57d3d9f50e,31f50b41-2269-476d-9929-4f15a1ca29a0,Company,VAT Under-Reporting,High,29-Jan-2026
9f718671-a614-4d7f-8e4f-553e8a354107,83ea1b20-1776-4f44-9ddb-e79709f26de9,Company,VAT Under-Reporting,High,29-Jan-2026
5eaede19-2688-4a47-b43b-7dc65fcef876,4aa0fd44-05ab-4769-8226-da31f7526d7b,Company,Payroll vs Turnover Mismatch,High,29-Jan-2026
77b30bb7-28d1-448b-8930-3246c4a40c84,4aa0fd44-05ab-4769-8226-da31f7526d7b,Company,VAT Under-Reporting,High,29-Jan-2026
16e9d53c-ae3b-4673-a198-b6749444ac03,fe6a7471-dfa7-45fb-91e0-496ff580ef49,Company,Payroll vs Turnover Mismatch,High,29-Jan-2026
dd5a86b9-fe8d-497f-b9df-c4dd56121602,fe6a7471-dfa7-45fb-91e0-496ff580ef49,Company,VAT Under-Reporting,High,29-Jan-2026
4da8e984-5557-4605-b0d6-40402da0d6d9,20ab3a6e-3aa6-4807-92ea-237c37d79e53,Company,VAT Under-Reporting,High,29-Jan-2026
dfb69086-4684-47f5-9b8a-1896ebaf2b4e,6961a9ef-4013-419d-9bdf-b0864b25aa3a,Company,Payroll vs Turnover Mismatch,High,29-Jan-2026
e35fdc5d-7f47-4088-8972-93120ca8e870,6961a9ef-4013-419d-9bdf-b0864b25aa3a,Company,Turnover per Employee Anomaly,High,29-Jan-2026
6c79071d-fdb9-4301-ba15-347639f79784,58ae52b4-78d4-4c9f-bc9c-64f41ecc910f,Company,VAT Under-Reporting,High,29-Jan-2026
e74a44d2-8629-4e33-b313-96bb404720ff,eac33c9c-93ea-4812-ab6e-3ca98285d12b,Company,Payroll vs Turnover Mismatch,High,29-Jan-2026
d2d0ee32-0921-4840-a7ff-b5fb2c22d9e3,eac33c9c-93ea-4812-ab6e-3ca98285d12b,Company,VAT Under-Reporting,High,29-Jan-2026
9ac235c0-ad5f-4195-a025-cb97c186f9e0,7404f933-ed3e-42d6-a817-b63a937d7fdb,Company,Payroll vs Turnover Mismatch,High,29-Jan-2026
74079ddc-6c0d-4461-b742-70122ec214b5,7404f933-ed3e-42d6-a817-b63a937d7fdb,Company,VAT Under-Reporting,High,29-Jan-2026
c2e60fe2-8961-4a2e-a1db-aaeace23f153,7404f933-ed3e-42d6-a817-b63a937d7fdb,Company,Turnover per Employee Anomaly,High,29-Jan-2026
d2776cdd-a880-43ce-a762-eb0b88e5222f,1d19ff46-d536-4d2e-a3c4-87b6fae1d43b,Company,Payroll vs Turnover Mismatch,High,29-Jan-2026
0f97714a-55f3-4fec-959b-8d45adeb8998,1d19ff46-d536-4d2e-a3c4-87b6fae1d43b,Company,VAT Under-Reporting,High,29-Jan-2026
fb6742b1-de4e-4d53-99c2-65573da1e2b2,61fc37c3-cd03-42c6-8cd2-b4657c765ad9,Company,VAT Under-Reporting,High,29-Jan-2026
019e31cc-9969-4dcc-8af5-0b3001e3214e,7bd2312d-3251-43d8-9e14-7fede8000dca,Company,VAT Under-Reporting,High,29-Jan-2026
0969d47b-558f-47d3-a53a-9fb62aedfb76,c6b37714-fac3-4bcb-8869-bc2fde951b0f,Company,Payroll vs Turnover Mismatch,High,29-Jan-2026
e3b4e764-82c5-4c7d-b6b6-4a81af009ab7,c6b37714-fac3-4bcb-8869-bc2fde951b0f,Company,Turnover per Employee Anomaly,High,29-Jan-2026
5df30ff2-5ec7-41fc-b553-5e16c86daae7,daf68e6c-8346-41e0-a977-8f7cf999ef22,Company,Payroll vs Turnover Mismatch,High,29-Jan-2026
4f3ff4ca-4eb1-4927-b484-77556058a770,daf68e6c-8346-41e0-a977-8f7cf999ef22,Company,VAT Under-Reporting,High,29-Jan-2026
0d30b72a-3874-4630-93b2-78e2c0673455,75cac5e4-3738-4c26-a31e-10b2eb166375,Company,VAT Under-Reporting,High,29-Jan-2026
07941098-8d41-4227-b474-388b80fae1b3,ef1a88a5-6d65-4eb6-acff-333b2c6da7c4,Company,Payroll vs Turnover Mismatch,High,29-Jan-2026
2b68df9a-e8f0-4823-a065-6cdeb88bb619,ef1a88a5-6d65-4eb6-acff-333b2c6da7c4,Company,VAT Under-Reporting,High,29-Jan-2026
69a2285d-4e16-419d-a404-2ed3be9a6009,81689fc7-5de0-4ef2-a7ac-f5398f7918dd,Company,Payroll vs Turnover Mismatch,High,29-Jan-2026
ada7f671-17d3-4998-8122-3d72e955f79d,81689fc7-5de0-4ef2-a7ac-f5398f7918dd,Company,VAT Under-Reporting,High,29-Jan-2026
048a9cb7-f5bc-496e-a48a-e468abf52689,81689fc7-5de0-4ef2-a7ac-f5398f7918dd,Company,Turnover per Employee Anomaly,High,29-Jan-2026
4fac4037-f7f9-490a-a9d6-0ff55a8dfb17,d5442118-1db3-43b4-80d0-b999069ffc9f,Company,VAT Under-Reporting,High,29-Jan-2026
88788016-1750-4f92-9f15-0498cd788d1d,66e9ae63-9b42-4161-acb6-aeb89a6ccc5c,Company,Payroll vs Turnover Mismatch,High,29-Jan-2026
9c8dd007-f081-409f-8e06-86e6b087e1a5,4be69eae-7207-4cb6-b462-d88a8631ffb6,Company,Payroll vs Turnover Mismatch,High,29-Jan-2026
8f7dc0b8-49b8-4f8c-8677-1f7ad96ef7ac,4be69eae-7207-4cb6-b462-d88a8631ffb6,Company,VAT Under-Reporting,High,29-Jan-2026
9727720c-7a06-4491-befa-d03fa67b1ab6,4be69eae-7207-4cb6-b462-d88a8631ffb6,Company,Turnover per Employee Anomaly,High,29-Jan-2026
ea4495b2-4c86-4e9a-a090-c42e80bfaeb9,f7c5fbb5-e3e2-4170-aac8-19834b4e2261,Company,Payroll vs Turnover Mismatch,High,29-Jan-2026
6396b725-fc46-409f-a905-9617a4a0f348,f7c5fbb5-e3e2-4170-aac8-19834b4e2261,Company,Turnover per Employee Anomaly,High,29-Jan-2026
02a50178-c6dd-47ea-be0e-38c638e899dc,f716efcd-7c36-45e4-b772-4a211db0dd0f,Company,Payroll vs Turnover Mismatch,High,29-Jan-2026
c61b143b-0858-4179-afcd-65605ebc021e,05e6b035-b108-4611-ae6b-2f662cb74da1,Company,VAT Under-Reporting,High,29-Jan-2026
911c8e0d-ece7-42c0-877a-99e1da7f8d47,6a6cee13-065b-4b2e-bbd7-4d20601d6b71,Company,Payroll vs Turnover Mismatch,High,29-Jan-2026
0d08a3c3-b4c2-443a-8fb9-f830bf49dcf6,6a6cee13-065b-4b2e-bbd7-4d20601d6b71,Company,Turnover per Employee Anomaly,High,29-Jan-2026
673c5b00-d264-4f4c-a59b-e7ff87719897,492521fb-8038-4f13-b09f-809010892da7,Company,Payroll vs Turnover Mismatch,High,29-Jan-2026
72c25fa3-7ed1-425d-a991-fbe62980e968,492521fb-8038-4f13-b09f-809010892da7,Company,VAT Under-Reporting,High,29-Jan-2026
aab62a5c-81ab-494c-a119-a99b1428b7ab,b813b7e3-9553-4c8f-8aa5-e33a2f6924ca,Company,Payroll vs Turnover Mismatch,High,29-Jan-2026
855d7ed3-a9b6-4ec3-ae8e-f08f482f51fb,b813b7e3-9553-4c8f-8aa5-e33a2f6924ca,Company,VAT Under-Reporting,High,29-Jan-2026
7d3659d5-7138-47ba-b838-d314a241003b,ad01fba7-12d7-425f-b15a-3f771be13776,Company,VAT Under-Reporting,High,29-Jan-2026
cc88ad42-1299-4eb4-94b4-184b4a5870fb,67d7a5cf-afc0-4b8c-bde2-53384756249c,Company,VAT Under-Reporting,High,29-Jan-2026
2fa81d10-16d1-4bb9-93e6-126a25defad7,6aca5de1-8a2a-4487-95d8-905ed1de7850,Company,VAT Under-Reporting,High,29-Jan-2026
73f5758f-cbb1-4274-8b11-a855dc915526,8c36375b-c0cf-4c04-bd06-647e04576191,Company,VAT Under-Reporting,High,29-Jan-2026
7d1d6b26-13b7-4400-974d-c2ce1216142d,65687be4-18fa-4e0f-9fe0-21832bc497bc,Company,Payroll vs Turnover Mismatch,High,29-Jan-2026
8454b470-a156-410a-bad6-3165e09434a7,65687be4-18fa-4e0f-9fe0-21832bc497bc,Company,VAT Under-Reporting,High,29-Jan-2026
ce3dafc9-9bce-41e2-926f-ae5d5f53b621,449a1fdb-43f4-472f-b97f-778266cedff7,Company,VAT Under-Reporting,High,29-Jan-2026
1df03119-afd9-49a1-b56f-b5540070481a,3c666360-c3fa-4b28-9058-99a723bcc5a7,Company,Payroll vs Turnover Mismatch,High,29-Jan-2026
4ec7cb0e-65de-46ce-b5be-2c4308fd41ed,3c666360-c3fa-4b28-9058-99a723bcc5a7,Company,VAT Under-Reporting,High,29-Jan-2026
61d08f58-fe1f-4c8a-b858-eaa803e16346,74b29416-d63d-40be-99ac-75438530cf87,Company,Payroll vs Turnover Mismatch,High,29-Jan-2026
0b77dd60-99fd-421f-bd9a-cdd0dc8d0b71,74b29416-d63d-40be-99ac-75438530cf87,Company,VAT Under-Reporting,High,29-Jan-2026
67eadf09-1639-403c-bdca-28444e3cbb97,74b29416-d63d-40be-99ac-75438530cf87,Company,Turnover per Employee Anomaly,High,29-Jan-2026
8e7f2ee0-facf-421a-b27d-945996917522,b1244bc9-a1f9-4f51-ac03-84af23be647c,Company,Payroll vs Turnover Mismatch,High,29-Jan-2026
3e2a70f0-1410-4953-9a7e-43df17cceb66,8b8a8a70-9ed5-4cb2-bd73-feda99e0c844,Company,Payroll vs Turnover Mismatch,High,29-Jan-2026
8468a64a-5785-45de-8ec3-c04ceaf57d0c,5cd2f7dd-cc4d-4521-a3f2-07f84870dc6f,Company,VAT Under-Reporting,High,29-Jan-2026
5b381ebb-5457-4745-9b3b-1641702dd26d,225b8dbf-2fae-4163-9ef9-76b59ac14030,Company,VAT Under-Reporting,High,29-Jan-2026
4be8ac84-328a-43a7-a30f-98d731bb0c08,d9f2392b-1431-411f-974d-b832817a0945,Company,Payroll vs Turnover Mismatch,High,29-Jan-2026
c8107137-2b0e-4abc-961f-21d68516e78d,de8d9a08-a02f-4e0a-8f3f-af3346ce177b,Company,VAT Under-Reporting,High,29-Jan-2026
8b8c4898-f372-43d9-a289-e787dcecb72d,327dcb3e-ea13-4341-be92-67271ab542ac,Company,VAT Under-Reporting,High,29-Jan-2026
c578fd9b-8075-4ba3-84f8-07f4cb9ceaa5,16f85032-8e1e-410b-9a58-07567366485c,Company,VAT Under-Reporting,High,29-Jan-2026
1d4ba9da-32eb-45b4-a26c-08c23d96c7f9,59fc698d-7dcd-49bc-8f8c-393a84957e3c,Company,Payroll vs Turnover Mismatch,High,29-Jan-2026
ab566101-20a8-4d66-a06b-2816cabd1f88,59fc698d-7dcd-49bc-8f8c-393a84957e3c,Company,VAT Under-Reporting,High,29-Jan-2026
30272adb-7c57-41cf-81f3-1fc2ae250c10,a3942eac-61b8-4f6b-8168-a25f395cb5f7,Company,Payroll vs Turnover Mismatch,High,29-Jan-2026
de39b27d-3918-4dad-b861-a73d40167518,a3942eac-61b8-4f6b-8168-a25f395cb5f7,Company,Turnover per Employee Anomaly,High,29-Jan-2026
6dbb7ace-76b3-4f7c-aaf5-55d0d3606ce6,75bca200-dddb-4c0c-a2a3-1fd03c516963,Company,VAT Under-Reporting,High,29-Jan-2026
24600888-57e3-4b4b-b958-d7e8baf7b613,db324350-67a2-4fc9-b617-14a8ae157f61,Company,VAT Under-Reporting,High,29-Jan-2026
38a4f16c-3122-4acf-ab49-280b1fb34792,8ce2d352-fbc0-4d5f-85a1-d4c0ef967b9d,Company,VAT Under-Reporting,High,29-Jan-2026
bfa2500e-b3f3-4d6c-9e88-4458eea9320a,1f0960cb-a54e-49e3-9c9a-886563b506ef,Company,VAT Under-Reporting,High,29-Jan-2026
0f9aebea-a64f-461e-bfa9-d4bf72b556b3,24c64976-b113-43b1-bff0-d68d8e90ed13,Company,VAT Under-Reporting,High,29-Jan-2026
9a68b642-2508-49f3-9a41-4ed35517ce8a,7afaa00b-b913-48d9-9d72-9f939ccd6401,Company,VAT Under-Reporting,High,29-Jan-2026
b7850f1e-5fc8-49fd-bb3a-932bd28b7646,3138da37-1374-4bb6-bf10-2afff73aadec,Company,Payroll vs Turnover Mismatch,High,29-Jan-2026
388e6910-1f34-4c96-8417-c5b309a3ee18,3138da37-1374-4bb6-bf10-2afff73aadec,Company,Turnover per Employee Anomaly,High,29-Jan-2026
a4e6c077-18bd-4d41-a066-6f40a8a2a33d,37fe9ac6-9549-4699-89ae-2aa3d6a2b320,Company,Payroll vs Turnover Mismatch,High,29-Jan-2026
1de64856-6001-4ad3-807c-a55553e077f8,37fe9ac6-9549-4699-89ae-2aa3d6a2b320,Company,Turnover per Employee Anomaly,High,29-Jan-2026
075626ca-5a93-4156-b279-f0345d7da330,36b60d92-39ec-4f4a-930d-e1e078668a99,Company,VAT Under-Reporting,High,29-Jan-2026
915d31bb-1948-4514-a03c-e11c0dc3cfc9,a21a7345-e1b5-4642-ac9c-36d76d0cb92e,Company,VAT Under-Reporting,High,29-Jan-2026
8f80eada-2bc5-4986-9b06-4425ca49fb9b,aa370a1a-6acd-4a34-afb5-e22887e7b3fb,Company,Payroll vs Turnover Mismatch,High,29-Jan-2026
676e6460-52c4-4a6b-976a-0ebd217db7d7,11f10229-e2ad-4b9b-9cc0-3d09704e37e4,Company,VAT Under-Reporting,High,29-Jan-2026
d69def0f-d063-4f7d-a660-1ff5e132747d,32384ce8-a2a2-4470-927d-8039c01b7ca8,Company,Payroll vs Turnover Mismatch,High,29-Jan-2026
cba4fb88-d55e-4b38-86c2-5a3026a707b3,32384ce8-a2a2-4470-927d-8039c01b7ca8,Company,VAT Under-Reporting,High,29-Jan-2026
057e855b-beca-4f0c-be49-f0e9fe0d7e59,b47e7c41-66d4-4280-868f-084c36d69b93,Company,Payroll vs Turnover Mismatch,High,29-Jan-2026
b730eb71-e610-447c-80ab-21f74ad384a5,b47e7c41-66d4-4280-868f-084c36d69b93,Company,Turnover per Employee Anomaly,High,29-Jan-2026
8cc8255c-2ef6-4d26-b3ad-0549e30a6831,4358c4a1-5a3b-43ba-bfb3-4d13c3b684c6,Company,Payroll vs Turnover Mismatch,High,29-Jan-2026
dfe0de2a-7835-406f-9b65-c42aa58065b2,1d3a8008-3f10-4da2-b941-3b57ceb9a5d2,Company,VAT Under-Reporting,High,29-Jan-2026
4cb33748-4e11-46df-a5be-2cf585951333,fac389a5-5e90-4957-b72e-642f40cbe826,Company,VAT Under-Reporting,High,29-Jan-2026
f591bd49-730d-4674-b833-adc7536e5fd2,76acd64b-2004-4842-b46d-d8e985decbc9,Company,VAT Under-Reporting,High,29-Jan-2026
7a726f4a-6702-4fe5-956a-73c1bf82c816,32eb1af2-d99b-4fa4-8732-7bb1f4303631,Company,Payroll vs Turnover Mismatch,High,29-Jan-2026
669a70de-1a94-4b1d-bd29-e6a889a99c7b,32eb1af2-d99b-4fa4-8732-7bb1f4303631,Company,VAT Under-Reporting,High,29-Jan-2026
a38a1ee4-3b15-48d7-9ecd-2b017d8b1d2a,32eb1af2-d99b-4fa4-8732-7bb1f4303631,Company,Turnover per Employee Anomaly,High,29-Jan-2026
ed5fd7a7-ea3b-417f-86b2-afe20d4ba756,b8906045-671a-4434-8e8a-67d5c8c98419,Company,VAT Under-Reporting,High,29-Jan-2026
637c2279-7204-4e0c-bdb5-262859e7d003,ec0017ab-24ef-4e5e-ae7f-a7406321fcfa,Company,Payroll vs Turnover Mismatch,High,29-Jan-2026
60cb352e-f3d6-49ad-8638-1dcc24485044,b36c8df6-43ef-4778-a509-9d0ea0987265,Company,Payroll vs Turnover Mismatch,High,29-Jan-2026
8df3a8a7-3335-4191-b544-abc322ba4024,688a1ead-f3fb-472a-a29f-5ebce6755a23,Company,Payroll vs Turnover Mismatch,High,29-Jan-2026
58c5a69d-000c-4580-807b-0e4329b94de2,688a1ead-f3fb-472a-a29f-5ebce6755a23,Company,VAT Under-Reporting,High,29-Jan-2026
3c33b40e-7429-4c87-bc9d-5fc5ecd8cf1f,688a1ead-f3fb-472a-a29f-5ebce6755a23,Company,Turnover per Employee Anomaly,High,29-Jan-2026
9581f85d-74f4-4df2-b472-80ada1260430,fdf22a85-e8f9-463f-b98e-9664bd9e42ca,Company,Payroll vs Turnover Mismatch,High,29-Jan-2026
70c20b7f-0a17-4b54-8e31-0f3444b9bad1,fdf22a85-e8f9-463f-b98e-9664bd9e42ca,Company,VAT Under-Reporting,High,29-Jan-2026
b7b7c99f-11ed-4628-b8f1-f32af298dbd9,cf66a809-4f45-4856-8a25-1b1dc1b38fc3,Company,VAT Under-Reporting,High,29-Jan-2026
df89c0d0-63b0-4191-b66f-3ba0543e30fa,4431328a-358f-44fb-bf17-3b2e3f7daab9,Company,VAT Under-Reporting,High,29-Jan-2026
4ba76c83-eb39-48f1-a8aa-f4928ff90ee7,3d687c82-f50b-4651-8e76-02eba0ec3583,Company,Payroll vs Turnover Mismatch,High,29-Jan-2026
e46fa65d-7876-41ab-8a4f-ee8c08d1c201,1ee2277b-850d-4649-855a-01aea0586c6a,Company,VAT Under-Reporting,High,29-Jan-2026
f9250dc8-96c8-4377-8d15-5f57d5c49a54,b1633b4f-254f-4555-a4d4-c072c3d8c31a,Company,Payroll vs Turnover Mismatch,High,29-Jan-2026
038673e3-6edb-41bc-ad3c-fd07c210a08d,b1633b4f-254f-4555-a4d4-c072c3d8c31a,Company,VAT Under-Reporting,High,29-Jan-2026
a8e0a4c2-7df7-4e99-acb1-10c91acf1248,b714a0f1-b70d-48ff-a236-95dddea1b75b,Company,Payroll vs Turnover Mismatch,High,29-Jan-2026
873d47f4-945d-463e-80e4-d77610954aee,16843d7b-5fc2-4573-a61c-058abbbdf38e,Company,VAT Under-Reporting,High,29-Jan-2026
d735467d-4d5b-4a1b-985e-3249be991726,c3578b79-e67b-4449-8ae1-c0ba61f68268,Company,Payroll vs Turnover Mismatch,High,29-Jan-2026
03704e92-d94b-4e7b-a633-440127760362,a2105d0e-e054-4c2c-b448-fc5336475588,Company,Payroll vs Turnover Mismatch,High,29-Jan-2026
f5daa414-cd32-4443-b3de-ba849cacbef1,a2105d0e-e054-4c2c-b448-fc5336475588,Company,VAT Under-Reporting,High,29-Jan-2026
3ae4bfd7-ab46-494b-b3fc-78dffe593208,396a4bc6-0c27-458e-bbe2-e7bd3d774d54,Company,VAT Under-Reporting,High,29-Jan-2026
4b5a3b2a-54ad-4a4e-99b8-052aa6543c27,21704792-223c-44f8-841c-1afd95d4491f,Company,Payroll vs Turnover Mismatch,High,29-Jan-2026
8537c71f-7233-41bd-aef0-1e7202ee82b4,bb01c0ba-93fc-4131-a5dd-1d7bde58581a,Company,Payroll vs Turnover Mismatch,High,29-Jan-2026
ace4c32f-df01-4a28-967e-3a82cf29b7c7,bb01c0ba-93fc-4131-a5dd-1d7bde58581a,Company,VAT Under-Reporting,High,29-Jan-2026
f8b05506-e64e-4f5b-89b9-8e5355b31389,bb01c0ba-93fc-4131-a5dd-1d7bde58581a,Company,Turnover per Employee Anomaly,High,29-Jan-2026
5f271d71-7049-49ec-a894-b33dd2c950c2,d8ed9c27-6d45-4b99-be5e-2b029345476b,Company,Payroll vs Turnover Mismatch,High,29-Jan-2026
c6d17b64-a1c0-4641-be3b-02531c125818,d8ed9c27-6d45-4b99-be5e-2b029345476b,Company,VAT Under-Reporting,High,29-Jan-2026
ceb3e981-f2c0-4773-a1d2-9828a1b2dbb1,f335a079-acfc-4561-b40d-763b934ad0f4,Company,Payroll vs Turnover Mismatch,High,29-Jan-2026
c533ccd5-6b47-4d39-b766-f1e604fdc07b,f335a079-acfc-4561-b40d-763b934ad0f4,Company,Turnover per Employee Anomaly,High,29-Jan-2026
0cca9434-e03b-4e22-acc0-63e338e31290,bc9775c9-d5de-4bac-997e-539c794459ca,Company,VAT Under-Reporting,High,29-Jan-2026
b77f3fca-53ec-4749-928f-107913429283,eef51d0c-5425-4648-b15a-05c45d8ab6cc,Company,VAT Under-Reporting,High,29-Jan-2026
60232fcf-2194-4694-9278-78d72b9c3e72,bf30dad3-50e2-4848-af98-d8f7de523847,Company,Payroll vs Turnover Mismatch,High,29-Jan-2026
601fcbf7-562e-4cff-8ed7-b8edbf303278,5affa2c0-1a3a-4c9b-bec2-19396c8d6326,Company,VAT Under-Reporting,High,29-Jan-2026
368f4515-1018-49db-9cae-33d94512b1c4,543d3850-195a-4205-ae1b-60833534c3d8,Company,Payroll vs Turnover Mismatch,High,29-Jan-2026
ca21b13b-707f-4fa1-ac6b-8e8e37df46ab,e399ce3e-bd05-4b92-bdba-7d12bb6755b9,Company,VAT Under-Reporting,High,29-Jan-2026
33b76583-db84-4577-9d40-1f663998897d,d6120b21-a089-4482-afd3-2e7c94012fed,Company,VAT Under-Reporting,High,29-Jan-2026
262952a1-486c-4429-a2e1-5bc43ea67ca4,5bdc4581-f971-45c3-bf97-239d582fc1d1,Company,Payroll vs Turnover Mismatch,High,29-Jan-2026
ddfaf599-bab5-4cc6-831b-43c84d013d61,5bdc4581-f971-45c3-bf97-239d582fc1d1,Company,VAT Under-Reporting,High,29-Jan-2026
0afbb080-fc0c-4b28-b7f9-f88edc1f0674,2320e717-db6d-4b28-9dde-c67db41695a0,Company,VAT Under-Reporting,High,29-Jan-2026
ddda851e-5c39-42c3-94cc-11770e21fb35,9b335abc-81af-411e-b545-1bdf278e30c4,Company,VAT Under-Reporting,High,29-Jan-2026
c2dd63cd-10a8-48e2-bc40-0baa588354a9,b47d1e82-d5bc-4868-aa08-4be36f62d6f2,Company,Payroll vs Turnover Mismatch,High,29-Jan-2026
29e3c0d1-b376-41c8-980b-02bf3262c65b,b47d1e82-d5bc-4868-aa08-4be36f62d6f2,Company,VAT Under-Reporting,High,29-Jan-2026
1ddfa934-2502-426e-a43a-9afff5a7d419,ac268878-c4ba-4677-856d-a81c61c0321a,Company,VAT Under-Reporting,High,29-Jan-2026
d989f479-cf33-4802-9363-ceddc6710bb7,4b86c56f-3dd5-48e9-b74d-4931ddd419fa,Company,Payroll vs Turnover Mismatch,High,29-Jan-2026
ad06b823-12e0-4d70-ad4f-b8c773e8fbe0,dbb027e6-4052-4372-9575-c630f7104b0c,Company,Payroll vs Turnover Mismatch,High,29-Jan-2026
1b80dcc6-4a6e-4d4d-b141-b8a9e84d07ca,dbb027e6-4052-4372-9575-c630f7104b0c,Company,VAT Under-Reporting,High,29-Jan-2026
9a4522d6-6561-43bb-ba45-54b23fb064d3,fd5672fe-1a05-4925-b624-ab2192ba8511,Company,Payroll vs Turnover Mismatch,High,29-Jan-2026
912b96d9-960e-40a3-b2e2-b3b30a1765db,fd5672fe-1a05-4925-b624-ab2192ba8511,Company,VAT Under-Reporting,High,29-Jan-2026
a944b488-98f1-4e82-8106-06c3f9cdf0a5,fd5672fe-1a05-4925-b624-ab2192ba8511,Company,Turnover per Employee Anomaly,High,29-Jan-2026
9348cd20-763d-4854-8966-2217b4eded7e,a0f0524d-5128-4866-8c16-59beedc34dcd,Company,VAT Under-Reporting,High,29-Jan-2026
a803d8a2-cdea-40cc-b1f2-dba0804b4aba,9f858aa9-ca46-4370-88d4-d4266f64fce7,Company,VAT Under-Reporting,High,29-Jan-2026
ea125924-ae6a-44c5-9aa6-8e6f71a951f6,5188dfda-54a6-4fc1-b391-c616af9aea84,Company,Payroll vs Turnover Mismatch,High,29-Jan-2026
644e04d3-ab3c-491a-96eb-641c14fd7b3d,5188dfda-54a6-4fc1-b391-c616af9aea84,Company,Turnover per Employee Anomaly,High,29-Jan-2026
9d152982-5054-489b-8ad7-0543974a6d09,61edd295-7356-40da-b7d4-1cd3bda9c568,Company,VAT Under-Reporting,High,29-Jan-2026
7473cc15-2104-4cf4-ab4c-29d437a31fe4,d49c4a24-e11f-4421-8bff-0be39fae6796,Company,Payroll vs Turnover Mismatch,High,29-Jan-2026
8af4ceea-55de-4a59-9578-cb0e74ad2d42,76679b95-059d-49d6-897f-48ef32c7e90f,Company,VAT Under-Reporting,High,29-Jan-2026
c63f1059-e037-4c88-9711-5ccbff6e5ab5,7a0540ce-b005-4a19-a8e4-b61cb08a889d,Company,Payroll vs Turnover Mismatch,High,29-Jan-2026
4ca24bcf-ae21-477d-8110-0b0d7fa720a2,7a0540ce-b005-4a19-a8e4-b61cb08a889d,Company,Turnover per Employee Anomaly,High,29-Jan-2026
edbd25e7-127d-4e3e-8443-052cc35ed89b,54a36ea4-ac64-4782-a057-415b910fcb3b,Company,VAT Under-Reporting,High,29-Jan-2026
1efdc308-a4ab-41b1-8de2-c0479a581ea0,f447b0b6-d966-4359-b836-e0fc742c51b3,Company,Payroll vs Turnover Mismatch,High,29-Jan-2026
a7765d94-8b1b-4b7b-b563-098cd0f7b131,f447b0b6-d966-4359-b836-e0fc742c51b3,Company,VAT Under-Reporting,High,29-Jan-2026
d1f7d270-0f22-437c-8b72-3e2ebfb162d2,ecfc0c5c-10cc-424c-b1be-f34603db504c,Company,Payroll vs Turnover Mismatch,High,29-Jan-2026
e32dae93-cf74-4cc7-b37d-d640f276118f,37e23c3a-f90e-4640-826e-6b36ec42c755,Company,Payroll vs Turnover Mismatch,High,29-Jan-2026
73c6ac74-d50a-403f-9407-bdbc1877087e,37e23c3a-f90e-4640-826e-6b36ec42c755,Company,VAT Under-Reporting,High,29-Jan-2026
175caa24-c35b-4b2d-a4ef-1c2fe73d0a48,2e669dc0-769e-4761-9ad1-db8e823dee96,Company,VAT Under-Reporting,High,29-Jan-2026
e7e4e804-aaec-412b-a9ee-201ecb385129,71b07cfa-e388-45d8-9d76-cf010bc7a381,Company,Payroll vs Turnover Mismatch,High,29-Jan-2026
f1d89b5c-ba2e-42a0-b4a0-4fc91dd3a74f,71b07cfa-e388-45d8-9d76-cf010bc7a381,Company,VAT Under-Reporting,High,29-Jan-2026
b3b501fd-971b-4850-bbb7-cd0f1fb72153,ed40dfe2-4dfd-47de-a49c-9bbf799fe9a2,Company,Payroll vs Turnover Mismatch,High,29-Jan-2026
69b66f52-1092-438d-bc14-d3cdeb97729d,ed40dfe2-4dfd-47de-a49c-9bbf799fe9a2,Company,VAT Under-Reporting,High,29-Jan-2026
9e9d7f53-139c-4fdf-a3b2-ec7d5bfdea7c,ed40dfe2-4dfd-47de-a49c-9bbf799fe9a2,Company,Turnover per Employee Anomaly,High,29-Jan-2026
40664182-5db2-401a-b178-ca7a01669a78,0cdac6bd-8f0e-45fb-83d1-f272a3e2fa80,Company,VAT Under-Reporting,High,29-Jan-2026
d67ad501-7432-4032-9aac-5a8b39e10743,90b2f590-65a9-464e-b584-58787dc1f6bd,Company,Payroll vs Turnover Mismatch,High,29-Jan-2026
e7e0e78f-4387-4cde-8b55-0594ed7efcd4,90b2f590-65a9-464e-b584-58787dc1f6bd,Company,Turnover per Employee Anomaly,High,29-Jan-2026
9a43bfe7-9acc-4b00-a8d2-ceea3d1f8cf8,11e08a27-c74c-4d62-8329-3a068daed9fa,Company,Payroll vs Turnover Mismatch,High,29-Jan-2026
f8bf4525-0d0a-4e72-80d6-7fad4320f469,2588489c-fb9c-4ec4-adac-2ce6c669e140,Company,VAT Under-Reporting,High,29-Jan-2026
a26a4089-87cc-4637-a946-da3583679a56,90f236fd-c8fe-44d0-8001-5abae9e6a820,Company,Payroll vs Turnover Mismatch,High,29-Jan-2026
643caf1a-78a8-47b9-afd8-ac515d1ef832,90f236fd-c8fe-44d0-8001-5abae9e6a820,Company,VAT Under-Reporting,High,29-Jan-2026
8e99c3b9-5e6a-43da-998d-b781ad28f442,c7fcf6f9-6889-4a6a-8d7d-479d97664a0c,Company,Payroll vs Turnover Mismatch,High,29-Jan-2026
6b4ec81e-2168-4f82-9d6a-b18448c0f53a,c7fcf6f9-6889-4a6a-8d7d-479d97664a0c,Company,VAT Under-Reporting,High,29-Jan-2026
5d047abd-e296-42d7-9a20-0ece3f0a92ec,02003e52-383d-4c2d-886b-6ce280d6238c,Company,VAT Under-Reporting,High,29-Jan-2026
ed25bfc1-63de-4076-88f9-9bd71541e69c,496a4db1-45a8-40fe-98cd-a7783b8fdaef,Company,Payroll vs Turnover Mismatch,High,29-Jan-2026
5062783a-4491-4c3a-b34c-72324991de0a,496a4db1-45a8-40fe-98cd-a7783b8fdaef,Company,Turnover per Employee Anomaly,High,29-Jan-2026
87ea0209-a508-43ef-a535-71b1eecd6f2d,f023244c-366a-4dd7-a45c-4f65bc04b32d,Company,Payroll vs Turnover Mismatch,High,29-Jan-2026
2ed80859-004d-4993-b234-0aade5ad8e83,f023244c-366a-4dd7-a45c-4f65bc04b32d,Company,VAT Under-Reporting,High,29-Jan-2026
534bf1a1-62ec-485b-9e3e-26638c18e9cc,53a7fb06-9499-463c-8660-7700296462dc,Company,VAT Under-Reporting,High,29-Jan-2026
3fa41572-57ae-40fc-9095-01ab5380dcb7,ac38e4ab-bbb5-414f-a61c-4830bf8183c0,Company,Payroll vs Turnover Mismatch,High,29-Jan-2026
516fc467-aa63-4a15-afbe-050f920a9922,a34db182-6833-4e78-9337-90bb3851ffed,Company,Payroll vs Turnover Mismatch,High,29-Jan-2026
e2eff8e1-f186-4dc7-be4a-743f5912c050,a34db182-6833-4e78-9337-90bb3851ffed,Company,VAT Under-Reporting,High,29-Jan-2026
638be58b-b36b-4baa-8551-4ade613f1b4d,10a6046f-72f9-4e29-9024-bcb808056d31,Company,Payroll vs Turnover Mismatch,High,29-Jan-2026
c4332ad2-e30c-44da-b70b-b879b503f0f2,10a6046f-72f9-4e29-9024-bcb808056d31,Company,Turnover per Employee Anomaly,High,29-Jan-2026
00e808cb-f254-4530-ad8f-d3b2cb4f8401,a3bad9e2-e7a7-47b1-8c19-adfc57eaea36,Company,Payroll vs Turnover Mismatch,High,29-Jan-2026
f0652038-53d3-4882-bf2d-4b43f8ab2cea,a3bad9e2-e7a7-47b1-8c19-adfc57eaea36,Company,VAT Under-Reporting,High,29-Jan-2026
fdefd7ac-7ce2-4895-94f5-81a20b60c982,3b5b1efd-0bf3-42e9-89ce-f45ffca54b73,Company,Payroll vs Turnover Mismatch,High,29-Jan-2026
4450859d-d145-46dd-bf85-9ea917ba3452,3b5b1efd-0bf3-42e9-89ce-f45ffca54b73,Company,Turnover per Employee Anomaly,High,29-Jan-2026
24dfbf86-7871-48b6-ac56-6ddd3e1b552f,51bc0159-ba0f-48c9-82cf-47051ec77569,Company,VAT Under-Reporting,High,29-Jan-2026
e3d4283a-3f8c-4f4f-b0ac-8ed6c39c23ad,314a59bc-41c4-4c79-87e5-1b1899b5660b,Company,VAT Under-Reporting,High,29-Jan-2026
8ea965fe-ff0d-45d8-938f-975f391494b2,bc8e1fff-ed4e-4b8b-9df9-ae13f18e8451,Company,VAT Under-Reporting,High,29-Jan-2026
e6e211b0-a2ff-4167-87a2-d1613caf1c11,36a33d4e-96ab-48db-8b48-6c4167e0f356,Company,VAT Under-Reporting,High,29-Jan-2026
0452481d-9824-46b8-966c-d7da4caeac5a,65c34b45-cab2-446f-a43d-d9d8dfea3597,Company,VAT Under-Reporting,High,29-Jan-2026
b05c244f-9886-4f82-9875-0e3d2040bd03,6fe1ef2f-a5ab-4ada-a3c9-7f01c276c834,Company,Payroll vs Turnover Mismatch,High,29-Jan-2026
2d9aaae4-27f7-4f4e-a858-27b6356240f6,6fe1ef2f-a5ab-4ada-a3c9-7f01c276c834,Company,VAT Under-Reporting,High,29-Jan-2026
587b5762-f1a6-4095-b98d-37dc08df0a2a,120b35a8-54aa-4711-9da4-8afaf2b5674d,Company,Payroll vs Turnover Mismatch,High,29-Jan-2026
f0ba32ca-aef3-4176-91bb-9304be9417ca,ea86b7b5-fc38-4ddc-a012-69240e61b6c3,Company,Payroll vs Turnover Mismatch,High,29-Jan-2026
45420f22-82c1-44f7-9bda-a810b5dec73b,ea86b7b5-fc38-4ddc-a012-69240e61b6c3,Company,VAT Under-Reporting,High,29-Jan-2026
903ddb5d-e8c4-4805-870b-9c489e2ebec5,59708156-b211-43e3-8f18-79af873a859f,Company,VAT Under-Reporting,High,29-Jan-2026
a4f9b86b-f6e9-462a-8193-a66eaf11784e,a8f42f34-4b16-45a1-a181-ea41dc6fa5b1,Company,VAT Under-Reporting,High,29-Jan-2026
b1674e40-dfbf-4225-b784-b8600ae78f59,6d424696-dccd-46c5-94f1-07ab20961f3f,Company,VAT Under-Reporting,High,29-Jan-2026
eaebebb3-2011-412d-a54f-347b05993f65,baad045b-1943-49d2-87b3-313523c294fd,Company,VAT Under-Reporting,High,29-Jan-2026
70d06a40-68ba-4b8b-abc1-8555465b7614,b4861af0-3986-458b-bfb1-59f328a39287,Company,Payroll vs Turnover Mismatch,High,29-Jan-2026
3e255682-33bf-4356-9589-5277646dc2c7,b4861af0-3986-458b-bfb1-59f328a39287,Company,VAT Under-Reporting,High,29-Jan-2026
45bbb2e3-2d2a-4739-bdb0-70edfc57d223,b4861af0-3986-458b-bfb1-59f328a39287,Company,Turnover per Employee Anomaly,High,29-Jan-2026
9389e196-eddf-4247-a55f-ace7255d2611,d8200f5c-4b91-4b5c-961e-16eb3fb6f558,Company,Payroll vs Turnover Mismatch,High,29-Jan-2026
5b5e5578-9de5-4c17-8c84-bd3936f37522,d8200f5c-4b91-4b5c-961e-16eb3fb6f558,Company,VAT Under-Reporting,High,29-Jan-2026
4a14753d-f924-4c6d-a1c4-f8d2fe5bf038,d8200f5c-4b91-4b5c-961e-16eb3fb6f558,Company,Turnover per Employee Anomaly,High,29-Jan-2026
0235cd42-5940-445d-985a-352b346b37f9,1fde07fe-6ec4-441a-bb8b-795797c7ebea,Company,Payroll vs Turnover Mismatch,High,29-Jan-2026
a34ac58d-b75c-412d-81f4-3e377d9013d6,1fde07fe-6ec4-441a-bb8b-795797c7ebea,Company,Turnover per Employee Anomaly,High,29-Jan-2026
e862634b-ae49-4eba-b3e2-37ff9dbc95c6,08247fa1-49f0-49c8-a706-1f26e2d8df9f,Company,VAT Under-Reporting,High,29-Jan-2026
e9262897-1c28-449c-be0a-ebb0fe0a4489,dcbfee7e-ed2b-4e0d-a44a-9d98776b70c6,Company,Payroll vs Turnover Mismatch,High,29-Jan-2026
e6d991e1-e3db-4c65-ae4b-3c5f8fed9e9b,dcbfee7e-ed2b-4e0d-a44a-9d98776b70c6,Company,VAT Under-Reporting,High,29-Jan-2026
efc9691b-f09b-408e-929b-18ac2dc24abd,dcbfee7e-ed2b-4e0d-a44a-9d98776b70c6,Company,Turnover per Employee Anomaly,High,29-Jan-2026
70cc5dbe-b1b1-42df-b9d7-051cddf5af6a,236339b9-6d43-41c4-86df-e9836be995ad,Company,VAT Under-Reporting,High,29-Jan-2026
71e9454c-0608-4805-983c-061ffcd7bdc8,f19e6ba8-3ba2-4dd8-8502-9d473d3b5a8a,Company,Payroll vs Turnover Mismatch,High,29-Jan-2026
8329ab0b-e76b-4ac6-b5cc-7675350293db,a27c71c4-4dde-4304-8b16-d5a8e1ea8e78,Company,VAT Under-Reporting,High,29-Jan-2026
4babade7-975b-4b86-b736-d98782d4f3d3,ab4dda9c-782c-4f89-87ca-e311a51cc888,Company,Payroll vs Turnover Mismatch,High,29-Jan-2026
5b03d895-422e-4f24-a3ed-8baf8b95340d,ab4dda9c-782c-4f89-87ca-e311a51cc888,Company,VAT Under-Reporting,High,29-Jan-2026
1a796adf-c365-4df6-a947-754e6a10ad6d,ab4dda9c-782c-4f89-87ca-e311a51cc888,Company,Turnover per Employee Anomaly,High,29-Jan-2026
06453258-4c15-420c-bb31-fe7fa5d55b36,3219cf47-1124-4778-b09e-94dfa546e368,Company,Payroll vs Turnover Mismatch,High,29-Jan-2026
64ad515e-7dc1-49c9-9858-34763c7cdade,3219cf47-1124-4778-b09e-94dfa546e368,Company,VAT Under-Reporting,High,29-Jan-2026
207330c4-28da-48a4-958c-655a5b864ead,3219cf47-1124-4778-b09e-94dfa546e368,Company,Turnover per Employee Anomaly,High,29-Jan-2026
1021503b-f67b-464a-bad2-092dfe7e7c91,37f6def0-2730-43d4-96f6-be5b7b598def,Company,Payroll vs Turnover Mismatch,High,29-Jan-2026
63397ee8-6f3b-4019-998e-7d74f04befda,59c36ea7-c38d-435a-bcb1-1da82d469a6a,Company,Payroll vs Turnover Mismatch,High,29-Jan-2026
a888b132-a9e7-4f4a-b6fe-61badd4a1051,59c36ea7-c38d-435a-bcb1-1da82d469a6a,Company,VAT Under-Reporting,High,29-Jan-2026
3f29d021-c688-4428-9ebe-b84a41a8dbb1,59c36ea7-c38d-435a-bcb1-1da82d469a6a,Company,Turnover per Employee Anomaly,High,29-Jan-2026
7f247d7e-5438-47d3-9e97-e5afdba46d58,a006c801-5cc8-40ca-8217-7f226c70bbaa,Company,VAT Under-Reporting,High,29-Jan-2026
8aa62973-a0e0-46c5-8022-2ecbf79aec61,9f5dc9bf-9452-49f4-b3b0-ab9f54f839f6,Company,Payroll vs Turnover Mismatch,High,29-Jan-2026
eb90d20c-557c-41e1-920d-3793cbd53c1f,d66e226e-c635-4460-8517-96cbd3768ed9,Company,Payroll vs Turnover Mismatch,High,29-Jan-2026
ea8eb001-7ee5-420a-9c32-e3f8d8db9e9a,d66e226e-c635-4460-8517-96cbd3768ed9,Company,Turnover per Employee Anomaly,High,29-Jan-2026
12e285ed-2b05-4225-a97e-56c6be0cd7c2,1d402b51-9454-4930-b2cf-2257a88360cd,Company,Payroll vs Turnover Mismatch,High,29-Jan-2026
01356ba2-5fcd-476e-8199-76f6a3c584eb,be8efbd5-79e2-41c7-9fc4-63d4a3a47df9,Company,VAT Under-Reporting,High,29-Jan-2026
d643a3b2-5af6-4f5e-8dc4-28b11c6c7575,1b1fbfed-26eb-4e0a-bc07-3d78364f3cd1,Company,VAT Under-Reporting,High,29-Jan-2026
b76f43d8-5d50-419c-8ff7-f303c88343ec,d4524277-4946-49a2-a8b0-50ac1212f1fd,Company,VAT Under-Reporting,High,29-Jan-2026
2f4f2073-04ec-4f56-8e80-aee9defff13f,a1162ca6-f905-4e54-a565-75b1e2371a5a,Company,Payroll vs Turnover Mismatch,High,29-Jan-2026
c47566a1-42da-4c62-b484-a20687742fcf,a1162ca6-f905-4e54-a565-75b1e2371a5a,Company,Turnover per Employee Anomaly,High,29-Jan-2026
60839fb9-73f8-4f34-b809-43e5edc61dd8,a1d6bfa5-4c54-4801-972c-d633139942e9,Company,Payroll vs Turnover Mismatch,High,29-Jan-2026
6204710e-afce-46fd-9119-d99b02ffa629,a1d6bfa5-4c54-4801-972c-d633139942e9,Company,Turnover per Employee Anomaly,High,29-Jan-2026
9414f2ef-a9ca-4506-bfd8-1e22a7a8f35a,e0dc6f97-532e-4689-a5cb-7b8224d791aa,Company,Payroll vs Turnover Mismatch,High,29-Jan-2026
a54dc945-687f-4495-8639-142c1f22b805,0e5f2439-150d-4549-b3ff-ea6108f0cf48,Company,VAT Under-Reporting,High,29-Jan-2026
d15e27b3-df10-43c5-b397-2efe89d37a2c,e28099b4-9839-41f1-aefc-656037aaf89f,Company,VAT Under-Reporting,High,29-Jan-2026
bebd0bbd-dfec-4d91-8763-b071baf03c00,a76dc224-830b-4848-80fa-2c2df0e02d4a,Company,Payroll vs Turnover Mismatch,High,29-Jan-2026
2ec30eb5-276a-4f13-a1cc-ed22a50d4872,a76dc224-830b-4848-80fa-2c2df0e02d4a,Company,Turnover per Employee Anomaly,High,29-Jan-2026
e3b570ad-a5ea-420d-b64d-2ddb1a294b93,5b0aae5f-7654-44b6-b496-0c720dfafb2d,Company,VAT Under-Reporting,High,29-Jan-2026
04139ee5-46f6-422c-b49e-5175a82f5c33,9a89a158-44e6-4f73-aab6-660895524e0e,Company,VAT Under-Reporting,High,29-Jan-2026
8db62917-4304-4b3c-997f-65d7c210097d,fcf72c1d-e431-4326-bc82-5fba61f7632c,Company,Payroll vs Turnover Mismatch,High,29-Jan-2026
fd3cf747-8dc7-493a-b04b-13db5c5e3d8e,6b4a88bf-b686-4b91-af2a-1bfe82a7f170,Company,VAT Under-Reporting,High,29-Jan-2026
834464e8-6b36-4fae-a758-0715287c1052,fa848d20-3e16-479e-af3b-a1dba51d8f95,Company,VAT Under-Reporting,High,29-Jan-2026
910d0074-fb1e-4a3b-ac78-217343b256dc,b60764ed-eeed-46a2-9943-40423ce1a8d4,Company,VAT Under-Reporting,High,29-Jan-2026
53f15f19-e950-488f-8060-76328df25ccc,56212639-45ad-49a7-b031-3fc6f7ae0d6d,Company,VAT Under-Reporting,High,29-Jan-2026
964f077a-b32c-4278-97f3-6fbe91758a13,5bbd1ccf-60d9-410b-9f86-921610bcac11,Company,Payroll vs Turnover Mismatch,High,29-Jan-2026
47e750bd-9d21-47ae-8c9d-4fdd6144ec0c,20d0c25b-7050-474e-80ed-3bb7c8fdf506,Company,Payroll vs Turnover Mismatch,High,29-Jan-2026
e661d711-7850-437e-9923-b7676d7a67dc,b6e63c80-484d-49bf-8fdf-de98ae71594d,Company,Payroll vs Turnover Mismatch,High,29-Jan-2026
534c9a12-e97d-4500-98f3-1c9c4e2ceaa4,b6e63c80-484d-49bf-8fdf-de98ae71594d,Company,VAT Under-Reporting,High,29-Jan-2026
125d0549-7046-4215-91aa-cc5fe136f2e0,a42d7c40-1261-4a74-80a9-63cef9a1197b,Company,VAT Under-Reporting,High,29-Jan-2026
5feab066-ab95-43f8-a7e4-63ef402acbb8,f882851b-d5d2-4e6c-a1c8-d535b4963683,Company,Payroll vs Turnover Mismatch,High,29-Jan-2026
2b1569b0-8988-43a5-890b-7b66ea3bad97,f882851b-d5d2-4e6c-a1c8-d535b4963683,Company,VAT Under-Reporting,High,29-Jan-2026
76eda10f-6d53-403a-b513-b18cf6619aec,f882851b-d5d2-4e6c-a1c8-d535b4963683,Company,Turnover per Employee Anomaly,High,29-Jan-2026
f9dfaa11-faff-4672-ad00-2f0c5ace321d,da007cd6-4e42-45fc-bc58-4915e1d5cd50,Company,VAT Under-Reporting,High,29-Jan-2026
792ad4f9-6d9d-4575-ba68-d8dd566ad552,c122d7c8-0c9d-4309-a4cb-e2d322423032,Company,VAT Under-Reporting,High,29-Jan-2026
e510db58-0f2d-42ba-b144-c9b44f632705,e892cdac-5155-4d09-9c45-9483466c87f5,Company,Payroll vs Turnover Mismatch,High,29-Jan-2026
98b5b528-195d-4d00-99b4-d84f930887f4,37faf57b-587a-451d-8264-d82a5903496b,Company,Payroll vs Turnover Mismatch,High,29-Jan-2026
a6fc5b1c-58ec-4c14-bc07-3b04e4cfc8eb,a3d4b438-ce3c-4c7b-8a81-bf1c59f64099,Company,Payroll vs Turnover Mismatch,High,29-Jan-2026
4f776aca-300f-42ba-9e8b-a803af6ab05d,a3d4b438-ce3c-4c7b-8a81-bf1c59f64099,Company,VAT Under-Reporting,High,29-Jan-2026
423f7ed1-6484-4a5a-860a-a27d2bbe3029,41efd52d-97af-4bc6-ae6d-43bc7b1e2c80,Company,Payroll vs Turnover Mismatch,High,29-Jan-2026
5bca181b-4407-46ca-9d7a-c27049e72e54,41efd52d-97af-4bc6-ae6d-43bc7b1e2c80,Company,VAT Under-Reporting,High,29-Jan-2026
68566981-d243-4d52-8ae8-1f3dbd97e684,41efd52d-97af-4bc6-ae6d-43bc7b1e2c80,Company,Turnover per Employee Anomaly,High,29-Jan-2026
faedbbb6-64c5-4d48-98a8-94a1193fe8b2,dffb1419-214a-46e3-a039-9168a5538902,Company,Payroll vs Turnover Mismatch,High,29-Jan-2026
4c0e64c8-23d6-4493-922c-9716e25868a2,dffb1419-214a-46e3-a039-9168a5538902,Company,VAT Under-Reporting,High,29-Jan-2026
a9abd424-3c4d-4984-8fe4-3a1cf6eac6e9,dffb1419-214a-46e3-a039-9168a5538902,Company,Turnover per Employee Anomaly,High,29-Jan-2026
2f51e9ee-4d49-4e68-afec-7bbadf0a6c09,729e3022-28eb-4660-b342-fb643593fb44,Company,Payroll vs Turnover Mismatch,High,29-Jan-2026
6b38b25a-2486-47be-9a87-c5fe6835517a,729e3022-28eb-4660-b342-fb643593fb44,Company,Turnover per Employee Anomaly,High,29-Jan-2026
72a455fd-5b2c-4c81-b0f1-89d4f3f3f87d,531cba35-3107-4390-8d6f-74ea1bb0e0ad,Company,VAT Under-Reporting,High,29-Jan-2026
1a7a6b07-f336-4b9c-aeec-f68fd7dd32e3,f850af48-3d29-4384-a0a5-a0aabd2096f1,Company,Payroll vs Turnover Mismatch,High,29-Jan-2026
2e1103aa-2126-4f40-9377-8c0d6c1e6596,f850af48-3d29-4384-a0a5-a0aabd2096f1,Company,Turnover per Employee Anomaly,High,29-Jan-2026
d4916bc9-5ca0-4f48-a21c-13b9b06a45e2,4f8cdf3b-fc95-4918-8638-a34e2fb2a0c0,Company,VAT Under-Reporting,High,29-Jan-2026
6facaac1-f1b7-4bf2-9e17-3bad62ea486e,ca95fc5d-db79-43d2-aa37-6decfd8e1229,Company,VAT Under-Reporting,High,29-Jan-2026
fdd21425-d03d-43bf-b8e2-9b75f69b8950,df1cf612-ead8-4940-b7c1-236f847f825a,Company,VAT Under-Reporting,High,29-Jan-2026
2f2b372d-2860-4d8a-974e-7557fe925734,0b8e6b01-d714-4738-98b5-be4173edaae1,Company,Payroll vs Turnover Mismatch,High,29-Jan-2026
7ea8d368-d80b-4e7b-b4d9-6bbb5ffe6bc2,0b8e6b01-d714-4738-98b5-be4173edaae1,Company,Turnover per Employee Anomaly,High,29-Jan-2026
71ed58a2-a1c1-4475-8578-54f8ae2f9bb1,32a21bb6-f363-41f2-a165-785e26436d74,Company,VAT Under-Reporting,High,29-Jan-2026
41267e9b-8f9c-4846-9ec0-1e70223be527,42deebf6-0a7e-4990-b1d0-beaca8555626,Company,VAT Under-Reporting,High,29-Jan-2026
69dcb168-a289-4e92-9404-966cf38a60b7,8e7dd74a-ad0c-4eb1-901d-2fdf4ed3eddb,Company,VAT Under-Reporting,High,29-Jan-2026
f0bd1fac-aa78-4530-86d2-7f360a376f4d,1e50ef00-5d83-41ee-ac79-ee1c8564624a,Company,VAT Under-Reporting,High,29-Jan-2026
9490a641-9a31-4528-84c8-5ecd37c51aa9,709e387f-7520-45d5-a067-16923d89d9b2,Company,VAT Under-Reporting,High,29-Jan-2026
35491aae-4ace-4f0e-8889-7c4c92ff2658,1e293259-1fc8-4dcc-9580-75ddd35798f0,Company,Payroll vs Turnover Mismatch,High,29-Jan-2026
cb48fba3-6635-4ed5-8560-9857006e3ce8,1e293259-1fc8-4dcc-9580-75ddd35798f0,Company,VAT Under-Reporting,High,29-Jan-2026
145d8d5a-70ed-4cb8-b1f4-6305ac211460,1e293259-1fc8-4dcc-9580-75ddd35798f0,Company,Turnover per Employee Anomaly,High,29-Jan-2026
f595ee0f-46e7-4e2b-94c0-5e0bca618263,a816ae37-d210-4433-99c0-6feffc3adca0,Company,Payroll vs Turnover Mismatch,High,29-Jan-2026
8c682777-e1e6-4e2f-8c98-bca19e9822bb,5c438426-8ab2-4986-8c96-bcfc228ac6d5,Company,VAT Under-Reporting,High,29-Jan-2026
ee0580f0-750c-4e54-8ee3-abf3b25f4b77,751f3d1d-ea08-4480-b61c-93b19bc41dcd,Company,VAT Under-Reporting,High,29-Jan-2026
82894e2c-8dcd-4a7b-9a01-a1b3ec1983f7,3b839939-b171-46fc-aaa3-caa764d90094,Company,VAT Under-Reporting,High,29-Jan-2026
03d9c41b-4742-46e8-9798-e5552c01bd2c,4e2ed999-984c-4bdb-bd13-99b0e13734af,Company,Payroll vs Turnover Mismatch,High,29-Jan-2026
d5f75947-dbe0-4050-b835-bc6ae33be1e3,4e2ed999-984c-4bdb-bd13-99b0e13734af,Company,Turnover per Employee Anomaly,High,29-Jan-2026
c43fb3e0-c420-495d-8681-a38c9e22d120,d41c3d10-3d55-447f-8053-11247e9edf25,Company,Payroll vs Turnover Mismatch,High,29-Jan-2026
2cfc52dd-0067-4410-8c20-41cd50274545,bf59aa02-9cff-4aba-b39b-9f3d2c38fdea,Company,VAT Under-Reporting,High,29-Jan-2026
53e54b03-731c-4158-94c8-c9283925e9e7,c05208c6-1ca4-48da-95f6-945cf667fd6d,Company,VAT Under-Reporting,High,29-Jan-2026
2ba7c937-0cfa-4bf6-a988-42f55c73f38f,a02bb19f-03f4-4bbf-a689-fc1d20ed267d,Company,Payroll vs Turnover Mismatch,High,29-Jan-2026
871508e9-bac8-4790-82a6-04ee618e5d24,c2066f54-be12-4f8a-8f1f-7be43f770463,Company,Payroll vs Turnover Mismatch,High,29-Jan-2026
46d29f63-4c95-42b8-b152-8ec680b0db93,c2066f54-be12-4f8a-8f1f-7be43f770463,Company,VAT Under-Reporting,High,29-Jan-2026
2e03c239-028b-447b-aca7-977827c56c5a,5e7a2bf7-44bc-4bfd-bfda-5f78e6a73df8,Company,VAT Under-Reporting,High,29-Jan-2026
91432d04-e419-4d4e-b055-132e8b0aa7c3,b65ce92f-f383-46ce-b719-1f8e562e49c7,Company,Payroll vs Turnover Mismatch,High,29-Jan-2026
c40e939c-65c8-40e2-96ca-54c19be98309,b65ce92f-f383-46ce-b719-1f8e562e49c7,Company,VAT Under-Reporting,High,29-Jan-2026
aead44db-24a5-49e5-8c48-06437cb478a7,45c09fdb-b45f-42dd-a4eb-9d5f13cee41f,Company,Payroll vs Turnover Mismatch,High,29-Jan-2026
a64bd1dc-fac6-4c2a-a002-2374ecda56dd,aafd79cf-15ec-46e5-bea0-9aec8629376c,Company,Payroll vs Turnover Mismatch,High,29-Jan-2026
51fb84ab-bd78-4b4b-82bc-4751bfbbe0c4,aafd79cf-15ec-46e5-bea0-9aec8629376c,Company,VAT Under-Reporting,High,29-Jan-2026
3361c7b0-c2cc-4bac-89e8-4ed2e8fa09f0,aafd79cf-15ec-46e5-bea0-9aec8629376c,Company,Turnover per Employee Anomaly,High,29-Jan-2026
7127f98f-71a3-41c5-a608-5a21f6c82da7,4de624fe-d570-43e3-bf9e-878f8ad07615,Company,Payroll vs Turnover Mismatch,High,29-Jan-2026
4b373880-2553-42c2-b115-e967a3895847,4de624fe-d570-43e3-bf9e-878f8ad07615,Company,VAT Under-Reporting,High,29-Jan-2026
1f3cc0b6-3752-4939-a7dd-a04a6727278c,cfe4f89d-7c8f-472a-bf33-9868a07f5f48,Company,VAT Under-Reporting,High,29-Jan-2026
62c38014-f716-4142-98de-617bc623f498,4ef61ea9-4c16-47c0-a9be-edc41954aaf7,Company,VAT Under-Reporting,High,29-Jan-2026
e85c8b1d-2de7-458b-a0b2-5525394336ea,e8a36e71-ad53-48bf-9c22-061375092c3d,Company,Payroll vs Turnover Mismatch,High,29-Jan-2026
e0cc7729-171f-4e10-9c32-04a6ccff5d7e,4b7d30f0-4b16-4e63-b36b-375afc507b0e,Company,VAT Under-Reporting,High,29-Jan-2026
f784f2a6-42fd-48f3-9ad3-3e4eb86e65fc,bf2d8a36-118b-4dd5-8d16-d7e56ece63b5,Company,VAT Under-Reporting,High,29-Jan-2026
c9dbea05-8195-4c26-b09c-2bc807e86409,ead2d39f-83bc-4925-ad24-cde0101d489b,Company,Payroll vs Turnover Mismatch,High,29-Jan-2026
bbdb85a8-86c4-4b8b-be0a-c99a79600324,ead2d39f-83bc-4925-ad24-cde0101d489b,Company,VAT Under-Reporting,High,29-Jan-2026
9da17ec0-b469-4068-91cf-412a90eca644,ead2d39f-83bc-4925-ad24-cde0101d489b,Company,Turnover per Employee Anomaly,High,29-Jan-2026
a2a4751e-9599-456c-baec-cc5e464cb212,5335310b-b962-4e53-87bd-8780dded1f60,Company,Payroll vs Turnover Mismatch,High,29-Jan-2026
ce597257-dfd4-458a-9912-f1c660f18816,5335310b-b962-4e53-87bd-8780dded1f60,Company,VAT Under-Reporting,High,29-Jan-2026
7d53b9c7-cca4-48ce-80e8-cc2e521dbfd9,5335310b-b962-4e53-87bd-8780dded1f60,Company,Turnover per Employee Anomaly,High,29-Jan-2026
954ee9d9-0708-4813-946e-c5f43758712e,124d01c2-ec14-4203-901f-55abe5b72cdc,Company,Payroll vs Turnover Mismatch,High,29-Jan-2026
25a5b95b-003f-49e3-9688-f5063eb84fb1,124d01c2-ec14-4203-901f-55abe5b72cdc,Company,VAT Under-Reporting,High,29-Jan-2026
96179674-1383-4e3b-ad07-ee931adeb476,124d01c2-ec14-4203-901f-55abe5b72cdc,Company,Turnover per Employee Anomaly,High,29-Jan-2026
d34706ab-5344-4f09-89df-d464e7b2a2ee,ccfa0e71-cf29-49d8-833c-949b4707209e,Company,Payroll vs Turnover Mismatch,High,29-Jan-2026
7a784450-1c81-47ad-9a2a-1811fb250839,ccfa0e71-cf29-49d8-833c-949b4707209e,Company,VAT Under-Reporting,High,29-Jan-2026
aad32b2a-8bba-4e26-9273-15ba9f165b02,899bc93f-61e7-442c-bcb3-a6b241ef0598,Company,VAT Under-Reporting,High,29-Jan-2026
ec8586a6-491d-4c8f-af77-7a2320e56ce4,3bc23bcc-5ee7-47a0-8958-799253c86219,Company,Payroll vs Turnover Mismatch,High,29-Jan-2026
abccb3da-7cf0-4069-b2e1-ee6e6a8c340d,3bc23bcc-5ee7-47a0-8958-799253c86219,Company,VAT Under-Reporting,High,29-Jan-2026
085a4671-249d-4a4d-b184-660e4e433825,0bce7eea-19bb-4b0a-bd46-0c9358514d25,Company,VAT Under-Reporting,High,29-Jan-2026
13f12916-6eb9-45f7-ba71-c8d6f087157d,f73edb4d-4756-4497-8248-469bd737fc56,Company,Payroll vs Turnover Mismatch,High,29-Jan-2026
c91dc319-3999-4d6e-9d9e-76702578c35a,f73edb4d-4756-4497-8248-469bd737fc56,Company,VAT Under-Reporting,High,29-Jan-2026
8a333dc9-f59f-4d39-8f0e-9595e4c2289e,f73edb4d-4756-4497-8248-469bd737fc56,Company,Turnover per Employee Anomaly,High,29-Jan-2026
6ea41e98-5403-4693-840b-68ebf40e0d2d,1786b623-b9b2-4fda-8193-09eca9d4ea4e,Company,Payroll vs Turnover Mismatch,High,29-Jan-2026
8034c510-a4ed-4668-81f1-df939726855e,1786b623-b9b2-4fda-8193-09eca9d4ea4e,Company,VAT Under-Reporting,High,29-Jan-2026
480d4c43-c9f9-45eb-a080-dd925c4e8c50,467ff01d-a602-46ac-ac9a-032e93a6c584,Company,Payroll vs Turnover Mismatch,High,29-Jan-2026
e3c22ac7-bdbe-43df-9057-dfc8142b7afe,467ff01d-a602-46ac-ac9a-032e93a6c584,Company,VAT Under-Reporting,High,29-Jan-2026
39787f65-fdb4-424b-bfb6-738eb34f36c8,467ff01d-a602-46ac-ac9a-032e93a6c584,Company,Turnover per Employee Anomaly,High,29-Jan-2026
1b74692d-f682-4f8d-be4f-c167812d75e1,3e69015d-4a9e-4d88-8b7b-c452799d4952,Company,VAT Under-Reporting,High,29-Jan-2026
55f1a6c0-1fc0-414d-b504-ccac5281a37d,a7bf5eb1-9a83-49db-b8b3-9795c2786ee1,Company,Payroll vs Turnover Mismatch,High,29-Jan-2026
104505f8-668e-4a84-b1a0-77ca76c2a3bc,a7bf5eb1-9a83-49db-b8b3-9795c2786ee1,Company,VAT Under-Reporting,High,29-Jan-2026
98030075-e20a-4818-846e-3d0ee5f300f3,a7bf5eb1-9a83-49db-b8b3-9795c2786ee1,Company,Turnover per Employee Anomaly,High,29-Jan-2026
9a0884f2-bab8-4c60-b75e-d9acbe6072a1,d3e3ebcb-93ff-4740-9332-bb519b9b2114,Company,VAT Under-Reporting,High,29-Jan-2026
a34e647d-2efe-430e-b06d-d9e0f563db92,6b0be75c-d189-4215-aaaf-7674b4e022b8,Company,Payroll vs Turnover Mismatch,High,29-Jan-2026
65af7f26-6e34-40ad-8965-9ed40beb9891,6b0be75c-d189-4215-aaaf-7674b4e022b8,Company,VAT Under-Reporting,High,29-Jan-2026
f63b0887-d549-41f1-858d-5dff91af0f2d,bb9ab857-7db7-41a5-b900-081c3b40b2df,Company,VAT Under-Reporting,High,29-Jan-2026
6003d800-2ad4-4ff5-b23f-6ad039052ced,eb2d6f9a-a3ac-490c-82ce-611bcdaa361f,Company,Payroll vs Turnover Mismatch,High,29-Jan-2026
b0b66835-e39b-488f-af90-c817c4d1d6b7,eb2d6f9a-a3ac-490c-82ce-611bcdaa361f,Company,Turnover per Employee Anomaly,High,29-Jan-2026
004d86ab-f239-4672-a432-960348fdd314,b05d33bf-3662-4467-a07d-a20b36955a11,Company,VAT Under-Reporting,High,29-Jan-2026
3ec42383-87a9-4f48-8dd3-e324c4313a2f,217acb95-a77a-423f-b181-afcceaabf3ff,Company,VAT Under-Reporting,High,29-Jan-2026
4c5cbe3d-515b-45b3-adca-0e9ab6114eae,15d6e59b-4583-41f2-acb3-28d25b8a7ee8,Company,VAT Under-Reporting,High,29-Jan-2026
c03be351-6cc0-4ffd-ae94-96732b0bbcf3,855d6075-da43-45fa-b56f-f9169b090857,Company,VAT Under-Reporting,High,29-Jan-2026
4d7b2634-61d1-44e9-b124-94b04fbc3af6,51fa0c59-e300-4b8c-b0ef-45cdf4b0c974,Company,Payroll vs Turnover Mismatch,High,29-Jan-2026
21462791-519b-4e3d-8b46-dd3b3289c5dd,51fa0c59-e300-4b8c-b0ef-45cdf4b0c974,Company,VAT Under-Reporting,High,29-Jan-2026
1204fc1e-1712-445e-a8c4-aefd499f5838,cd19d413-4851-4f9e-b54f-7d243c46b4a2,Company,Payroll vs Turnover Mismatch,High,29-Jan-2026
30f022c2-83ee-4ecf-ba1f-0aceeca99038,cd19d413-4851-4f9e-b54f-7d243c46b4a2,Company,VAT Under-Reporting,High,29-Jan-2026
0b2646b7-5122-4828-8b48-84dcaa64045e,cd19d413-4851-4f9e-b54f-7d243c46b4a2,Company,Turnover per Employee Anomaly,High,29-Jan-2026
be00996a-5207-4292-a6bf-94e6327f4099,bf6eecc1-863e-40b6-8d2f-2d9fe9f45f60,Company,VAT Under-Reporting,High,29-Jan-2026
b8a4e68f-eee1-4172-885f-d75cf84c34d0,84f57eb8-a613-4576-93e1-ccd31d6502d6,Company,VAT Under-Reporting,High,29-Jan-2026
0d351da5-791b-4b57-b2df-4e2abe0b2b3a,d06d4447-7320-4685-86ad-70e57e69fc02,Company,Payroll vs Turnover Mismatch,High,29-Jan-2026
5859b7bf-9952-444d-a4b3-1a459dbfecd5,d06d4447-7320-4685-86ad-70e57e69fc02,Company,VAT Under-Reporting,High,29-Jan-2026
d5d31419-595c-469d-aacc-bae7b573a6d5,d06d4447-7320-4685-86ad-70e57e69fc02,Company,Turnover per Employee Anomaly,High,29-Jan-2026
0eca9786-858a-4472-8557-57f9bff9b2cf,45013783-7248-4ef1-82ff-b0c0e141c429,Company,VAT Under-Reporting,High,29-Jan-2026
7525ab36-a242-42d0-80e3-043f9391cec2,ed0b76db-c8d9-4c50-8245-6b63b8abbd1f,Company,Payroll vs Turnover Mismatch,High,29-Jan-2026
597e2c93-61b7-416b-ad6d-a802b8582660,ed0b76db-c8d9-4c50-8245-6b63b8abbd1f,Company,VAT Under-Reporting,High,29-Jan-2026
b7570c64-befa-4c5e-91e4-5e6093b060ea,0e94c0cf-0282-4a3f-9486-43649970d0c3,Company,Payroll vs Turnover Mismatch,High,29-Jan-2026
64e07a38-2857-4d78-b5e0-4933c7a055c0,0e94c0cf-0282-4a3f-9486-43649970d0c3,Company,VAT Under-Reporting,High,29-Jan-2026
f7ff7e5f-c9c5-4cae-bf8c-1a0cea24fdad,f0e41943-5008-4c57-aaab-4eaa059bf059,Company,VAT Under-Reporting,High,29-Jan-2026
a884b674-fa4f-4295-a898-156154cd4d90,8263f0e8-2165-412f-9590-520d99f6db77,Company,Payroll vs Turnover Mismatch,High,29-Jan-2026
cce561fa-ba17-4bf2-8f18-7b6031a212ad,8263f0e8-2165-412f-9590-520d99f6db77,Company,VAT Under-Reporting,High,29-Jan-2026
74175f95-9004-4fd4-a616-348281dc2b60,8263f0e8-2165-412f-9590-520d99f6db77,Company,Turnover per Employee Anomaly,High,29-Jan-2026
b338d7f9-6a27-44d5-8e0d-c3859fc13b02,f7fad275-c9cb-4bf7-a0b8-3eda98b22e4d,Company,Payroll vs Turnover Mismatch,High,29-Jan-2026
afe4d3ff-cdda-4bec-bb3a-7b4a82216b64,c5b8e09f-43de-4ee0-aa45-5dd14af12dfc,Company,VAT Under-Reporting,High,29-Jan-2026
7389f8a0-b6b5-4835-96cf-84a1d56991e7,b571d5f2-e4c4-42c4-b37d-14d66a054707,Company,VAT Under-Reporting,High,29-Jan-2026
064ca1a6-ab87-4123-8612-67a88b8b3658,72b31602-c70c-4f17-81e2-75f0ee242703,Company,VAT Under-Reporting,High,29-Jan-2026
755b049d-160d-4b1d-a1df-12635b17d326,3b8d7702-3741-4980-940c-674e11d22936,Company,VAT Under-Reporting,High,29-Jan-2026
0ba4465e-95cc-485f-b549-12a0a4d6222e,830c88c1-f6e8-4a71-b4b9-bd9ec2f1c697,Company,Payroll vs Turnover Mismatch,High,29-Jan-2026
7b978a72-d50a-4aab-81ff-a1cd20532079,830c88c1-f6e8-4a71-b4b9-bd9ec2f1c697,Company,VAT Under-Reporting,High,29-Jan-2026
5dc1e221-bb5e-4f78-83a1-bcf0903335f6,d91a2b4e-0958-462c-a348-ca788c7b7405,Company,Payroll vs Turnover Mismatch,High,29-Jan-2026
9f730cf9-4566-42fb-ba3a-eac116d277d5,21e5cd5d-7562-455e-bb32-3d98befed7cc,Company,Payroll vs Turnover Mismatch,High,29-Jan-2026
f3cfd4b0-3fda-4694-bf5e-106e390fbbda,21e5cd5d-7562-455e-bb32-3d98befed7cc,Company,VAT Under-Reporting,High,29-Jan-2026
0d30d1d8-1ab2-4817-aa5b-cf17a6bc2db7,21e5cd5d-7562-455e-bb32-3d98befed7cc,Company,Turnover per Employee Anomaly,High,29-Jan-2026
aa65e28f-b529-45f8-aa3a-ed0f5961fb38,aae198ee-503b-4236-9d3c-43b9c4b60718,Company,VAT Under-Reporting,High,29-Jan-2026
fff17222-9c34-4a08-aab3-aa4ac9c0f2d3,3c8754c4-e328-47be-9aeb-a81afe355cb5,Company,VAT Under-Reporting,High,29-Jan-2026
ba8b6ab0-9220-4862-8d72-97aacc1b8010,84b128a5-ff88-4ac7-82ff-5c1e82666fa9,Company,Payroll vs Turnover Mismatch,High,29-Jan-2026
d02237a2-180e-435e-921b-3c0c72eb0be4,84b128a5-ff88-4ac7-82ff-5c1e82666fa9,Company,VAT Under-Reporting,High,29-Jan-2026
3fab6ad6-69cf-43c5-afb9-429d8987f23d,84b128a5-ff88-4ac7-82ff-5c1e82666fa9,Company,Turnover per Employee Anomaly,High,29-Jan-2026
6bfc0276-e43d-410f-bb38-b5e51b70f29a,c99c83a2-6139-4964-8986-ba2dbdf69d4e,Company,VAT Under-Reporting,High,29-Jan-2026
923ac0de-9463-4d38-b0f5-4f7229e9216c,0544bd0d-deab-4ca0-8938-34b67514e553,Company,Payroll vs Turnover Mismatch,High,29-Jan-2026
4d713fdd-cf6d-4a46-ba26-a2e6f54113af,0544bd0d-deab-4ca0-8938-34b67514e553,Company,Turnover per Employee Anomaly,High,29-Jan-2026
2fd16823-4546-46e8-bb93-ce13373d99d9,bafce691-52a5-4865-b67f-b560cca51a30,Company,Payroll vs Turnover Mismatch,High,29-Jan-2026
49ba8aa4-05be-4ceb-9f07-fbad048bf029,14294bec-af9f-44d7-9932-f0d21f5e500a,Company,VAT Under-Reporting,High,29-Jan-2026
d2f78514-1c12-4f9a-87ac-205d72b1ff4d,4027f206-4c68-4488-bcec-5d779d4defd3,Company,VAT Under-Reporting,High,29-Jan-2026
bfe5c329-a40f-4cb8-a332-751993b7c54a,a32d9285-6e85-4605-8dd1-fe75bde4ff95,Company,VAT Under-Reporting,High,29-Jan-2026
57ff010d-db9e-4792-9398-86c7ebb22868,1440b0af-fd38-40af-aff6-ac1d85ceb985,Company,Payroll vs Turnover Mismatch,High,29-Jan-2026
910c4871-07a1-4824-99c8-cee5cf9ea0f9,1440b0af-fd38-40af-aff6-ac1d85ceb985,Company,VAT Under-Reporting,High,29-Jan-2026
babd288f-34b5-4e53-84aa-bd1b18f7d8c8,1440b0af-fd38-40af-aff6-ac1d85ceb985,Company,Turnover per Employee Anomaly,High,29-Jan-2026
bfbe323e-1353-45cf-b189-704c72202fae,690e3ceb-4a68-4a8d-a25c-74a2237823b1,Company,Payroll vs Turnover Mismatch,High,29-Jan-2026
29755ef5-8a19-427a-9496-180a3ac05f78,690e3ceb-4a68-4a8d-a25c-74a2237823b1,Company,Turnover per Employee Anomaly,High,29-Jan-2026
c871161a-bdf8-4ecc-9c1a-c3a54694e336,122cb1a4-f9f4-495c-a8c6-0c50eeced55a,Company,VAT Under-Reporting,High,29-Jan-2026
07682cad-f411-40c3-ab53-3757a9d482e3,4ecf730b-9852-4730-a8dd-aca0387c6fa8,Company,VAT Under-Reporting,High,29-Jan-2026
b81e90b4-e0bb-4c9a-8c6c-58fa11634f35,20645671-4ceb-44aa-84ba-101dec48548e,Company,Payroll vs Turnover Mismatch,High,29-Jan-2026
9e841401-c7b9-4813-b55b-9c023b92b3bc,20645671-4ceb-44aa-84ba-101dec48548e,Company,VAT Under-Reporting,High,29-Jan-2026
b76b2376-f730-4c81-916a-29b6c6b0a857,5d64f325-ea25-43cb-a598-bb43add42c69,Company,Payroll vs Turnover Mismatch,High,29-Jan-2026
f9b8d05d-b510-4700-9f5f-a886375ed985,5d64f325-ea25-43cb-a598-bb43add42c69,Company,VAT Under-Reporting,High,29-Jan-2026
03f18d4e-b901-426a-b1a4-a4a2328a7292,db3b0585-9bac-4e4c-bb34-2a9bbefe107a,Company,VAT Under-Reporting,High,29-Jan-2026
ebc89f7f-2c07-4b81-80fa-a678d4240b85,dbe6dd54-e51c-4bf3-ad93-7650c42280f3,Company,VAT Under-Reporting,High,29-Jan-2026
1b84ffbe-b94c-4f04-aa14-9db04de1bb31,128132cc-89a1-4ec9-8128-64ef8ec35417,Company,Payroll vs Turnover Mismatch,High,29-Jan-2026
9e7cc50e-f4ce-4a87-8a9e-6ad0afb42cc6,128132cc-89a1-4ec9-8128-64ef8ec35417,Company,VAT Under-Reporting,High,29-Jan-2026
6af4c695-2259-4af8-b583-a7c8a2dbc451,128132cc-89a1-4ec9-8128-64ef8ec35417,Company,Turnover per Employee Anomaly,High,29-Jan-2026
8408d202-46ea-495a-a6cd-14cef01aa3f5,8ffaeaef-3753-4394-84bf-f864adeae685,Company,VAT Under-Reporting,High,29-Jan-2026
697ab015-3757-4025-bfb2-187455b6f0fb,525aca90-37ff-494b-8d9d-c5d65c101d5e,Company,Payroll vs Turnover Mismatch,High,29-Jan-2026
825a74d4-3698-4596-a30b-df3867ba3d2c,525aca90-37ff-494b-8d9d-c5d65c101d5e,Company,VAT Under-Reporting,High,29-Jan-2026
03f51708-d13e-4982-b7bf-b0ac20c196e5,525aca90-37ff-494b-8d9d-c5d65c101d5e,Company,Turnover per Employee Anomaly,High,29-Jan-2026
d9d20760-f3f6-4c04-964d-8fb744a47a04,f13c18ee-29dd-4dde-b544-79eac471dd06,Company,Payroll vs Turnover Mismatch,High,29-Jan-2026
cebe6773-a135-4611-9a1d-e16b1fd6d198,f13c18ee-29dd-4dde-b544-79eac471dd06,Company,VAT Under-Reporting,High,29-Jan-2026
413c8192-08e1-4000-ad34-f89c4182201e,82aa60e3-12e4-4a00-8f40-aaaa1ff34eab,Company,Payroll vs Turnover Mismatch,High,29-Jan-2026
929ab334-f1ec-49dc-997f-45f79397d177,82aa60e3-12e4-4a00-8f40-aaaa1ff34eab,Company,VAT Under-Reporting,High,29-Jan-2026
7b1a0f1b-c42f-4ded-852a-dca2e2f30230,82aa60e3-12e4-4a00-8f40-aaaa1ff34eab,Company,Turnover per Employee Anomaly,High,29-Jan-2026
21efee5e-7c5b-4ffa-8018-c488405a30b1,7ae11c05-a028-4285-9d58-ff45d3e23b4a,Company,VAT Under-Reporting,High,29-Jan-2026
3d7c2bca-00ce-4a4e-957c-494a22bb4e70,12da5c87-6304-4e95-82b1-a0b2996df320,Company,VAT Under-Reporting,High,29-Jan-2026
944f030a-9321-49e2-992e-0779bfad888d,6ffb77bd-906e-4d64-81c5-39f27982d7c5,Company,Payroll vs Turnover Mismatch,High,29-Jan-2026
8d662e88-5610-4b01-a839-8acbee37a7ca,6ffb77bd-906e-4d64-81c5-39f27982d7c5,Company,VAT Under-Reporting,High,29-Jan-2026
9fb3dfbf-2966-4593-8403-9f4577ff2eb7,9621913d-5728-47de-ba48-21a0f42d386c,Company,Payroll vs Turnover Mismatch,High,29-Jan-2026
db6b9e2a-78b8-4e48-afbb-9b4d229844cc,9621913d-5728-47de-ba48-21a0f42d386c,Company,Turnover per Employee Anomaly,High,29-Jan-2026
d3a6f60c-ea73-4dec-bf4f-c466fd8b04ab,ea136619-111d-48be-aeec-6379f4a746e3,Company,Payroll vs Turnover Mismatch,High,29-Jan-2026
783cbd74-b254-45b8-9be3-d04d06c934a6,ea136619-111d-48be-aeec-6379f4a746e3,Company,Turnover per Employee Anomaly,High,29-Jan-2026
179cc16e-545c-4f53-9ade-5f7fb8e00b5f,61e455d3-3fe9-4eb3-a791-95de705f6802,Company,Payroll vs Turnover Mismatch,High,29-Jan-2026
95df59d2-dbb3-4c91-9f3c-b655ad34826d,620523ea-d5ea-4c7b-b8ab-e1871122868a,Company,Payroll vs Turnover Mismatch,High,29-Jan-2026
b1159b3b-563e-496a-8fa1-039e045aee66,66e0fd9c-23ec-497b-bf60-49e2661fa3e0,Company,VAT Under-Reporting,High,29-Jan-2026
0da5f992-c202-464e-9c25-9830cf868969,890c5c5e-3c13-4cf0-ab24-cc4cfad32d2f,Company,Payroll vs Turnover Mismatch,High,29-Jan-2026
0b1b5a90-ed98-438d-bd0b-020d9da06c65,2560586e-4318-40e6-9620-3cc3c98d58c9,Company,VAT Under-Reporting,High,29-Jan-2026
0f0615b0-edb7-41d9-85c8-f6950501a602,fddd9f51-40bb-4781-b94d-47033eeccb02,Company,VAT Under-Reporting,High,29-Jan-2026
f55c2788-9612-4126-81c2-e353275f4d78,8808b986-347c-4bd4-a989-3a9aabcdfa42,Company,VAT Under-Reporting,High,29-Jan-2026
a4d42887-4c7f-4329-bcbf-3a57083fa05b,319be2bf-f36a-4068-bb13-81af20e807b7,Company,Payroll vs Turnover Mismatch,High,29-Jan-2026
ce3d87f9-a720-4e63-912a-a2ac19a79333,319be2bf-f36a-4068-bb13-81af20e807b7,Company,VAT Under-Reporting,High,29-Jan-2026
66fc78bb-ef6d-461f-bdcd-1cadc5f8b27e,319be2bf-f36a-4068-bb13-81af20e807b7,Company,Turnover per Employee Anomaly,High,29-Jan-2026
a5ac46ae-ed9a-4040-8896-094c4f8b4f08,516d6653-302e-4de1-810f-001846de5cb3,Company,VAT Under-Reporting,High,29-Jan-2026
3f2bf9c0-6f4d-4aae-85f9-1f1c7c9e630f,0e370514-2025-495f-8d57-36c7718daa90,Company,VAT Under-Reporting,High,29-Jan-2026
68791c5d-9963-4b48-b471-a2b6f29e1e99,7a3120d3-858e-454a-b788-5b33db554ff3,Company,VAT Under-Reporting,High,29-Jan-2026
116abda9-fcc7-43ee-8fdc-c5ec6ea779c7,98eee14c-9d39-41c1-89bc-2d217105f667,Company,Payroll vs Turnover Mismatch,High,29-Jan-2026
08e2589c-e46d-40b2-9d96-ee147769fb13,98eee14c-9d39-41c1-89bc-2d217105f667,Company,VAT Under-Reporting,High,29-Jan-2026
8956f0b0-a7b3-4cb8-96ce-9b709c937450,bc8845e5-e351-4a11-93be-45d1acce1335,Company,Payroll vs Turnover Mismatch,High,29-Jan-2026
13f5e246-4bbe-4a62-b8d9-e02c07e5b884,bc8845e5-e351-4a11-93be-45d1acce1335,Company,VAT Under-Reporting,High,29-Jan-2026
350237a2-007e-48b9-a594-14ade0d4e0a2,bc8845e5-e351-4a11-93be-45d1acce1335,Company,Turnover per Employee Anomaly,High,29-Jan-2026
a58fb51b-9088-4147-b149-ba72044cee48,422b113f-7b4a-4c63-8de6-f8dbf46d22d2,Company,Payroll vs Turnover Mismatch,High,29-Jan-2026
dbba6908-125c-4360-90e4-a64637b64ac8,88e250e1-db4a-404d-b1c3-904af5ea9df8,Company,Payroll vs Turnover Mismatch,High,29-Jan-2026
dd16d33f-beed-4d94-a022-aeb37c8fc678,88e250e1-db4a-404d-b1c3-904af5ea9df8,Company,VAT Under-Reporting,High,29-Jan-2026
2d903a93-c69d-4faa-b25a-0d96cceca547,1b6f6272-9136-49be-a915-b972ebe24406,Company,VAT Under-Reporting,High,29-Jan-2026
14896153-b09d-43f1-a0b8-3a65ce3c7ea0,eed6aa9e-a783-44fd-b0e5-619cb2725dca,Company,Payroll vs Turnover Mismatch,High,29-Jan-2026
93b4b074-9cc8-417f-8cef-c5d426c659de,eed6aa9e-a783-44fd-b0e5-619cb2725dca,Company,Turnover per Employee Anomaly,High,29-Jan-2026
dd1c5dff-2d29-470f-a4a1-8137dff15dcb,62a6bf3a-96ed-4ec3-a5e5-29c270a4219f,Company,VAT Under-Reporting,High,29-Jan-2026
94bbb4c5-4787-4ceb-8b12-394c9fe1df4d,8fdc9358-b0f8-4780-9301-be0bc5fb8fa3,Company,Payroll vs Turnover Mismatch,High,29-Jan-2026
bc5a3ff0-16b6-45b9-8ccb-1e0a60b8ee92,8fdc9358-b0f8-4780-9301-be0bc5fb8fa3,Company,Turnover per Employee Anomaly,High,29-Jan-2026
0f51d436-fe3f-4378-b11b-bc7096ad8d47,8780de37-e203-4a98-9823-c8203bb09f66,Company,Payroll vs Turnover Mismatch,High,29-Jan-2026
120c1346-ff6b-43ad-b807-9aecea8bc127,5019a8c8-8f0a-46bf-8d01-05f36c7db7ba,Company,Payroll vs Turnover Mismatch,High,29-Jan-2026
7ed1987e-e4d7-4f98-ad9f-8f5b466790f3,5019a8c8-8f0a-46bf-8d01-05f36c7db7ba,Company,VAT Under-Reporting,High,29-Jan-2026
4cc9afd6-8a68-4238-bcc0-d4db97b6da06,5019a8c8-8f0a-46bf-8d01-05f36c7db7ba,Company,Turnover per Employee Anomaly,High,29-Jan-2026
eebddd87-cf30-4cd5-93bf-aa7fbb8f7b16,47cd00d3-9f90-4e93-a234-0e558b94e131,Company,VAT Under-Reporting,High,29-Jan-2026
aa1d3570-e046-4f3e-bee4-63c53cfac213,125b4c0d-c6f1-4fba-a935-12ba2b916ade,Company,Payroll vs Turnover Mismatch,High,29-Jan-2026
71c1a617-2cbc-4b72-97dc-109585527250,125b4c0d-c6f1-4fba-a935-12ba2b916ade,Company,VAT Under-Reporting,High,29-Jan-2026
233a0ca2-6e6e-480f-a238-ea0e5c4e15b1,125b4c0d-c6f1-4fba-a935-12ba2b916ade,Company,Turnover per Employee Anomaly,High,29-Jan-2026
c1a06683-db16-4314-b1a0-ef0864002afd,221a200d-16ef-4439-8c7f-dd11de5cca15,Company,Payroll vs Turnover Mismatch,High,29-Jan-2026
20988d25-5c4a-4f2b-8e81-062604b37477,221a200d-16ef-4439-8c7f-dd11de5cca15,Company,VAT Under-Reporting,High,29-Jan-2026
f0498a2b-3c49-4067-8d81-98e87968d07e,3a89b05a-956c-48f0-a641-3f6e82fd03ae,Company,Payroll vs Turnover Mismatch,High,29-Jan-2026
93d36671-3a7c-4868-a11f-f2f1836cfabd,6171aefe-49a6-4752-86ed-53321c114b40,Company,Payroll vs Turnover Mismatch,High,29-Jan-2026
25b73016-e1d1-4ee9-90fe-582e8962316e,6171aefe-49a6-4752-86ed-53321c114b40,Company,VAT Under-Reporting,High,29-Jan-2026
397e8e5d-8a65-4182-8105-a26bfaacb439,6171aefe-49a6-4752-86ed-53321c114b40,Company,Turnover per Employee Anomaly,High,29-Jan-2026
b9d0589f-9fa3-40ef-85fd-3a3fbf694e86,d4ea2d62-0871-4df3-b6a2-c3e6c075690b,Company,Payroll vs Turnover Mismatch,High,29-Jan-2026
0005e2e7-5762-4297-b36f-1189e87561fb,d4ea2d62-0871-4df3-b6a2-c3e6c075690b,Company,Turnover per Employee Anomaly,High,29-Jan-2026
8bb3f2b1-8054-4183-b753-c53f2cbffbd8,8152d8b7-6f3c-47f5-9ddc-c0509d59998e,Company,Payroll vs Turnover Mismatch,High,29-Jan-2026
1d61828b-8a46-4635-ad76-05455c62df0b,8152d8b7-6f3c-47f5-9ddc-c0509d59998e,Company,VAT Under-Reporting,High,29-Jan-2026
d3897863-23bc-4c1c-a501-e68194aca5cb,d5a16b5f-27ba-4d08-99d0-a80686db84c4,Company,VAT Under-Reporting,High,29-Jan-2026
a52e1810-2fc6-4ef8-b9ab-366b4d572668,63cbf447-0fef-49ff-9e80-bfa67150fb79,Company,VAT Under-Reporting,High,29-Jan-2026
7d74300d-9f20-4608-a470-4c3e6387c632,fd05ecd5-ae1f-466c-9d83-be29fbf98212,Company,Payroll vs Turnover Mismatch,High,29-Jan-2026
f2a44968-5891-4210-b398-4cffbffc341f,fd05ecd5-ae1f-466c-9d83-be29fbf98212,Company,VAT Under-Reporting,High,29-Jan-2026
d7a6a402-ef15-4f20-8ec5-9a27af5ba452,fd05ecd5-ae1f-466c-9d83-be29fbf98212,Company,Turnover per Employee Anomaly,High,29-Jan-2026
0f237428-9a8e-41ba-92c3-432cb905ceaa,0fa352eb-47c5-401a-89bf-bb0cfffddf49,Company,Payroll vs Turnover Mismatch,High,29-Jan-2026
1c47073f-8df9-41fe-b6b5-ed7140f4ad14,0fa352eb-47c5-401a-89bf-bb0cfffddf49,Company,Turnover per Employee Anomaly,High,29-Jan-2026
9953cd54-f1e1-4411-a7b0-638d67e9fa1f,a34313f2-2de1-41d4-a9f5-87ec2ea3ab14,Company,Payroll vs Turnover Mismatch,High,29-Jan-2026
f2a902f1-1a43-4e37-8775-a2b2a10841ce,a34313f2-2de1-41d4-a9f5-87ec2ea3ab14,Company,VAT Under-Reporting,High,29-Jan-2026
0e6cc2b8-00a3-4176-b3c1-7d9002df4ed0,d406a3d0-e14a-46af-8d1c-0684af55dea1,Company,VAT Under-Reporting,High,29-Jan-2026
ba1169f7-6132-4fe6-a324-b1dd9628c265,d5cea883-d045-4af0-993a-b527d4c16f3a,Company,Payroll vs Turnover Mismatch,High,29-Jan-2026
54d50e85-8aa2-4b99-93d8-b2bfbab52d67,d5cea883-d045-4af0-993a-b527d4c16f3a,Company,VAT Under-Reporting,High,29-Jan-2026
67ba6854-4bdf-47e3-bfb4-c20a19eb9b59,f47f5401-b170-4a69-9b98-27a073e4070a,Company,Payroll vs Turnover Mismatch,High,29-Jan-2026
a101d3d7-1d33-401a-bd85-0c29fabd8bc2,f47f5401-b170-4a69-9b98-27a073e4070a,Company,VAT Under-Reporting,High,29-Jan-2026
5a01c80a-2000-4442-b36c-db52077e0f45,f47f5401-b170-4a69-9b98-27a073e4070a,Company,Turnover per Employee Anomaly,High,29-Jan-2026
8e3809d4-9f5e-4003-afde-44bd35b03257,ab7551ad-62c7-43b6-b6c3-24d1fe5a3a4d,Company,Payroll vs Turnover Mismatch,High,29-Jan-2026
71cfaaa6-2591-4fd0-99ba-032a75614ebc,ab7551ad-62c7-43b6-b6c3-24d1fe5a3a4d,Company,VAT Under-Reporting,High,29-Jan-2026
b7013ce4-a7df-4417-a762-ce65f7e8cbe0,e5e113eb-9792-49d1-bd9a-e596928695e0,Company,Payroll vs Turnover Mismatch,High,29-Jan-2026
607d5263-75f4-4525-8ca5-49ab7d694a4e,e5e113eb-9792-49d1-bd9a-e596928695e0,Company,VAT Under-Reporting,High,29-Jan-2026
f61d6a27-e25f-434c-a801-71f5f42cfb63,21477ca1-f620-4802-89d3-d5fe38c2d49f,Company,Payroll vs Turnover Mismatch,High,29-Jan-2026
311ef3c3-2909-4aef-ab41-a7236096066d,21477ca1-f620-4802-89d3-d5fe38c2d49f,Company,VAT Under-Reporting,High,29-Jan-2026
17ea4e0c-170c-409a-9553-92ca10d4291a,21477ca1-f620-4802-89d3-d5fe38c2d49f,Company,Turnover per Employee Anomaly,High,29-Jan-2026
a0dbdab0-62af-49df-bbe5-28c07fa92bb0,c19d9dee-5b3d-48d7-a42c-42c71a33aaad,Company,Payroll vs Turnover Mismatch,High,29-Jan-2026
d75c49ef-bec6-4d65-993f-5465f962098c,8bc73d6d-eaba-44ed-a141-483ae09d4b52,Company,VAT Under-Reporting,High,29-Jan-2026
76b5a2c4-b0ec-4785-bb4a-e6d8abc3f80b,0d004dcb-bba6-4e10-acfa-fbfbcc5127de,Company,Payroll vs Turnover Mismatch,High,29-Jan-2026
f0c84d6e-2369-4a1a-b4b9-5875c3eb30e2,231529cd-cf57-46c2-83c8-0edd199b7a3b,Company,VAT Under-Reporting,High,29-Jan-2026
f3e2ac69-c7c2-466c-84cf-6d34c2d59f39,8ada7bc1-d65f-4943-a328-fbefece17e0e,Company,Payroll vs Turnover Mismatch,High,29-Jan-2026
a275b15c-378d-4598-b242-91dc223bfd39,8ada7bc1-d65f-4943-a328-fbefece17e0e,Company,VAT Under-Reporting,High,29-Jan-2026
3057c5e8-4d3c-42db-b009-5c5655602c44,0447b042-e1b2-4dda-9072-7a5a47f404ac,Company,VAT Under-Reporting,High,29-Jan-2026
7c689d5e-5910-432b-8435-46732c7d9d99,ed098005-0dd2-48db-9fd4-2f93bda6b64e,Company,Payroll vs Turnover Mismatch,High,29-Jan-2026
171924ab-453e-4d37-9e65-e5154a0cd705,ed098005-0dd2-48db-9fd4-2f93bda6b64e,Company,VAT Under-Reporting,High,29-Jan-2026
38995f28-d175-4db7-9296-566f2f70a49a,ed098005-0dd2-48db-9fd4-2f93bda6b64e,Company,Turnover per Employee Anomaly,High,29-Jan-2026
8dae5846-1b24-4def-95c6-4f2090c8bcce,5ea838c9-d190-4807-b919-37abce641a2e,Company,Payroll vs Turnover Mismatch,High,29-Jan-2026
2e64bfa3-2ebc-40c1-8a23-bb5444983147,63f4bb6a-be8f-4da9-9dc2-179367204e73,Company,VAT Under-Reporting,High,29-Jan-2026
01687224-8fcd-4997-820e-83ae3de55fc6,94f1b2e9-c556-41e7-9ce1-aff91a84f877,Company,Payroll vs Turnover Mismatch,High,29-Jan-2026
11311eb7-76db-4009-8d0e-b36145fad4fa,94f1b2e9-c556-41e7-9ce1-aff91a84f877,Company,VAT Under-Reporting,High,29-Jan-2026
bcca4ef8-32fe-417b-95ce-12389da22a02,ce2dda11-6f52-4f3d-933b-94f183ed21bb,Company,VAT Under-Reporting,High,29-Jan-2026
5db0713f-5e3d-44cd-b78c-510445ecf8cf,20498135-bcae-49c6-bad7-28ae56a7f7ea,Company,VAT Under-Reporting,High,29-Jan-2026
7700f16c-4698-4d86-9c5c-860758b06872,08411023-7a95-496a-bcf8-90fbcf06ac5d,Company,Payroll vs Turnover Mismatch,High,29-Jan-2026
7bdae3d0-a9c9-4226-b75f-533a7e1bc09d,08411023-7a95-496a-bcf8-90fbcf06ac5d,Company,VAT Under-Reporting,High,29-Jan-2026
5d8b318b-0f42-4baa-acc7-c43f5c551436,6cc40181-a0c3-49dc-b69c-511142c683b7,Company,VAT Under-Reporting,High,29-Jan-2026
a1f2c236-ce16-42f3-b49f-390a937a1e06,9a65d0e5-8e93-406c-ada3-3cb2e8a22d5f,Company,VAT Under-Reporting,High,29-Jan-2026
89a10c88-92d0-4583-85fd-0971500f558d,c395f2b0-1f81-4aed-b182-a80cf6f5d8c3,Company,Payroll vs Turnover Mismatch,High,29-Jan-2026
95e36108-7515-4c19-bd8e-33fb6cfad4e9,c395f2b0-1f81-4aed-b182-a80cf6f5d8c3,Company,VAT Under-Reporting,High,29-Jan-2026
3f69d95a-11a6-4643-b17b-563d5dba57af,71d1b037-d0d1-4843-a9ed-726c861b0e70,Company,Payroll vs Turnover Mismatch,High,29-Jan-2026
88135737-6cb1-48bd-9c5a-6fae2300b5c1,8a7b1839-6d7e-4a2f-8f4b-9175110bcbe1,Company,Payroll vs Turnover Mismatch,High,29-Jan-2026
c82c282c-8a65-44a6-9c3f-6213f4324dda,8a7b1839-6d7e-4a2f-8f4b-9175110bcbe1,Company,VAT Under-Reporting,High,29-Jan-2026
87d84d16-07d0-44a9-91b5-bc9c03006863,ae56c62d-69e5-4050-b357-2bb87b4fde89,Company,Payroll vs Turnover Mismatch,High,29-Jan-2026
e4e9d49d-f30b-40ee-bee5-77caac03bb6a,741be518-0353-438b-a16f-c0d3ca762908,Company,Payroll vs Turnover Mismatch,High,29-Jan-2026
bfa4cf9b-3cd1-40dc-858c-dfe672ea7b37,741be518-0353-438b-a16f-c0d3ca762908,Company,VAT Under-Reporting,High,29-Jan-2026
4b412b74-7324-4a85-98ee-da3a98a7d67a,741be518-0353-438b-a16f-c0d3ca762908,Company,Turnover per Employee Anomaly,High,29-Jan-2026
c6b81fad-2be8-4a51-8254-b4a7575132f2,b39c50b0-09af-44d6-b505-173fe8cb8e76,Company,VAT Under-Reporting,High,29-Jan-2026
c28c9a94-250b-422a-a9a1-3ef0d612d1cd,0da0b419-1878-4839-a686-b78295003576,Company,Payroll vs Turnover Mismatch,High,29-Jan-2026
e253d670-3e4d-4590-83da-25c3ef1a2d55,0da0b419-1878-4839-a686-b78295003576,Company,VAT Under-Reporting,High,29-Jan-2026
d2bea3e8-473d-4328-85e0-cbd44abf60be,0da0b419-1878-4839-a686-b78295003576,Company,Turnover per Employee Anomaly,High,29-Jan-2026
33511831-af40-4bd6-8c57-45e4c92c3323,f95035dd-6a38-4e6c-af6b-5567720076a1,Company,Payroll vs Turnover Mismatch,High,29-Jan-2026
4b8a9855-40e8-486a-94e2-bc18ccddaba4,f95035dd-6a38-4e6c-af6b-5567720076a1,Company,Turnover per Employee Anomaly,High,29-Jan-2026
63f15e55-b835-402d-b645-c2e7a11596c4,1348423e-d738-42e3-8143-b74ba5411a4b,Company,VAT Under-Reporting,High,29-Jan-2026
e1dc5c95-f935-424c-82d7-e0dda1330a5b,dab43095-e47c-49bc-a42a-bddde290a384,Company,Payroll vs Turnover Mismatch,High,29-Jan-2026
a0d687d1-ef3b-48bb-8159-93598818d72e,dab43095-e47c-49bc-a42a-bddde290a384,Company,VAT Under-Reporting,High,29-Jan-2026
1376f366-360b-47d8-b564-5efbfadd789e,dab43095-e47c-49bc-a42a-bddde290a384,Company,Turnover per Employee Anomaly,High,29-Jan-2026
b477ecc2-bba8-408a-8dad-7573ade61eb6,840bca8c-5a4b-43f3-9212-abdb6ea0c14e,Company,Payroll vs Turnover Mismatch,High,29-Jan-2026
4f15af9c-c1ef-4973-9377-579aada263b1,840bca8c-5a4b-43f3-9212-abdb6ea0c14e,Company,VAT Under-Reporting,High,29-Jan-2026
05ea7c13-56fa-4c0b-948a-eef346d647c7,70fdbeab-3bed-49ab-ab22-ce21659f9ae8,Company,VAT Under-Reporting,High,29-Jan-2026
b65a4216-1cc9-4d9a-97c6-f1a95db91e93,b3638e6c-04fc-499b-9ca4-c50ead5bb9ea,Company,Payroll vs Turnover Mismatch,High,29-Jan-2026
8d5dc380-8eab-44f2-a553-1f271a57c233,b3638e6c-04fc-499b-9ca4-c50ead5bb9ea,Company,VAT Under-Reporting,High,29-Jan-2026
1e075db6-1929-46e2-8749-d055404472f1,b3638e6c-04fc-499b-9ca4-c50ead5bb9ea,Company,Turnover per Employee Anomaly,High,29-Jan-2026
f25da356-8119-4113-813b-58265a3b8320,fab9a862-4685-475c-ab82-9d9ca9430228,Company,Payroll vs Turnover Mismatch,High,29-Jan-2026
e1c4ae34-d944-4b68-8df0-84b89bb4f75f,eeaa10a2-030b-43ea-a3d3-5a8fc73d180a,Company,VAT Under-Reporting,High,29-Jan-2026
e6cb71f1-02c4-4d17-83ea-ff49cc436a32,bab3b4b6-b02f-492b-b09a-fb95c2569061,Company,VAT Under-Reporting,High,29-Jan-2026
7628adfa-c149-445b-b9bc-652b1117ff74,7ada09f7-71ea-4903-b417-c1edb7beeca8,Company,VAT Under-Reporting,High,29-Jan-2026
9c03c830-ead5-483b-ac8b-fe29808ac2fe,62a3725a-f77c-494f-a7c9-53733f717f84,Company,VAT Under-Reporting,High,29-Jan-2026
0fa6dab2-5391-4896-96d5-ae7135edba56,a59c6716-b92e-458b-88e5-d065a035b961,Company,VAT Under-Reporting,High,29-Jan-2026
2b1b3357-9e5d-4742-a708-6ef8e95a68e5,6c7286c4-dd45-4654-9e36-f9b053838691,Company,Payroll vs Turnover Mismatch,High,29-Jan-2026
7853060c-680b-4a44-8f5f-14e2dc76051b,6c7286c4-dd45-4654-9e36-f9b053838691,Company,Turnover per Employee Anomaly,High,29-Jan-2026
2b6c6503-987a-4087-91a0-ebf20a0a527f,1df191a5-9d8a-4e23-8518-c721561393dc,Company,Payroll vs Turnover Mismatch,High,29-Jan-2026
c69496fe-4971-4021-bc81-3d342a3de968,1df191a5-9d8a-4e23-8518-c721561393dc,Company,VAT Under-Reporting,High,29-Jan-2026
092bd26e-c275-4838-8fca-154207f03aec,fa90367d-9b3d-46d3-8c40-9eca53516587,Company,Payroll vs Turnover Mismatch,High,29-Jan-2026
ba8316f5-f5e9-4075-bdf9-fa940c30308b,fa90367d-9b3d-46d3-8c40-9eca53516587,Company,Turnover per Employee Anomaly,High,29-Jan-2026
2b8ecf0d-8c9c-4e71-956c-51c9005e7fa5,c81d3339-bffd-4359-8030-518c95be105a,Company,VAT Under-Reporting,High,29-Jan-2026
fa92bc4c-cf02-44e8-8ef1-c5577cdc3745,20db1037-3645-439c-9099-4213c3de68e1,Company,VAT Under-Reporting,High,29-Jan-2026
21a35094-6d5b-4bde-9481-e2d3294ab886,a26ce7d9-08be-4ae7-9e91-07e36f2377ce,Company,VAT Under-Reporting,High,29-Jan-2026
6ccbc937-745a-4e1e-89e7-d08ef9211444,ed051378-321f-4d82-b344-0890515336e8,Company,VAT Under-Reporting,High,29-Jan-2026
021951b3-750c-4b18-af5a-601302120612,9324bd93-fe4e-4f87-a525-746578de6271,Company,Payroll vs Turnover Mismatch,High,29-Jan-2026
c9cd02d0-ac01-4cf3-8671-3b8d220173cd,9324bd93-fe4e-4f87-a525-746578de6271,Company,VAT Under-Reporting,High,29-Jan-2026
2b854382-ca09-4daf-9d4b-ccd5660d2467,b1c219de-11dd-4e23-9faa-18b6afd81b1e,Company,VAT Under-Reporting,High,29-Jan-2026
2d8d0b91-3085-4afc-a044-5989b8aa29b7,86004fcc-e009-425d-9813-9a7880b76a8c,Company,VAT Under-Reporting,High,29-Jan-2026
41bc14c9-f280-46d2-b338-dc192efc5b8c,8ab13609-bcd5-4b7a-92d8-a3d25790b1e7,Company,VAT Under-Reporting,High,29-Jan-2026
ae8c550e-9f23-4d1f-a871-a29d9f1033af,423ec854-be0c-4e37-92c9-2e17ea087994,Company,Payroll vs Turnover Mismatch,High,29-Jan-2026
71b90249-539f-40da-a749-392844c1e28d,2e8eec8d-641b-48cc-8ce1-0e3ebb2f35d8,Company,Payroll vs Turnover Mismatch,High,29-Jan-2026
f1b05dfe-4a16-4070-81a0-260f8420273e,2e8eec8d-641b-48cc-8ce1-0e3ebb2f35d8,Company,VAT Under-Reporting,High,29-Jan-2026
8eef5823-79cd-4562-b006-6b0e60a67097,2e8eec8d-641b-48cc-8ce1-0e3ebb2f35d8,Company,Turnover per Employee Anomaly,High,29-Jan-2026
d914d49c-7984-44db-b131-f729f8868ff8,892fc36d-2c82-430f-be66-23ecb72e40a5,Company,VAT Under-Reporting,High,29-Jan-2026
bab8016a-c88a-45fc-9034-6437dd95cd7a,a8c0920b-4f63-45a6-af50-31fb780d1f4a,Company,Payroll vs Turnover Mismatch,High,29-Jan-2026
2339b492-2384-4732-9475-c766cd627108,a8c0920b-4f63-45a6-af50-31fb780d1f4a,Company,Turnover per Employee Anomaly,High,29-Jan-2026
65a131db-6fd0-47f4-8b1a-8157a2a62b3c,c9d154e2-e96a-4e34-9dcd-90db7d204e23,Company,Payroll vs Turnover Mismatch,High,29-Jan-2026
013ad947-0cb0-41e2-8d1c-de42f98902bb,f776670b-950b-45ef-8c2a-0571bb578ffc,Company,VAT Under-Reporting,High,29-Jan-2026
0e236586-4dc3-466a-b0f9-9eab9be25797,1719060f-ad53-4782-a5fe-b3b6a69bcbc3,Company,VAT Under-Reporting,High,29-Jan-2026
53450729-0f09-414b-87fe-a1fcaf92e3db,f3d6b1f7-d23d-479d-8758-2bf5a21ff746,Company,Payroll vs Turnover Mismatch,High,29-Jan-2026
0bf6c895-1acc-4274-a7ea-cfaa96655228,af44c62a-a4bf-4932-9c17-e7803aeaecd3,Company,Payroll vs Turnover Mismatch,High,29-Jan-2026
432a1b0b-0f78-4a00-92de-6dbe6c000230,af44c62a-a4bf-4932-9c17-e7803aeaecd3,Company,VAT Under-Reporting,High,29-Jan-2026
6655cd9b-3a67-4219-a096-8c55e764b26e,af44c62a-a4bf-4932-9c17-e7803aeaecd3,Company,Turnover per Employee Anomaly,High,29-Jan-2026
6269a496-0a33-4a11-8045-e4737445635d,7aac87e6-619a-443a-9be6-0ae0a8bc5a4c,Company,VAT Under-Reporting,High,29-Jan-2026
e127134c-5572-4529-a7e9-2eb3cbedd969,7f4a8d0f-ce91-4ced-8c85-c187f471efbe,Company,VAT Under-Reporting,High,29-Jan-2026
52b40ef4-2ad4-4416-a897-ea4f659b5794,43372fad-9de6-4d8b-8329-e0beaeba0f70,Company,VAT Under-Reporting,High,29-Jan-2026
0f029bae-f25a-467d-b25e-4be77fbe1385,4f90844d-de18-4254-b9f9-48fe4fe2634e,Company,Payroll vs Turnover Mismatch,High,29-Jan-2026
694ff6ed-97b9-4734-b66d-7938a5912ec3,4f90844d-de18-4254-b9f9-48fe4fe2634e,Company,Turnover per Employee Anomaly,High,29-Jan-2026
a4d8e5ec-517e-4512-bafa-62de3f5c05b4,c222ca02-6784-4f86-b565-8438a3b2653d,Company,Payroll vs Turnover Mismatch,High,29-Jan-2026
e2e2c41c-160c-46b1-83cd-a9ebe54165f3,c222ca02-6784-4f86-b565-8438a3b2653d,Company,VAT Under-Reporting,High,29-Jan-2026
acec376b-60c6-4a34-8819-8b9f0c91af26,459527c4-1985-4c04-ac18-3d90aaabf767,Company,VAT Under-Reporting,High,29-Jan-2026
249e1045-02ae-467b-b2f3-be2080213e6e,8b58647c-55e5-4f11-b486-b3a54ba6631b,Company,VAT Under-Reporting,High,29-Jan-2026
4b03da71-df68-4299-ab00-bc05e9b2716d,7c2d6084-846c-4cd4-8d43-6b53c77be939,Company,Payroll vs Turnover Mismatch,High,29-Jan-2026
ad46987a-e30d-4b34-8a26-3af1210abfb7,7c2d6084-846c-4cd4-8d43-6b53c77be939,Company,Turnover per Employee Anomaly,High,29-Jan-2026
d944f594-3165-40d1-9bd3-3cdf977f2144,8fd313fd-3ebb-416c-bdbd-ce52ce9dce9e,Company,Payroll vs Turnover Mismatch,High,29-Jan-2026
5be8702b-d8e2-4465-b87a-0f9053614872,8fd313fd-3ebb-416c-bdbd-ce52ce9dce9e,Company,Turnover per Employee Anomaly,High,29-Jan-2026
6ef86db7-c111-4844-b734-f030f6812aaf,8192f2c0-5467-4bee-b6aa-4c50d867c9d9,Company,Payroll vs Turnover Mismatch,High,29-Jan-2026
071c3930-d25e-4942-974f-46fcc77355a9,8192f2c0-5467-4bee-b6aa-4c50d867c9d9,Company,Turnover per Employee Anomaly,High,29-Jan-2026
e854cbf0-a2bf-47bb-837d-8d1d9f656d2a,b3c61691-7555-4747-abf8-dad2020dba8c,Company,Payroll vs Turnover Mismatch,High,29-Jan-2026
8995f491-c369-4d5c-bccd-09817b7ebe7b,37da29b8-97b6-4705-9d2b-1aea0719a425,Company,Payroll vs Turnover Mismatch,High,29-Jan-2026
e89db89c-ed66-40bb-a93f-d852b5a4e194,ef94dc4c-62d6-4b21-b7bb-07ee087f229c,Company,Payroll vs Turnover Mismatch,High,29-Jan-2026
f49ea22f-e712-4066-abf8-39e08a112d3a,ef94dc4c-62d6-4b21-b7bb-07ee087f229c,Company,VAT Under-Reporting,High,29-Jan-2026
c11d17bc-3c28-4361-b170-0fae7417a4a9,ef94dc4c-62d6-4b21-b7bb-07ee087f229c,Company,Turnover per Employee Anomaly,High,29-Jan-2026
f7c6438e-0f38-489c-9528-17ecf8edaff9,924ca83c-3032-4562-aed5-c9e9fb64ff1d,Company,Payroll vs Turnover Mismatch,High,29-Jan-2026
bbb113f5-f06b-45cc-aa1e-f8a723bcab74,765dfc75-ebe2-49f3-9710-5899b6cdf03a,Company,Payroll vs Turnover Mismatch,High,29-Jan-2026
0987e5be-5f26-4831-b2b5-965728b10d89,765dfc75-ebe2-49f3-9710-5899b6cdf03a,Company,VAT Under-Reporting,High,29-Jan-2026
fc9f92bf-0a89-45fc-8678-0033339db3db,7ebceaee-a9ab-440e-91c2-f999c798e01e,Company,Payroll vs Turnover Mismatch,High,29-Jan-2026
db4db955-4166-4d61-a5a8-7b66e6479183,3de225e1-8e76-4a6c-b428-9c47684a7fc2,Company,Payroll vs Turnover Mismatch,High,29-Jan-2026
64bf9278-9d19-4de2-8582-a52629a6b2a0,3de225e1-8e76-4a6c-b428-9c47684a7fc2,Company,VAT Under-Reporting,High,29-Jan-2026
28326b05-1770-4f1d-9e8e-25b7237bab31,3de225e1-8e76-4a6c-b428-9c47684a7fc2,Company,Turnover per Employee Anomaly,High,29-Jan-2026
3b97c3cd-ae50-45ba-9b43-ec1900cea5ae,abb39a64-ce4b-41a4-a66c-ced2d0958c6a,Company,VAT Under-Reporting,High,29-Jan-2026
5ddfbd1c-2d2d-44a9-8089-838595073684,2dac203a-3b55-4bf1-8b3f-93036f979702,Company,Payroll vs Turnover Mismatch,High,29-Jan-2026
8ecef039-462c-472e-b31c-e45620824888,2dac203a-3b55-4bf1-8b3f-93036f979702,Company,VAT Under-Reporting,High,29-Jan-2026
b86082a8-8bc9-4811-bc2f-9fd4449a5b75,2dac203a-3b55-4bf1-8b3f-93036f979702,Company,Turnover per Employee Anomaly,High,29-Jan-2026
dc5a1df1-e043-447a-af60-b3ce351afbfe,83f4ea9c-c7cf-46a1-8eeb-88d9a0db8c28,Company,VAT Under-Reporting,High,29-Jan-2026
94185b13-54fd-4b17-8510-d38705fb2030,e2afa7a4-08fe-4ab3-88b2-f5a479a64f1d,Company,Payroll vs Turnover Mismatch,High,29-Jan-2026
14b98b86-db23-47c1-bc56-0578a9d63e50,e2afa7a4-08fe-4ab3-88b2-f5a479a64f1d,Company,VAT Under-Reporting,High,29-Jan-2026
fb1295a1-9e13-425f-a832-44162e5722c3,e2afa7a4-08fe-4ab3-88b2-f5a479a64f1d,Company,Turnover per Employee Anomaly,High,29-Jan-2026
37075263-ee46-488a-87dc-e3d53c121b73,6f93529d-6ca3-40ac-9b8e-665a60a9207f,Company,VAT Under-Reporting,High,29-Jan-2026
9b68651d-5e43-4c1d-a024-6e73c4e93352,aea182cc-2bed-4e3a-afa2-4711061b551b,Company,VAT Under-Reporting,High,29-Jan-2026
a15663bf-98e4-4e9e-b8bf-9b952b652318,9c38f03b-639a-4f73-ad7f-6accda76ec41,Company,VAT Under-Reporting,High,29-Jan-2026
72979594-1029-465a-a141-a9543f309b17,48a863aa-fa43-476d-a34d-f576560497aa,Company,Payroll vs Turnover Mismatch,High,29-Jan-2026
1277cec3-122d-4613-bf55-38f7a04b0736,48a863aa-fa43-476d-a34d-f576560497aa,Company,VAT Under-Reporting,High,29-Jan-2026
b8ebf338-00e3-424f-9397-2804c8021acf,48a863aa-fa43-476d-a34d-f576560497aa,Company,Turnover per Employee Anomaly,High,29-Jan-2026
f45bd0ee-3a73-491c-aa67-46137e21552e,5559db1d-5d36-4c2e-ab62-51838ff3e013,Company,VAT Under-Reporting,High,29-Jan-2026
34c7308b-16b8-40b2-9c5c-854275016aef,319091c1-6b9a-41fa-9e8c-bbed831b1e9a,Company,VAT Under-Reporting,High,29-Jan-2026
85e4967a-f290-493f-89a1-7c75abfa3e76,7f397843-78be-4be9-af02-092acd4ebb48,Company,Payroll vs Turnover Mismatch,High,29-Jan-2026
4d2a0e58-9c19-4a94-8590-33f145a10822,7f397843-78be-4be9-af02-092acd4ebb48,Company,VAT Under-Reporting,High,29-Jan-2026
5d2911e6-f913-48de-8e32-946c660601ec,30706cda-123b-4894-acce-2de4da2e7445,Company,VAT Under-Reporting,High,29-Jan-2026
b34be9b8-2bf7-4639-aa49-3e306ad4d87e,6c25b546-4160-4dc0-b07b-e1e45590fa92,Company,VAT Under-Reporting,High,29-Jan-2026
157e6e12-fedb-4824-8150-411ca97931e0,7abbbf13-eeeb-45e3-ba5d-d6f50ecff367,Company,VAT Under-Reporting,High,29-Jan-2026
246a2a83-0fbd-4c56-83d8-4c6f685a852d,e1c68986-be9e-460d-b35c-e2e79f86063e,Company,Payroll vs Turnover Mismatch,High,29-Jan-2026
22983bd4-16f9-4c2a-80da-eaa892971f4b,e1c68986-be9e-460d-b35c-e2e79f86063e,Company,VAT Under-Reporting,High,29-Jan-2026
8b4f1f30-16ae-4be4-a65f-629d13e642c8,e1c68986-be9e-460d-b35c-e2e79f86063e,Company,Turnover per Employee Anomaly,High,29-Jan-2026
8860b6cc-3cee-4b88-90d0-6c9d48653d35,a5dc57d6-d027-4bd5-bf7d-b035e4dfbea6,Company,VAT Under-Reporting,High,29-Jan-2026
bcd2728b-28c0-4419-ae9c-7bf65b8270c0,000881c8-5992-44d9-ba8f-1f273dab929d,Company,Payroll vs Turnover Mismatch,High,29-Jan-2026
7bbcc467-0d2e-43d3-8793-403f02c3b3bf,000881c8-5992-44d9-ba8f-1f273dab929d,Company,Turnover per Employee Anomaly,High,29-Jan-2026
f03ed2e1-df97-4ec4-8646-83ef2ae7ae00,08b0bc83-28a7-45db-b860-16e702cafc3d,Company,VAT Under-Reporting,High,29-Jan-2026
a4ee8c6c-09fe-409a-ba1b-3d9c0f99f6af,cef6e734-df2e-4e7c-b415-c2e9627b197d,Company,Payroll vs Turnover Mismatch,High,29-Jan-2026
3f16d130-eae1-4d1e-bf50-96fde66932b2,48e7196b-50e6-4a43-9408-f674b61bd10c,Company,VAT Under-Reporting,High,29-Jan-2026
054c994a-7c0b-49ae-a876-a59aba1a2be1,989adf26-25c0-4151-ac0a-3555eb6162e3,Company,Payroll vs Turnover Mismatch,High,29-Jan-2026
7f41b997-f23c-47bf-a5e1-023f7e4b74d9,989adf26-25c0-4151-ac0a-3555eb6162e3,Company,VAT Under-Reporting,High,29-Jan-2026
1c69e8ed-0b12-4e24-b7b0-59caf45b23b2,989adf26-25c0-4151-ac0a-3555eb6162e3,Company,Turnover per Employee Anomaly,High,29-Jan-2026
58e36c64-ad7f-4fef-a8a6-b982999e6130,c0b98ba1-8f8b-4f81-994d-6d668660570b,Company,VAT Under-Reporting,High,29-Jan-2026
c5f36ed9-cc5c-4a29-8fec-881cbebf467c,784c49da-e50f-4332-841a-27ec4d5bff23,Company,Payroll vs Turnover Mismatch,High,29-Jan-2026
12721385-9fd2-40c3-979c-0939e931c65b,784c49da-e50f-4332-841a-27ec4d5bff23,Company,VAT Under-Reporting,High,29-Jan-2026
a6d4af80-04bc-45da-a580-ff7deea28f49,784c49da-e50f-4332-841a-27ec4d5bff23,Company,Turnover per Employee Anomaly,High,29-Jan-2026
db9c0cad-7337-4aad-9538-5957a93b6714,55ceeefe-c4df-4d0b-9a42-d43d1272d345,Company,Payroll vs Turnover Mismatch,High,29-Jan-2026
682a2213-9655-4866-ba51-009ccc2fc2f3,55ceeefe-c4df-4d0b-9a42-d43d1272d345,Company,VAT Under-Reporting,High,29-Jan-2026
00f2c176-aba5-434c-bb95-f165ac1647ba,55ceeefe-c4df-4d0b-9a42-d43d1272d345,Company,Turnover per Employee Anomaly,High,29-Jan-2026
aba1d8f7-ea0e-44ea-9b41-430c30e4f5e5,9f31c7f6-719e-4920-a927-405709a1afa3,Company,Payroll vs Turnover Mismatch,High,29-Jan-2026
e7e7160e-b606-4181-9690-9ac408eae6dc,9f31c7f6-719e-4920-a927-405709a1afa3,Company,VAT Under-Reporting,High,29-Jan-2026
3010cbf9-6625-4bbc-a8e0-168fae4f4538,9f31c7f6-719e-4920-a927-405709a1afa3,Company,Turnover per Employee Anomaly,High,29-Jan-2026
496cdcea-6f0d-46a9-b153-3f4799609807,9866b84b-3293-4b57-b195-fd642a603311,Company,VAT Under-Reporting,High,29-Jan-2026
395b7e66-789d-4742-9bbc-008329f49a85,6aa222d7-54d8-4a98-b162-f218ffe44916,Company,Payroll vs Turnover Mismatch,High,29-Jan-2026
9950fdc4-577d-4c04-9173-a3640d451b52,ea76e4ad-de23-46e4-a7a6-fa55bfb04216,Company,Payroll vs Turnover Mismatch,High,29-Jan-2026
34f20bac-2f24-4ba4-83b8-6c455b6d2d9a,ea76e4ad-de23-46e4-a7a6-fa55bfb04216,Company,Turnover per Employee Anomaly,High,29-Jan-2026
47bfb44f-1c91-4b5d-aee3-a14c95d15d50,c36865d1-d5ac-4abf-a35b-9c7edf3a6093,Company,Payroll vs Turnover Mismatch,High,29-Jan-2026
088f3522-fa13-4cbe-b01f-7e008084bd70,72e8d39c-3bfb-45a3-a488-5ef640276b2c,Company,Payroll vs Turnover Mismatch,High,29-Jan-2026
24e1f610-c9b9-4d56-bcca-46e3da96b20b,72e8d39c-3bfb-45a3-a488-5ef640276b2c,Company,VAT Under-Reporting,High,29-Jan-2026
9316a7aa-d176-483e-8bfe-2dc7296f9168,f75515bb-de87-4a06-ad2d-2078555fa08d,Company,VAT Under-Reporting,High,29-Jan-2026
a6577f75-a1d9-429b-b1fd-68bf75498bf7,df391866-1f05-4f13-bc25-f30f8420b188,Company,Payroll vs Turnover Mismatch,High,29-Jan-2026
057bdded-2861-4520-9492-7bbc0b329b12,df391866-1f05-4f13-bc25-f30f8420b188,Company,VAT Under-Reporting,High,29-Jan-2026
db8729e8-7b7d-4a06-88dd-3ba7964b4eb5,df391866-1f05-4f13-bc25-f30f8420b188,Company,Turnover per Employee Anomaly,High,29-Jan-2026
bb19cf81-2075-4b3b-91fe-61ba0e226e22,beb21aae-615c-4386-92a3-e7a4d5b875d3,Company,VAT Under-Reporting,High,29-Jan-2026
34144429-050b-43ab-be0d-4da447932888,664178ef-afa3-4e5f-a7fc-b1f3ccaa1831,Company,VAT Under-Reporting,High,29-Jan-2026
7c166c92-72b0-48ce-ac36-47f260c1d41b,c0f44d23-4fcb-44bc-a029-6906de8ce5d6,Company,Payroll vs Turnover Mismatch,High,29-Jan-2026
73d40913-af9d-4a70-a3ce-21a88c783991,c0f44d23-4fcb-44bc-a029-6906de8ce5d6,Company,VAT Under-Reporting,High,29-Jan-2026
5a66f206-f4ca-4e5e-8e6a-4d4435bd7264,fe93516c-06d7-4872-ac3b-956e8ab4aca1,Company,Payroll vs Turnover Mismatch,High,29-Jan-2026
d851817e-f792-4ab8-9762-ca2745e62dc9,fe93516c-06d7-4872-ac3b-956e8ab4aca1,Company,Turnover per Employee Anomaly,High,29-Jan-2026
070287ae-4fa9-4c8e-874b-a24fc1a9195b,cbe156bd-0f94-474a-8a3f-4f05e15a7105,Company,VAT Under-Reporting,High,29-Jan-2026
d58717ed-e724-42d8-a1be-603774414899,4d5c296d-6372-4a9e-8a4c-7d376dcce6f6,Company,Payroll vs Turnover Mismatch,High,29-Jan-2026
3752928d-7c71-45fd-9f4f-3ae44877b04f,9c3f6232-b9c1-43dc-a391-e701f99ce59d,Company,Payroll vs Turnover Mismatch,High,29-Jan-2026
4c39f6cb-b934-4080-8868-a9b8ce616290,7ef79bcf-25cb-4bdc-893e-58776f8559d7,Company,Payroll vs Turnover Mismatch,High,29-Jan-2026
fe82d431-b911-4781-964d-91698f10af24,7ef79bcf-25cb-4bdc-893e-58776f8559d7,Company,VAT Under-Reporting,High,29-Jan-2026
0d0a8a67-828c-4057-b8bf-2e6d8a411173,7ef79bcf-25cb-4bdc-893e-58776f8559d7,Company,Turnover per Employee Anomaly,High,29-Jan-2026
3617cd15-8d76-4789-9ba8-6c4dca38cac2,bbc1a00d-7de1-4b03-a6d4-bc0655ca4060,Company,VAT Under-Reporting,High,29-Jan-2026
caa45a57-da3b-4650-8b8b-a2f84f2f0076,9c84e627-2687-4b7d-ac42-97ffb86a37b8,Company,VAT Under-Reporting,High,29-Jan-2026
10323f26-a69c-4533-94e7-82526108d759,2ca5b88d-e598-49a6-9652-9d6cf41dd3f0,Company,Payroll vs Turnover Mismatch,High,29-Jan-2026
43a00a0c-c19d-4549-b528-1a89e2e88a1f,35ef763c-f0ed-4e6c-be08-17d02fc57034,Company,Payroll vs Turnover Mismatch,High,29-Jan-2026
da4c4c15-4411-4777-8674-7e4492e60214,35ef763c-f0ed-4e6c-be08-17d02fc57034,Company,VAT Under-Reporting,High,29-Jan-2026
0fbb4a81-fbef-4843-a278-0e8bc38f0cd1,35ef763c-f0ed-4e6c-be08-17d02fc57034,Company,Turnover per Employee Anomaly,High,29-Jan-2026
2f99c7cc-b49d-438d-84dc-d9a3b24843d2,38e8e7e0-30dc-4a98-8942-b2e11c93e4c5,Company,Payroll vs Turnover Mismatch,High,29-Jan-2026
75ccede1-23a9-4b3a-a5df-9a33ff23a65b,38e8e7e0-30dc-4a98-8942-b2e11c93e4c5,Company,VAT Under-Reporting,High,29-Jan-2026
b9efe6a3-a57b-4f75-b8f4-74416ddb0c92,38e8e7e0-30dc-4a98-8942-b2e11c93e4c5,Company,Turnover per Employee Anomaly,High,29-Jan-2026
d68f50a7-5206-4d3e-a492-ede12599cb36,3f8a12f1-f690-48bc-b855-a89442916a7c,Company,VAT Under-Reporting,High,29-Jan-2026
8e592188-39e5-47aa-ab1a-e4bf740baaeb,865bb2eb-349e-4cb9-8ccf-99e9bd9366a8,Company,Payroll vs Turnover Mismatch,High,29-Jan-2026
072491a8-e372-430a-9378-e16add12e505,865bb2eb-349e-4cb9-8ccf-99e9bd9366a8,Company,VAT Under-Reporting,High,29-Jan-2026
d6a1996b-4864-4641-bb86-6484af09e48b,a02dc7fb-8ff4-4946-ae3c-0ad7a55e48c1,Company,Payroll vs Turnover Mismatch,High,29-Jan-2026
f2877519-09a9-49c3-8859-4b7fffa19e73,a02dc7fb-8ff4-4946-ae3c-0ad7a55e48c1,Company,VAT Under-Reporting,High,29-Jan-2026
88214525-1772-4304-a345-be16dd271399,66e1a1dc-da2c-4766-bbe8-cb9ba5f15a18,Company,VAT Under-Reporting,High,29-Jan-2026
53142a51-7659-4668-8c31-070c7ab4ff1b,b3037cfe-ad3a-4a27-9715-73ccf43d83b5,Company,VAT Under-Reporting,High,29-Jan-2026
22e3733e-d7cc-4e37-8186-fa826d9c3947,74f7703c-fb39-4042-9e98-8a7f5f0e372c,Company,VAT Under-Reporting,High,29-Jan-2026
1ef0a94c-3729-4a90-ae64-3329da406bdb,370b4d1f-111f-4fe1-b423-8799b140bae9,Company,VAT Under-Reporting,High,29-Jan-2026
ef42af1b-2861-4aab-b738-8eb6b91b1603,676f6910-8a86-429f-be27-d1f49943643c,Company,Payroll vs Turnover Mismatch,High,29-Jan-2026
59552fe9-4560-4efe-a16e-0cfe035f2eb0,676f6910-8a86-429f-be27-d1f49943643c,Company,VAT Under-Reporting,High,29-Jan-2026
c77cbfec-7771-4892-9746-f3c4a885134f,676f6910-8a86-429f-be27-d1f49943643c,Company,Turnover per Employee Anomaly,High,29-Jan-2026
70cee916-0cbc-4962-8747-8b9903acfe3d,e4e290b8-8484-41c9-afc9-8eb18650741d,Company,Payroll vs Turnover Mismatch,High,29-Jan-2026
92a3df69-a530-4f6d-8e6d-cad27d238b03,e4e290b8-8484-41c9-afc9-8eb18650741d,Company,Turnover per Employee Anomaly,High,29-Jan-2026
cbb6974a-7add-4b2c-825f-80f3d9caba37,28697f96-d784-4cef-9490-fc27206356c9,Company,VAT Under-Reporting,High,29-Jan-2026
94db4012-820b-4963-a9ad-9741bdea5830,bdfa9dfc-4856-49b8-89c2-03f74e16c1f2,Company,VAT Under-Reporting,High,29-Jan-2026
f3db0b32-9feb-4ad6-a6ad-5088722c2c09,a5887601-a01d-47b2-b85c-be79e49aa52b,Company,Payroll vs Turnover Mismatch,High,29-Jan-2026
dda08af9-3b16-493e-b92b-fed1bde9bc5d,2c8e412d-44f7-4be9-bee7-c06f0382d097,Company,VAT Under-Reporting,High,29-Jan-2026
0968391e-7f10-492a-af8f-a20be8e2b06f,73ed9880-364a-4295-a8c8-b31d0ea3b18e,Company,VAT Under-Reporting,High,29-Jan-2026
dc2e17e3-8eb8-4644-b121-1a8bf5a0200c,9f53eec8-6a5e-42d4-9858-0c2b88075d71,Company,VAT Under-Reporting,High,29-Jan-2026
6bed9255-43f9-4285-bb5e-f4b13eb02b46,aa081d81-6a59-4b61-b24e-4dd57f96cbd0,Company,Payroll vs Turnover Mismatch,High,29-Jan-2026
82c948b6-c6c2-4152-a213-bb3bc7befd76,aa081d81-6a59-4b61-b24e-4dd57f96cbd0,Company,Turnover per Employee Anomaly,High,29-Jan-2026
f7b5482c-5091-4203-9db2-7b41431bf4f1,9e3fe8c1-3de4-4d74-b07f-1c5bf0fcd4b0,Company,VAT Under-Reporting,High,29-Jan-2026
ca80eedd-6acf-4b95-9525-e18ecbaae286,423cf788-cea7-4e32-b83e-561cb5d7ef08,Company,VAT Under-Reporting,High,29-Jan-2026
c7ae7f64-0e25-4c19-a824-f7cc5b0e43df,aa7a9fd6-42c4-405c-ac10-eabcf6dbf85a,Company,Payroll vs Turnover Mismatch,High,29-Jan-2026
a6997494-99d8-4506-9b91-0bed5d8b4b6c,aa7a9fd6-42c4-405c-ac10-eabcf6dbf85a,Company,VAT Under-Reporting,High,29-Jan-2026
85f50c40-91fc-4c43-8e51-6b52ad8efbd5,aa7a9fd6-42c4-405c-ac10-eabcf6dbf85a,Company,Turnover per Employee Anomaly,High,29-Jan-2026
2f2298ba-0757-4ce0-ae7b-b8005ded8b0e,c634f09f-098e-4469-9bc5-505aa5f29f2f,Company,Payroll vs Turnover Mismatch,High,29-Jan-2026
2f272a65-cb53-4660-9489-41313bf5c65c,207470de-0be5-4ed7-b639-6e61024190f7,Company,VAT Under-Reporting,High,29-Jan-2026
3cf5ca6f-5193-40d6-a3b0-6987e9baa7c2,17d1764a-21ca-4358-932b-a0c315e35a5a,Company,Payroll vs Turnover Mismatch,High,29-Jan-2026
18c0048e-d451-4b7f-961b-4db299abc618,17d1764a-21ca-4358-932b-a0c315e35a5a,Company,VAT Under-Reporting,High,29-Jan-2026
454782db-e778-48c8-9f2f-669161106f5c,6ec32b87-3e60-4b6e-b017-f45810b9cd0c,Company,Payroll vs Turnover Mismatch,High,29-Jan-2026
2779f311-4b50-4d86-8b4f-6d240f412a14,6ec32b87-3e60-4b6e-b017-f45810b9cd0c,Company,VAT Under-Reporting,High,29-Jan-2026
0536d9dc-bc29-4894-9ecc-251a31e1ef81,ade39bde-63d8-4e8c-bb2a-a4edecef704e,Company,VAT Under-Reporting,High,29-Jan-2026
7f28876f-73bf-481e-8563-a2ad3d237022,4afca2e4-dd74-44f9-beb5-b9e2fbd09ace,Company,Payroll vs Turnover Mismatch,High,29-Jan-2026
6921bb04-5019-4b9c-a100-a63d86c37482,4afca2e4-dd74-44f9-beb5-b9e2fbd09ace,Company,VAT Under-Reporting,High,29-Jan-2026
c6a6ef37-6e00-4f1f-8219-fc99bd470695,4afca2e4-dd74-44f9-beb5-b9e2fbd09ace,Company,Turnover per Employee Anomaly,High,29-Jan-2026
cd31b9e9-df94-42b8-9004-d83ea573f778,51b983dc-e215-42a8-a196-cd24bffe2669,Company,VAT Under-Reporting,High,29-Jan-2026
1e4219c6-8f3b-49e9-b8df-7c7ba23010bf,a825f871-e321-423f-ba12-5d1119315d26,Company,Payroll vs Turnover Mismatch,High,29-Jan-2026
c9f2aacb-b8ec-4547-b314-39a21e074b71,a825f871-e321-423f-ba12-5d1119315d26,Company,VAT Under-Reporting,High,29-Jan-2026
260c54e4-3884-49e1-9e2b-3104b9509c8a,8e19598d-4163-49c1-8cdb-bffa9db8eb24,Company,Payroll vs Turnover Mismatch,High,29-Jan-2026
c3f41757-a7de-484e-a65f-e4dc27b24aee,16d5b8b3-d27c-495d-b570-5d3a7aa32457,Company,VAT Under-Reporting,High,29-Jan-2026
49fd5e29-af29-4ca4-ad1f-2019dd557372,b098b5aa-5517-48cf-8284-de0967d5a0b7,Company,VAT Under-Reporting,High,29-Jan-2026
c4b89fd0-13c1-4af9-8f5b-d44699ebf12c,028ac10b-60d8-4850-9ff9-4829c2f374ed,Company,Payroll vs Turnover Mismatch,High,29-Jan-2026
79c497b6-1dcc-4d06-9be5-4dc5dcfc96fa,028ac10b-60d8-4850-9ff9-4829c2f374ed,Company,Turnover per Employee Anomaly,High,29-Jan-2026
99aa4aeb-e656-4ab2-9e1b-4a6d362692b6,2bb297eb-7551-441d-ba79-db7bce8bfb9b,Company,Payroll vs Turnover Mismatch,High,29-Jan-2026
6cbf6c46-d7ae-401d-ba3a-d92b7e134e83,2bb297eb-7551-441d-ba79-db7bce8bfb9b,Company,Turnover per Employee Anomaly,High,29-Jan-2026
de4d90ba-d82b-42ff-b676-13696bbe2725,a1ec6e75-d8dc-48e6-994c-33ce6b034bcd,Company,Payroll vs Turnover Mismatch,High,29-Jan-2026
e7176b0f-8628-4dde-aac0-b3cae50d6c26,facfb8ba-d160-43c8-b084-5b2582f5df4d,Company,Payroll vs Turnover Mismatch,High,29-Jan-2026
e226be4d-d064-4e60-b981-cdfa896db302,facfb8ba-d160-43c8-b084-5b2582f5df4d,Company,VAT Under-Reporting,High,29-Jan-2026
28719a68-97a4-4b3f-ae28-461aaee0f412,facfb8ba-d160-43c8-b084-5b2582f5df4d,Company,Turnover per Employee Anomaly,High,29-Jan-2026
397fbd23-09e9-45aa-a135-eb8932feb11d,a8ef2cf9-547c-4f05-853b-99c8876c9f4c,Company,VAT Under-Reporting,High,29-Jan-2026
90721035-3ae4-44d6-875d-1b82300eda57,0dad5f48-8bdd-410b-827f-71d367366d0a,Company,VAT Under-Reporting,High,29-Jan-2026
cf79f2b8-0077-47bc-90f1-718db79f45ca,2e8c06ce-c4fc-4313-9880-092b80e9d399,Company,Payroll vs Turnover Mismatch,High,29-Jan-2026
dc0cea90-828e-438f-91b4-5e807111eb28,2e8c06ce-c4fc-4313-9880-092b80e9d399,Company,VAT Under-Reporting,High,29-Jan-2026
10f08821-69cc-4e23-81bd-cec52f3b736e,2e8c06ce-c4fc-4313-9880-092b80e9d399,Company,Turnover per Employee Anomaly,High,29-Jan-2026
2d1b02ea-59a3-47dc-be5b-a62c9447bfd8,f66b04a2-e29e-43f6-be1f-a6e39fa19b96,Company,VAT Under-Reporting,High,29-Jan-2026
50a269d2-e37a-4d24-b1d1-907e2cbe551b,54807c51-3499-4e8a-b10b-ededb04145be,Company,VAT Under-Reporting,High,29-Jan-2026
a07912e7-9ba6-4a61-9bfa-878991c3bdd1,2e40fa01-aa4b-4fab-ad70-b066c6a17e83,Company,VAT Under-Reporting,High,29-Jan-2026
08db6bee-3399-4b23-af6c-79ebe197fbe1,7ab89c7e-dfb3-4e62-aeb7-5c6becf5b8c4,Company,Payroll vs Turnover Mismatch,High,29-Jan-2026
8e1481d6-44cc-4feb-a626-78c8a946c8b8,7ab89c7e-dfb3-4e62-aeb7-5c6becf5b8c4,Company,Turnover per Employee Anomaly,High,29-Jan-2026
2aeb6d90-3ef7-4c2d-ba6b-1d7182c42c1d,15058fa3-6b39-4eda-82c5-984e9f34241d,Company,Payroll vs Turnover Mismatch,High,29-Jan-2026
bbe78a8f-ce33-45d9-b70e-c13abfa16561,15058fa3-6b39-4eda-82c5-984e9f34241d,Company,VAT Under-Reporting,High,29-Jan-2026
8d9c07fd-c99c-41a2-b985-6ffe83b07ece,15058fa3-6b39-4eda-82c5-984e9f34241d,Company,Turnover per Employee Anomaly,High,29-Jan-2026
ef8c356c-ccb0-49ff-9107-a3be798411f7,5a224695-172f-4512-bd31-e75bdca35967,Company,VAT Under-Reporting,High,29-Jan-2026
3a5e654e-75d4-466e-9436-215a8dc06b5c,336ee28e-e53e-4ca7-aa1f-c9020d5be269,Company,Payroll vs Turnover Mismatch,High,29-Jan-2026
25d9181f-2c1d-4dad-859d-9dbac8f4e002,336ee28e-e53e-4ca7-aa1f-c9020d5be269,Company,VAT Under-Reporting,High,29-Jan-2026
8fb195f8-2721-4b30-9e75-c972a37cea8d,336ee28e-e53e-4ca7-aa1f-c9020d5be269,Company,Turnover per Employee Anomaly,High,29-Jan-2026
d0687375-6a02-4041-a2e1-4e5c7420034a,e95d8010-e7e1-4ff4-872d-c0c3b437bada,Company,VAT Under-Reporting,High,29-Jan-2026
c90ddf5a-4b62-4306-9fc3-3a7e523ccdef,bb5b436b-069f-4075-92a2-4b21da207535,Company,VAT Under-Reporting,High,29-Jan-2026
70983e14-23f3-400e-9148-8079f17742cd,7d1b38ef-e552-406f-aa1c-b7784e5d7ac8,Company,Payroll vs Turnover Mismatch,High,29-Jan-2026
089d9f32-adb4-4357-8613-942714f2b45f,7d1b38ef-e552-406f-aa1c-b7784e5d7ac8,Company,Turnover per Employee Anomaly,High,29-Jan-2026
75bc983b-31a1-4381-9440-d8a0fd832b0c,4e6b3d5a-eb45-4adc-a062-4a2acd5f8d07,Company,VAT Under-Reporting,High,29-Jan-2026
e8cf1175-2539-41b7-9b95-9d3c5a6922c0,28375c2c-2184-454e-95c5-98190b5c74dd,Company,Payroll vs Turnover Mismatch,High,29-Jan-2026
05789e04-1b13-4ce3-a95b-b1cd135101d5,28375c2c-2184-454e-95c5-98190b5c74dd,Company,Turnover per Employee Anomaly,High,29-Jan-2026
d7d9e200-78a6-4fa1-887d-60d3e538d1b6,d81a5436-ec7d-48e9-a998-dd594879dc61,Company,VAT Under-Reporting,High,29-Jan-2026
70ce7f0e-7a30-484b-9ab5-90bbb325cbf7,19872176-60ef-47c7-bf8f-1c0c07737aef,Company,VAT Under-Reporting,High,29-Jan-2026
ee73278c-6c3c-416d-bbe0-9aac2bdc4c4e,fd2beaed-e2b8-44e0-a030-439fef987e85,Company,VAT Under-Reporting,High,29-Jan-2026
7edd62ed-b7a3-46e6-8fc7-998f4bdeb14e,3e6ee7dd-4d39-43d9-862d-606b3188b51b,Company,Payroll vs Turnover Mismatch,High,29-Jan-2026
c541bc42-e915-4fef-8d06-713497920a6a,6d30c208-a907-4369-b4ac-80d0f4dcdeb6,Company,VAT Under-Reporting,High,29-Jan-2026
497b8585-9d8e-4e93-bc6d-1b1d71efc4b6,79879540-2a72-4b58-a071-68ad464a594c,Company,Payroll vs Turnover Mismatch,High,29-Jan-2026
68a19e84-9340-4182-9d7e-8e58f91f16a6,adcbd887-04ee-4f39-b306-a32aa1a740e8,Company,VAT Under-Reporting,High,29-Jan-2026
c0f03d97-e713-4c4a-af2c-17ca279cacfd,68184e89-e137-4043-9da2-4c65bf38a27f,Company,Payroll vs Turnover Mismatch,High,29-Jan-2026
a26ea507-b65a-49ee-b9db-d4586156c5d2,68184e89-e137-4043-9da2-4c65bf38a27f,Company,Turnover per Employee Anomaly,High,29-Jan-2026
92636e2c-4493-4d47-83d1-e070aea17599,2f3a7d8b-fd43-49fb-8e0c-300c00e192da,Company,Payroll vs Turnover Mismatch,High,29-Jan-2026
66199044-40e9-4d25-bb80-3ce1bc5e0a8f,2f3a7d8b-fd43-49fb-8e0c-300c00e192da,Company,Turnover per Employee Anomaly,High,29-Jan-2026
5cd9d416-29fe-4567-a8c7-b99727680110,5e7c96e0-8751-4e89-bf8b-c1a55e74d3a5,Company,Payroll vs Turnover Mismatch,High,29-Jan-2026
80fc960c-c68e-4c49-aecf-a055a13c8944,5e7c96e0-8751-4e89-bf8b-c1a55e74d3a5,Company,VAT Under-Reporting,High,29-Jan-2026
2502c236-9f75-48a5-8185-df5acd7facc1,97457881-894f-45db-9913-d9744018bc9b,Company,VAT Under-Reporting,High,29-Jan-2026
b40a8286-9c10-4a9a-8087-023e194edd7c,b7b4f51d-9fdc-4edc-a3ae-80386858f88a,Company,Payroll vs Turnover Mismatch,High,29-Jan-2026
c8bb89e4-cc64-4ee2-a39b-7bfef4822834,b7b4f51d-9fdc-4edc-a3ae-80386858f88a,Company,VAT Under-Reporting,High,29-Jan-2026
84172a9a-2ef6-4b24-bd86-7603df7fe73e,b7b4f51d-9fdc-4edc-a3ae-80386858f88a,Company,Turnover per Employee Anomaly,High,29-Jan-2026
54e1e26e-34dc-44a3-8c39-f9bc151ef7f1,fdd8f014-4f02-4fdb-9178-b98f321155fc,Company,Payroll vs Turnover Mismatch,High,29-Jan-2026
6b06140b-046a-4f2b-8dbd-d7f57c6ccd5c,fdd8f014-4f02-4fdb-9178-b98f321155fc,Company,VAT Under-Reporting,High,29-Jan-2026
9a439270-b4be-498b-8918-53e0dff288ba,fdd8f014-4f02-4fdb-9178-b98f321155fc,Company,Turnover per Employee Anomaly,High,29-Jan-2026
0df6bd9a-ec76-4afe-b2b2-f54b289123e4,d2cf4e8e-4ae4-4f5e-971c-6c1aca353193,Company,VAT Under-Reporting,High,29-Jan-2026
