company_id,registration_number,tin,name,industry_sector,entity_type,turnover,declared_turnover,estimated_profit,cit_due,development_levy_due,staff_strength,payroll_estimate,vat_paid,founded_date,founded_year,last_audit_date,state,lga,website,applicable_taxes
e14cb11e-6e82-46b3-bf69-7ccc03d2be8f,RC-117445,2222381176042,Union Bank Technologies NGO/Gte,Energy,NGO/Gte,3607828778.39607,3067317554.8282413,545751695.5329753,920195266.4484724,122692702.19312966,142,31713431.11984651,226190692.80300635,22-Apr-2024,2024,02-Feb-2024,Kano,Gwale,www.unionbanktechnologiesngo/gte.ng,"CIT,VAT,WHT,CGT"
c03fffc7-8e33-411a-9c3a-c5edd2b6a916,RC-697189,2880550351258,Pointek West Africa LLP,Retail,LLP,3229389783.4543166,3089698792.7009163,582184759.6821126,926909637.8102748,123587951.70803666,312,128803213.46911892,94949231.06069411,21-Oct-2024,2024,02-Jul-2024,Abuja (FCT),Gwagwalada,www.pointekwestafricallp.com.ng,"CIT,VAT,WHT,CGT"
8946879f-b29b-413a-ab8c-f4c4b52ac43a,RC-139897,7553338437215,Moniepoint Enterprises PLC,Manufacturing,PLC,349273730.8631288,181226737.032534,35423928.379797444,54368021.1097602,7249069.48130136,908,331827892.43746084,3860297.2845204305,16-Jan-2016,2016,04-Jul-2024,Delta,Ughelli North,www.moniepointenterprisesplc.ng,"CIT,VAT,WHT,CGT"
0a9f3cee-cb91-4d5c-b347-f087fd94b87b,RC-457920,7230500485443,Jumia Enterprises PLC,Fintech,PLC,4971934832.855141,4604795768.586641,462276556.61809504,1381438730.5759923,184191830.74346566,198,87371511.70044714,205850161.54392666,26-Sep-2020,2020,24-Dec-2025,Lagos,Mushin,www.jumiaenterprisesplc.com.ng,"CIT,VAT,WHT,CGT"
ae01bd54-7044-46c8-b908-130482ce4681,RC-679778,1832406431587,Dangote Industries PLC,Manufacturing,PLC,259809949.33685943,132966476.05079736,56812486.6634298,39889942.815239206,5318659.042031894,424,175662842.26649162,6603142.260681081,10-Aug-2017,2017,14-Oct-2024,Ogun,Sagamu,www.dangoteindustriesplc.com.ng,"CIT,VAT,WHT,CGT"
b047440f-48ed-4e3d-ba4a-de746b36de1d,RC-469122,7746002821863,Sterling West Africa PLC,Energy,PLC,1340776344.8478293,1087715173.7032802,196995681.508591,326314552.110984,43508606.94813121,440,23593344.223859187,13523032.40118535,24-Jul-2024,2024,29-Feb-2024,Kano,Gwale,www.sterlingwestafricaplc.ng,"CIT,VAT,WHT,CGT"
b62e09b8-fdb4-4e26-8f57-7db49ca9aab1,RC-651316,2474232278671,TotalEnergies Nigeria NGO/Gte,Manufacturing,NGO/Gte,2681701470.549146,2025898561.1610515,587950246.5807835,607769568.3483155,81035942.44644207,94,44787121.159963936,1836236.059595758,03-Jul-2024,2024,26-May-2024,Rivers,Port Harcourt,www.totalenergiesnigeriango/gte.ng,"CIT,VAT,WHT,CGT"
28de8743-92cc-47df-8c53-e497abcc27d0,RC-322051,8616026018487,Ibeto Group LLP,Fintech,LLP,12402272.093985528,10431607.05144889,1011150.1249296755,0.0,0.0,1064,230254336.22511718,463796.48593954736,07-Jan-2026,2026,26-Jun-2024,Plateau,Barkin Ladi,www.ibetogroupllp.com.ng,"CIT,VAT,WHT,CGT"
cd3a5ee7-7be1-4d35-8ad6-fb1382074ef0,RC-778960,0306812881051,Cadbury Industries NGO/Gte,Tech,NGO/Gte,129565052.3180106,99094123.08079942,22847226.327822994,29728236.924239825,0.0,356,106188845.35480167,3440083.5652543628,27-May-2024,2024,06-Mar-2025,Kaduna,Kafanchan,www.cadburyindustriesngo/gte.ng,"CIT,VAT,WHT,CGT"
9778181e-ca70-4c47-b6cf-f94126037421,RC-716641,1016166162330,Opay Enterprises NGO/Gte,Manufacturing,NGO/Gte,4146943038.7709813,3193183627.907753,614847260.3347839,957955088.3723259,127727345.11631012,78,30112690.53704504,3339967.2355468394,01-Nov-2019,2019,02-Jun-2025,Delta,Uyo,www.opayenterprisesngo/gte.ng,"CIT,VAT,WHT,CGT"
bbb08d2c-58c9-4596-a3ff-94708fb9ba3e,RC-477864,5772357241342,Shoprite Group NGO/Gte,Fintech,NGO/Gte,1826641102.2339625,1001024570.4832839,285790551.81069934,300307371.14498514,40040982.819331355,1118,315732957.4018258,20624550.495235514,02-Nov-2020,2020,11-Jan-2026,Abuja (FCT),Abuja Municipal,www.shopritegroupngo/gte.org.ng,"CIT,VAT,WHT,CGT"
e3a7fced-ea2f-4957-970c-cdbc632efad8,RC-416948,1558126467127,Decagon Industries PLC,Retail,PLC,429085367.55932385,218738363.5238328,49702710.367463715,65621509.057149835,8749534.540953312,749,72847994.76159094,9587331.039926961,13-Jan-2015,2015,29-Nov-2024,Kaduna,Zaria,www.decagonindustriesplc.com.ng,"CIT,VAT,WHT,CGT"
38f01129-51be-4bb9-b185-1d5e02b39e74,RC-939668,7220501152561,Ardova Ventures NGO/Gte,Energy,NGO/Gte,3216473945.7918506,2578411333.903488,476328902.32985556,773523400.1710464,103136453.35613953,785,196050951.28635594,9269578.238302562,28-Sep-2016,2016,01-Dec-2024,Abuja (FCT),Kwali,www.ardovaventuresngo/gte.ng,"CIT,VAT,WHT,CGT"
cd8553b1-e4ef-438a-a226-7118cf1c8df0,RC-624642,8400702227080,Elizade Holdings LLP,Energy,LLP,3611021674.9957733,3124119987.425008,397408337.38172376,937235996.2275023,124964799.49700032,1129,466100689.20759964,56176980.79972485,15-Oct-2011,2011,04-Jan-2026,Abuja (FCT),Kuje,www.elizadeholdingsllp.com.ng,"CIT,VAT,WHT,CGT"
90b1880c-db84-4cda-b4cd-f192783c5ed5,RC-643087,2347507881021,MTN Holdings Ltd,Retail,Ltd,4830503050.830742,4389251010.640539,851387769.1814669,1316775303.1921618,175570040.42562157,140,49556224.458068535,165956576.93483335,12-Nov-2024,2024,02-Jan-2026,Kaduna,Zaria,www.mtnholdingsltd.net.ng,"CIT,VAT,WHT,CGT"
c69d8e47-c108-4727-844e-880a2cb2d600,RC-242162,3405883088006,Honeywell West Africa NGO/Gte,Manufacturing,NGO/Gte,1822626289.637319,1185959958.1632912,415862802.33628905,355787987.44898736,47438398.32653165,778,364518729.124001,9318048.55307944,19-Apr-2017,2017,12-Nov-2024,Lagos,Alimosho,www.honeywellwestafricango/gte.org.ng,"CIT,VAT,WHT,CGT"
bae99b0b-f689-4948-bb4a-f719247b37c5,RC-590451,6467654545425,OPay Solutions Ltd,Tech,Ltd,828335083.4335572,567360946.7392447,92321465.53665088,170208284.0217734,22694437.86956979,796,147725416.11481726,39215064.49743999,04-May-2025,2025,21-Jul-2025,Kaduna,Zaria,www.opaysolutionsltd.com.ng,"CIT,VAT,WHT,CGT"
323b5f3e-5132-4b87-9f14-28b18b80acbe,RC-373753,2547722538568,Union Bank Ventures NGO/Gte,Retail,NGO/Gte,4549649793.599896,2373481833.889935,450968406.11716634,712044550.1669805,94939273.3555974,1077,527514000.4141478,12183615.790090172,31-Dec-2024,2024,08-Feb-2025,Kano,Kano Municipal,www.unionbankventuresngo/gte.org.ng,"CIT,VAT,WHT,CGT"
03e0e44c-9614-4924-b99b-9d56aa7f3b20,RC-860916,7357680330814,Stanbic Nigeria Ltd,Tech,Ltd,3064945549.64225,2213890381.98442,259938926.0891333,664167114.595326,88555615.27937679,488,35696095.32471011,37146069.77583423,19-May-2024,2024,10-Aug-2025,Akwa Ibom,Ikot Ekpene,www.stanbicnigerialtd.com.ng,"CIT,VAT,WHT,CGT"
968b3cf9-d91a-4cea-a1e8-dc81b4d7cd64,RC-962569,6254185477011,FBN Networks LLP,Tech,LLP,4320049063.878349,2773110196.376112,1015236600.3786913,831933058.9128336,110924407.85504448,448,20276169.381732866,58748759.89854129,25-Nov-2012,2012,13-Nov-2024,Rivers,Okrika,www.fbnnetworksllp.com.ng,"CIT,VAT,WHT,CGT"
852a7d66-d06f-4a7a-ba56-582e785e536f,RC-588683,2751565311888,AltSchool Enterprises LLP,Agro,LLP,2100435131.1154387,2054374448.8798122,246836866.935872,616312334.6639436,82174977.95519249,565,246429801.4413899,120588917.03791942,24-Mar-2022,2022,19-Aug-2025,Abuja (FCT),Kuje,www.altschoolenterprisesllp.com.ng,"CIT,VAT,WHT,CGT"
b59917f7-2992-4df4-bc57-3c798c54c92b,RC-578883,7123710524801,Shoprite Enterprises LLP,Retail,LLP,79654918.99343468,41097505.64732803,6837714.115327613,0.0,0.0,44,19114606.704866167,3020092.663831155,27-Sep-2019,2019,14-Jun-2024,Lagos,Oshodi-Isolo,www.shopriteenterprisesllp.com.ng,"CIT,VAT,WHT,CGT"
3a1688f6-975d-457e-9fcf-f02cd12b6228,RC-172670,8156423073431,Genesis Group Global LLP,Energy,LLP,1997242306.2915206,1820382820.130848,442383399.04105085,546114846.0392543,72815312.80523393,799,89678460.08648367,24960634.74711248,25-Aug-2011,2011,05-Oct-2025,Abuja (FCT),Abaji,www.genesisgroupgloballlp.com.ng,"CIT,VAT,WHT,CGT"
f8ba7dfc-f6d8-4cfc-b958-2803b02a1b40,RC-851033,0037811700844,Ardova West Africa Ltd,Fintech,Ltd,594354031.5433756,306742765.8404058,53909722.55915391,92022829.75212175,12269710.633616233,1137,61212565.35116811,21156120.927083913,07-Nov-2025,2025,07-Dec-2024,Kano,Gwale,www.ardovawestafricaltd.net.ng,"CIT,VAT,WHT,CGT"
85d499fd-6c93-4d19-a5bb-7fd21fef2120,RC-205954,5882181073710,Dangote Services LLP,Retail,LLP,3361515354.338912,3263848036.380189,343660601.91832095,979154410.9140567,130553921.45520756,1109,320778593.20778644,129553051.11418052,04-Mar-2017,2017,02-Jun-2025,Abuja (FCT),Kwali,www.dangoteservicesllp.com.ng,"CIT,VAT,WHT,CGT"
748aed13-1cef-44a0-9ffb-09803fdec0d3,RC-697699,4426342780341,Semicolon Enterprises LLP,Energy,LLP,1909258755.7294912,1306564855.987557,242106500.28090578,391969456.7962671,52262594.23950228,602,70644621.02438042,56108646.69149332,28-Aug-2019,2019,19-Jul-2024,Kano,Tarauni,www.semicolonenterprisesllp.com.ng,"CIT,VAT,WHT,CGT"
4874e762-f99c-457c-a0f3-7b5c3c49fb69,RC-950757,4386532377422,Flour Mills Ventures PLC,Manufacturing,PLC,727128032.7379198,428784678.3752385,74205849.22214551,128635403.51257154,17151387.13500954,727,243600164.38166705,31362164.851025004,30-Apr-2014,2014,22-Feb-2024,Rivers,Eleme,www.flourmillsventuresplc.com.ng,"CIT,VAT,WHT,CGT"
85c0d59d-add7-4e60-a8fb-84a17b97c470,RC-128475,3714056083100,Honeywell Ventures LLP,Manufacturing,LLP,3424906526.4434123,2374639776.6299715,697450619.2746283,712391932.9889914,94985591.06519887,149,44253337.49870521,14793620.314373842,13-Jan-2023,2023,25-Mar-2025,Delta,Warri South,www.honeywellventuresllp.com.ng,"CIT,VAT,WHT,CGT"
8bbf4967-a168-47ab-82bb-dace8637eb01,RC-556379,5370876235700,Moniepoint Systems NGO/Gte,Tech,NGO/Gte,1947111824.3700242,1451669703.5619383,282832989.7236108,435500911.06858146,58066788.142477535,930,348912533.25705224,99586124.96919143,09-Sep-2025,2025,02-Jun-2025,Abuja (FCT),Bwari,www.moniepointsystemsngo/gte.ng,"CIT,VAT,WHT,CGT"
7b9bb2da-8331-4b86-9f73-af753f30d428,RC-856363,3617218113780,UBA Industries Ltd,Energy,Ltd,1649116206.937345,1247938434.0650504,236352718.7860993,374381530.2195151,49917537.36260202,173,22845884.178704005,39645636.63713577,24-Nov-2020,2020,11-Jan-2026,Rivers,Okrika,www.ubaindustriesltd.net.ng,"CIT,VAT,WHT,CGT"
e9bbdd87-eabc-4026-bd96-1355bf546b13,RC-882649,1520300688580,Shoprite Nigeria PLC,Fintech,PLC,621116410.5772717,496008905.5036169,144462924.92597124,148802671.65108508,19840356.220144678,97,15801711.256122671,34107545.009084255,23-Jun-2014,2014,02-Apr-2025,Kwara,Offa,www.shopritenigeriaplc.com.ng,"CIT,VAT,WHT,CGT"
fc196195-8726-43a1-905a-0e54ffc32ab9,RC-221095,8765285471206,MTN Group NGO/Gte,Retail,NGO/Gte,917193026.9685715,547672117.4314429,209064615.17283785,164301635.22943285,21906884.697257716,1139,457898718.48927367,9820480.36890858,22-Jun-2018,2018,07-Oct-2025,Enugu,Enugu North,www.mtngroupngo/gte.org.ng,"CIT,VAT,WHT,CGT"
916a0aa1-efc8-43dd-a25d-471e9365b04f,RC-110500,3413523121888,Moniepoint Nigeria PLC,Energy,PLC,2364817609.7074614,1218448727.1217432,413682926.36549056,365534618.13652295,48737949.08486973,962,197139018.11871025,52766398.91990201,05-May-2015,2015,11-Jul-2024,Plateau,Jos North,www.moniepointnigeriaplc.ng,"CIT,VAT,WHT,CGT"
1d2e611b-2653-48bd-af2d-aa76c941c890,RC-457581,1274211554252,Mikano Global Ltd,Tech,Ltd,532325287.18961805,531174893.8537294,48117823.983961,159352468.1561188,21246995.754149176,116,30127356.591917746,3608418.862756037,17-Jul-2024,2024,27-Nov-2025,Rivers,Okrika,www.mikanogloballtd.com.ng,"CIT,VAT,WHT,CGT"
b50b4389-2478-4016-8354-4c25db348af8,RC-531280,0744414125211,Ibeto Holdings LLP,Energy,LLP,2425740757.9223657,1220496042.7302604,502501842.0893745,366148812.8190781,48819841.70921042,706,164331008.6953238,57645195.281801224,22-Jun-2012,2012,26-Sep-2025,Abuja (FCT),Kuje,www.ibetoholdingsllp.com.ng,"CIT,VAT,WHT,CGT"
ca703329-3b70-4d6b-a552-7558067ea49c,RC-443404,4011113232758,Kuda Global PLC,Tech,PLC,1585069195.8457687,823484119.5070614,184958399.4352511,247045235.8521184,32939364.780282456,919,64781007.96845752,59300334.60252465,03-May-2017,2017,30-Nov-2024,Edo,Ikpoba-Okha,www.kudaglobalplc.com.ng,"CIT,VAT,WHT,CGT"
40d2c077-d618-4ba6-8bc4-1c8cb0c126fd,RC-755878,7624543146316,Decagon West Africa Ltd,Agro,Ltd,2638041953.4341207,2247464381.354222,479896516.93224657,674239314.4062666,89898575.25416887,1187,304145055.8303612,111360360.26292531,27-Nov-2022,2022,20-Oct-2024,Plateau,Jos North,www.decagonwestafricaltd.com.ng,"CIT,VAT,WHT,CGT"
ddce4ecb-5da6-4685-b204-da85ebe28c87,RC-825993,4455783216471,Palmpay Global NGO/Gte,Retail,NGO/Gte,2329596294.819667,2302742817.9005976,496617014.7730012,690822845.3701793,92109712.7160239,499,237355128.23874646,47691214.792050205,21-Aug-2017,2017,27-Dec-2025,Abuja (FCT),Kwali,www.palmpayglobalngo/gte.org.ng,"CIT,VAT,WHT,CGT"
4661f9f4-8179-417e-a175-e647ce587a25,RC-897090,2444076503224,Slot Logistics NGO/Gte,Manufacturing,NGO/Gte,2657195268.8285184,1720122892.1412823,327468731.01525664,516036867.64238465,68804915.68565129,105,24696160.10278001,62927463.61087222,02-Mar-2020,2020,24-Jul-2024,Ogun,Abeokuta North,www.slotlogisticsngo/gte.ng,"CIT,VAT,WHT,CGT"
dd7c2437-32d9-4dda-a129-1cfbd5f98b54,RC-858047,6337833076334,Dangote Nigeria Ltd,Agro,Ltd,2156991262.386048,1419350219.0559068,201647800.12202916,425805065.716772,56774008.762236275,82,7518291.731156721,92167576.93585138,22-May-2015,2015,12-Mar-2025,Lagos,Lagos Island,www.dangotenigerialtd.net.ng,"CIT,VAT,WHT,CGT"
98e19908-9f39-4213-81ff-4a297f13912e,RC-755698,1530373144237,FBN Services Ltd,Retail,Ltd,1943183979.2642066,1174012745.013768,370086387.1337696,352203823.50413036,46960509.80055072,733,327081264.1726163,61214864.579826646,18-Dec-2013,2013,17-Jun-2025,Abuja (FCT),Kwali,www.fbnservicesltd.com.ng,"CIT,VAT,WHT,CGT"
49c8c8bd-42e0-4525-904c-f6f3a060b9bb,RC-925332,5165422426212,Genesis Group Industries LLP,Retail,LLP,1690867183.0349035,1335260720.2777221,224617161.04140908,400578216.0833166,53410428.81110889,507,25138871.72538052,73645345.81042439,23-Dec-2013,2013,29-Jun-2024,Kaduna,Kafanchan,www.genesisgroupindustriesllp.com.ng,"CIT,VAT,WHT,CGT"
a7050965-0c93-41c0-876e-87fa34cccb38,RC-113901,1823741320683,Filmhouse Systems NGO/Gte,Agro,NGO/Gte,581026058.4756806,419598081.44884944,70860385.745339,125879424.43465483,16783923.25795398,1155,510845700.5014414,7038969.056762424,15-Mar-2013,2013,16-Sep-2025,Enugu,Enugu North,www.filmhousesystemsngo/gte.org.ng,"CIT,VAT,WHT,CGT"
016493a8-40aa-4d94-92b2-4a0db81d2089,RC-898607,1588412063004,TotalEnergies Resources LLP,Manufacturing,LLP,2808824855.5375576,2784968240.665662,443980801.8359591,835490472.1996986,111398729.62662648,1061,62062721.57163972,108861951.05253576,14-May-2025,2025,01-Jun-2025,Delta,Ughelli North,www.totalenergiesresourcesllp.com.ng,"CIT,VAT,WHT,CGT"
33d84ae2-ebdf-4c27-8f02-41e0ab82bf6e,RC-922093,4032736462058,Stanbic Group Ltd,Energy,Ltd,2946670756.335854,1488504121.6632483,712894734.874161,446551236.4989745,59540164.866529934,1073,349953055.44538844,2931117.3964000307,13-Nov-2025,2025,30-Nov-2024,Rivers,Obio-Akpor,www.stanbicgroupltd.com.ng,"CIT,VAT,WHT,CGT"
53d84ab5-9149-47df-8456-3cb4a320a795,RC-517118,7260170765108,Stanbic Nigeria LLP,Fintech,LLP,3270875561.133212,2544024304.303659,429560310.46529067,763207291.2910976,101760972.17214637,913,46264427.09356079,32590366.09201911,19-Jul-2020,2020,10-Mar-2024,Kaduna,Kaduna South,www.stanbicnigeriallp.com.ng,"CIT,VAT,WHT,CGT"
ec55c991-3dae-4a3d-a6cf-16c853b2173d,RC-795617,6465273222277,Honeywell Systems LLP,Agro,LLP,2180901416.850902,2018344182.131322,483113951.36655533,605503254.6393965,80733767.28525288,37,18155885.49347703,139852983.46887916,10-Jun-2019,2019,27-Aug-2024,Ogun,Abeokuta North,www.honeywellsystemsllp.com.ng,"CIT,VAT,WHT,CGT"
ab85cb8c-618c-4895-a84d-07eecf555a99,RC-365036,7075833016884,Oando Industries LLP,Retail,LLP,3470696184.3761873,2794869303.2234025,532711682.29895425,838460790.9670208,111794772.1289361,1130,113759617.1333673,431197.6961543449,11-Jul-2017,2017,30-Dec-2025,Delta,Warri South,www.oandoindustriesllp.com.ng,"CIT,VAT,WHT,CGT"
f2318303-ea63-4fef-a900-8a7f4a81eaf6,RC-177820,1783126432132,Eroton Resources Ltd,Manufacturing,Ltd,2955138107.485895,2514679870.2032304,245037767.63984284,754403961.0609691,100587194.80812922,678,203873136.2022573,86414059.93679212,10-Sep-2013,2013,09-Aug-2024,Enugu,Enugu North,www.erotonresourcesltd.net.ng,"CIT,VAT,WHT,CGT"
65074b7c-15ed-43e7-be0b-7c835fd9187f,RC-833183,1350070404237,Moniepoint Networks PLC,Energy,PLC,132974290.11031792,96746400.75944252,19826869.10763549,29023920.227832757,0.0,278,53716123.26845835,513047.1542777407,19-Feb-2014,2014,23-Aug-2025,Anambra,Onitsha North,www.moniepointnetworksplc.com.ng,"CIT,VAT,WHT,CGT"
2c47b5a0-1665-442c-b02e-a4d0a4d13377,RC-240909,0586182875862,Sterling Networks LLP,Tech,LLP,3915856768.3915553,2148431807.687734,930135387.1608008,644529542.3063202,85937272.30750936,159,65266497.876293525,108599242.43367913,14-Apr-2015,2015,22-Mar-2024,Lagos,Mushin,www.sterlingnetworksllp.com.ng,"CIT,VAT,WHT,CGT"
de042abe-7739-4503-a53b-55fbb0efe41f,RC-584013,3354042716531,Dangote Ventures LLP,Fintech,LLP,2231145125.366252,1692712481.5946128,375123242.42092186,507813744.47838384,67708499.26378451,95,27960893.880351886,28611771.059463393,01-Sep-2018,2018,28-Apr-2025,Anambra,Idemili South,www.dangoteventuresllp.com.ng,"CIT,VAT,WHT,CGT"
ed2b2d2a-b6dc-4d4c-85ea-5184c91c7cab,RC-706041,4507827561733,FBN Logistics NGO/Gte,Manufacturing,NGO/Gte,1858853406.8180127,1326062539.6818953,331257557.88045186,397818761.90456855,53042501.58727581,1151,99113874.96690112,36402893.316409945,15-Jul-2011,2011,23-Feb-2025,Kaduna,Kaduna South,www.fbnlogisticsngo/gte.ng,"CIT,VAT,WHT,CGT"
8b738f47-2b28-42bf-b8bc-12970bb602db,RC-822204,3277758024001,Sterling Bank Networks Ltd,Fintech,Ltd,2818314071.936847,1567838005.2524648,356988710.914984,470351401.57573944,62713520.210098594,162,14897358.058734322,92110023.04235019,03-Oct-2012,2012,26-Feb-2024,Kaduna,Zaria,www.sterlingbanknetworksltd.net.ng,"CIT,VAT,WHT,CGT"
b043a0ce-42e4-434b-9d54-7c09060a2d17,RC-583031,1748236441156,ABC Transport Enterprises Ltd,Agro,Ltd,329614724.81361467,171254500.259156,65287994.16513561,51376350.07774679,6850180.01036624,301,89228158.01072852,10110390.103827203,11-Oct-2019,2019,14-Nov-2025,Anambra,Nnewi North,www.abctransportenterprisesltd.com.ng,"CIT,VAT,WHT,CGT"
45836d8d-3c2e-4597-b40d-4f60a764595c,RC-368144,2428180544755,NLNG Group LLP,Fintech,LLP,761648955.6858786,682311998.7918305,66654756.125408605,204693599.63754916,27292479.95167322,1132,389909243.27281535,6792614.850939088,26-Apr-2016,2016,05-Jun-2024,Plateau,Jos South,www.nlnggroupllp.com.ng,"CIT,VAT,WHT,CGT"
74162113-8f1a-454b-8899-0c944842256d,RC-679819,8368682677780,Mikano Resources LLP,Agro,LLP,4709113538.346249,4158890856.700837,579428965.3991116,1247667257.010251,166355634.26803347,883,71820228.30108677,94293028.56004292,26-May-2020,2020,20-May-2024,Edo,Ikpoba-Okha,www.mikanoresourcesllp.com.ng,"CIT,VAT,WHT,CGT"
d41e3494-8077-4bdd-8a64-e0142f77e507,RC-722560,1736188876223,PiggyVest Nigeria PLC,Tech,PLC,1377643545.3858888,877286216.2268275,220156165.15487203,263185864.86804825,35091448.6490731,79,21349985.135176893,4287433.396474235,01-Dec-2012,2012,23-Aug-2025,Lagos,Ikeja,www.piggyvestnigeriaplc.com.ng,"CIT,VAT,WHT,CGT"
553477fa-ebad-4587-a79e-c2fb37272eec,RC-805574,7280751143174,Moniepoint Group PLC,Tech,PLC,3058311060.7615128,2817850661.9478207,351360962.3460457,845355198.5843462,112714026.47791283,1191,125988259.14100724,43877136.01579222,18-Oct-2018,2018,10-Oct-2025,Kaduna,Kaduna North,www.moniepointgroupplc.ng,"CIT,VAT,WHT,CGT"
d0125b52-6cd9-48f2-bbfd-ae2fe9d43c4c,RC-997559,8731570114426,Genesis Group Logistics Ltd,Energy,Ltd,815969776.1497082,651110657.6918323,140849923.48192388,195333197.3075497,26044426.307673294,721,35321523.35608485,5439200.786869327,20-Jan-2023,2023,22-Sep-2025,Anambra,Idemili South,www.genesisgrouplogisticsltd.net.ng,"CIT,VAT,WHT,CGT"
d910f6f0-255e-4cd2-956d-eee99822b3c2,RC-453084,2803052131687,BUA Solutions NGO/Gte,Agro,NGO/Gte,2146634930.6564314,1372986477.6559873,372944768.543373,411895943.29679614,54919459.10623949,103,19449714.646930076,49761014.12211063,14-Mar-2015,2015,08-Oct-2025,Ogun,Abeokuta South,www.buasolutionsngo/gte.ng,"CIT,VAT,WHT,CGT"
3df30c12-4400-410d-94c8-bbace91c3896,RC-966394,5146044413681,Ardova Enterprises LLP,Retail,LLP,795016036.0150806,410673988.23864484,121298693.74654652,123202196.47159344,16426959.529545793,741,83306297.72157907,18751730.597728733,06-May-2023,2023,04-Aug-2025,Enugu,Enugu North,www.ardovaenterprisesllp.com.ng,"CIT,VAT,WHT,CGT"
a3bc019c-68c5-4746-87b9-70677fba94e0,RC-694753,7804114844221,NLNG Solutions PLC,Retail,PLC,548035194.6563971,364256372.4758064,75090227.13553648,109276911.74274193,14570254.899032257,1023,261357166.0019737,20765542.43481275,29-Mar-2015,2015,19-Jun-2025,Ogun,Sagamu,www.nlngsolutionsplc.com.ng,"CIT,VAT,WHT,CGT"
c58a409a-ce9c-4f0c-bf83-281122a3588d,RC-560641,4407548778488,Ibeto Systems LLP,Energy,LLP,3967362164.9476166,2777787572.678818,730833844.179861,833336271.8036455,111111502.90715273,104,40192646.37396045,205177954.0027966,18-Feb-2023,2023,07-Oct-2025,Delta,Sapele,www.ibetosystemsllp.com.ng,"CIT,VAT,WHT,CGT"
7fc06e39-8ed5-464f-98d7-3130d3cce9c5,RC-408383,4320055061482,Genesis Group Resources PLC,Retail,PLC,2536117955.9398313,1327502943.2181544,382646299.84533095,398250882.9654463,53100117.72872618,359,41994681.09393644,17713566.74625219,02-Jan-2015,2015,15-Aug-2024,Akwa Ibom,Uyo,www.genesisgroupresourcesplc.ng,"CIT,VAT,WHT,CGT"
eb682595-e8e2-49fe-bb2d-0f18f89fb5f4,RC-320084,8770828868133,Nestle Industries LLP,Energy,LLP,755993176.2123752,396658664.9949683,154165595.00307688,118997599.49849048,15866346.599798732,531,83452433.34432858,14725480.908179685,19-Nov-2014,2014,31-Jan-2024,Kaduna,Kafanchan,www.nestleindustriesllp.com.ng,"CIT,VAT,WHT,CGT"
7f0dec2e-d790-4bbe-a775-d86af0e1b52f,RC-717925,3164063846462,Shoprite Industries PLC,Energy,PLC,2934471381.926746,1871282152.6601849,475991355.7511008,561384645.7980554,74851286.10640739,272,132609149.25737461,13518136.69347959,03-Nov-2013,2013,19-Jun-2024,Rivers,Obio-Akpor,www.shopriteindustriesplc.ng,"CIT,VAT,WHT,CGT"
70ab265b-3f0e-436e-8a02-12d08323f9bb,RC-224249,3271460335587,Flour Mills Nigeria NGO/Gte,Manufacturing,NGO/Gte,3316807755.8483768,2513347159.9613957,323954668.06842685,754004147.9884187,100533886.39845583,1061,219766323.20014295,6590070.445955031,13-Aug-2017,2017,03-Apr-2025,Plateau,Jos South,www.flourmillsnigeriango/gte.org.ng,"CIT,VAT,WHT,CGT"
b8d29d8b-944c-4450-975a-4720d3792e8b,RC-562062,2458225366548,Chi Services PLC,Retail,PLC,4472867154.92894,3812538665.1181774,1053021829.7291298,1143761599.535453,152501546.6047271,6,955342.4851049205,243432410.25485703,01-Jun-2015,2015,08-Feb-2025,Kaduna,Kaduna North,www.chiservicesplc.com.ng,"CIT,VAT,WHT,CGT"
21112a40-1181-4571-9e91-80bb98d14d77,RC-465663,2373003551510,MTN Networks LLP,Fintech,LLP,1010494903.9036466,964266857.0419173,237482306.92284948,289280057.1125752,38570674.281676695,394,106271485.03058976,33037697.559264217,06-Oct-2017,2017,16-Aug-2025,Akwa Ibom,Ikot Ekpene,www.mtnnetworksllp.com.ng,"CIT,VAT,WHT,CGT"
e157fe59-c03c-4573-9e3f-ad4ea8f31978,RC-907294,1811348877235,Semicolon Logistics LLP,Fintech,LLP,1929457933.947835,1110044430.673222,454612831.4258841,333013329.2019666,44401777.22692888,605,87111099.70421448,46275915.953049675,16-Aug-2021,2021,10-Aug-2024,Lagos,Kosofe,www.semicolonlogisticsllp.com.ng,"CIT,VAT,WHT,CGT"
a60b16c0-800b-47da-9865-a05742a55b73,RC-987335,0227006434473,Pointek Logistics NGO/Gte,Agro,NGO/Gte,2692624953.9496417,2050852636.1162305,641609530.3549572,615255790.8348691,82034105.44464922,452,82862581.45923077,151889607.30517343,01-May-2021,2021,22-Apr-2024,Rivers,Obio-Akpor,www.pointeklogisticsngo/gte.ng,"CIT,VAT,WHT,CGT"
f06265c8-092d-4709-ba3a-7faca536c543,RC-114685,6574837801004,Globacom Networks LLP,Energy,LLP,3978255710.2224207,2129990420.1846251,405703602.6206162,638997126.0553875,85199616.80738501,392,149615651.37446845,75902892.1837738,01-Nov-2022,2022,26-Aug-2025,Kano,Kano Municipal,www.globacomnetworksllp.com.ng,"CIT,VAT,WHT,CGT"
46e63231-42d1-4254-b1b2-9fd2447caf0e,RC-472092,8125361084834,Palmpay Logistics NGO/Gte,Energy,NGO/Gte,1049754812.3541245,699352368.3913292,190951449.28491536,209805710.51739874,27974094.735653166,970,38050642.531898744,42000430.73841443,11-Apr-2014,2014,10-Mar-2024,Delta,Warri South,www.palmpaylogisticsngo/gte.org.ng,"CIT,VAT,WHT,CGT"
5836ed07-968d-4fce-97ca-002777e50fb8,RC-682107,6707252336051,Dangote Sugar Group Ltd,Fintech,Ltd,4475867983.556303,2454246650.694618,706187696.2244993,736273995.2083855,98169866.02778473,777,294108509.6183078,150729601.24763414,04-May-2014,2014,18-Sep-2024,Kwara,Ilorin West,www.dangotesugargroupltd.net.ng,"CIT,VAT,WHT,CGT"
03edaf99-f71e-4b48-9849-124a72958976,RC-624187,3865615737124,Spar Industries Ltd,Energy,Ltd,3492824572.3209457,3264696303.665732,583339525.5220301,979408891.0997195,130587852.14662927,493,228445011.48160672,168161581.8341366,05-Jan-2025,2025,03-Dec-2025,Akwa Ibom,Uyo,www.sparindustriesltd.net.ng,"CIT,VAT,WHT,CGT"
7c7e84e9-f11f-40f6-93a9-9450089298a6,RC-199564,5075705027762,Dangote Sugar West Africa NGO/Gte,Manufacturing,NGO/Gte,3304529391.7890687,1656933735.5190346,392869623.3953102,497080120.65571034,66277349.420761384,946,293907844.8443625,42036775.981453784,21-Apr-2019,2019,03-Nov-2024,Lagos,Kosofe,www.dangotesugarwestafricango/gte.org.ng,"CIT,VAT,WHT,CGT"
6c6445dc-c09b-47b9-a387-9ad3d546a979,RC-473447,3205673753338,GTCO Resources Ltd,Manufacturing,Ltd,2622881239.375794,2074913881.6250174,512074435.2748214,622474164.4875052,82996555.2650007,1131,558099523.0840402,119890191.2487546,15-Oct-2013,2013,14-May-2024,Oyo,Egbeda,www.gtcoresourcesltd.net.ng,"CIT,VAT,WHT,CGT"
7dad7e0e-487c-4785-8f61-ec47e7870409,RC-807918,1677435357047,Moniepoint Global Ltd,Agro,Ltd,4268306368.5264874,2313177713.0472317,954728132.0073526,693953313.9141694,92527108.52188927,705,92757032.17465657,165046138.8324278,18-Oct-2011,2011,17-Mar-2025,Lagos,Eti-Osa,www.moniepointgloballtd.net.ng,"CIT,VAT,WHT,CGT"
91a59354-1459-4eee-bac7-8d09853bf451,RC-990474,0654074361174,MTN West Africa PLC,Fintech,PLC,4994219776.0975275,4749456470.091786,420329332.33084804,1424836941.027536,189978258.80367145,212,98217956.22646491,85634661.06381197,11-Oct-2023,2023,20-May-2024,Anambra,Nnewi North,www.mtnwestafricaplc.com.ng,"CIT,VAT,WHT,CGT"
e3b87de0-027e-4d6c-b03d-8553f64c9eaa,RC-594695,1164278788710,GIG Logistics Technologies Ltd,Energy,Ltd,3026205304.325776,2406478895.3131313,568364109.2945642,721943668.5939394,96259155.81252526,907,276219743.39404184,141446314.488401,12-Oct-2012,2012,01-Feb-2025,Abuja (FCT),Kwali,www.giglogisticstechnologiesltd.com.ng,"CIT,VAT,WHT,CGT"
cb6d25c2-1f59-4f43-9542-76214cd86791,RC-578337,4046652807680,Glovo Resources NGO/Gte,Agro,NGO/Gte,2200448320.594555,1690437975.5323193,467700115.57840294,507131392.65969574,67617519.02129278,358,157128961.1518501,44357080.69822675,22-May-2018,2018,27-Oct-2025,Kaduna,Kaduna South,www.glovoresourcesngo/gte.ng,"CIT,VAT,WHT,CGT"
ecfe92e4-8c1b-4482-a17a-30b3ccc7eb82,RC-374853,2282777574777,Glovo Networks NGO/Gte,Energy,NGO/Gte,1479043576.6439338,980222512.8111391,131005621.7822885,294066753.8433417,39208900.51244556,330,104983924.48468235,43117770.31639081,02-Nov-2022,2022,11-Sep-2024,Lagos,Mushin,www.glovonetworksngo/gte.org.ng,"CIT,VAT,WHT,CGT"
68d5f051-cdff-4f27-af5a-bcdf1f5ff3d6,RC-229713,2538075372556,GIG Logistics Services Ltd,Manufacturing,Ltd,2923095628.0264926,2385861420.0918326,723269512.3371302,715758426.0275497,95434456.80367331,651,19743363.42313299,151866814.16421175,10-May-2011,2011,22-May-2024,Akwa Ibom,Eket,www.giglogisticsservicesltd.com.ng,"CIT,VAT,WHT,CGT"
29b29cb9-39f6-4970-bb1f-bcc152a9a0e7,RC-389640,4501775051087,Elizade Ventures PLC,Agro,PLC,4969870685.514432,2671693797.0322266,980625937.489847,801508139.1096679,106867751.88128906,103,31175701.150570974,114162684.05069698,07-Jul-2017,2017,22-Jul-2025,Abuja (FCT),Gwagwalada,www.elizadeventuresplc.ng,"CIT,VAT,WHT,CGT"
33fcec84-9e57-4eb2-9a9a-1cc9495525f6,RC-737945,2700883017702,BUA Global Ltd,Agro,Ltd,4011780099.61004,2439886321.858166,377476994.85358465,731965896.5574498,97595452.87432665,472,218595739.00228685,43782771.60707123,04-Oct-2011,2011,02-Jan-2025,Abuja (FCT),Abaji,www.buagloballtd.net.ng,"CIT,VAT,WHT,CGT"
17deed3c-a9c5-4514-a1f5-e313b14cc8ef,RC-692418,3052702564764,Access Systems Ltd,Fintech,Ltd,4991859150.945044,3980441819.2829623,753216503.550418,1194132545.7848887,159217672.7713185,354,99840614.61842075,297042838.02358305,30-Nov-2022,2022,25-Oct-2024,Akwa Ibom,Ikot Ekpene,www.accesssystemsltd.net.ng,"CIT,VAT,WHT,CGT"
5e747838-d708-4da3-bb0c-342851bc009e,RC-118879,4178232101243,Dangote Industries Ltd,Tech,Ltd,1955814150.5108426,1700448381.025397,402094165.2880143,510134514.3076191,68017935.24101588,398,160485675.38137794,25982742.577989887,07-Dec-2018,2018,15-Oct-2025,Lagos,Surulere,www.dangoteindustriesltd.com.ng,"CIT,VAT,WHT,CGT"
32d45fa6-ae81-4b73-9611-f5cf0e718a91,RC-249152,6474678832464,BUA Global PLC,Energy,PLC,3310698910.0935845,3060502120.738265,817851936.6404759,918150636.2214795,122420084.8295306,835,314440995.12838006,91141259.3927537,28-Jun-2011,2011,06-May-2024,Kaduna,Kaduna South,www.buaglobalplc.com.ng,"CIT,VAT,WHT,CGT"
785bf70f-4b08-41e5-a260-fd2bdf95209c,RC-284558,7220816416852,Nigerian Breweries Solutions LLP,Retail,LLP,3146526791.5992618,2327138564.8593435,518041584.9134298,698141569.457803,93085542.59437375,298,72065254.22690558,164210297.30080843,20-Aug-2023,2023,16-May-2024,Anambra,Nnewi North,www.nigerianbreweriessolutionsllp.com.ng,"CIT,VAT,WHT,CGT"
1f1148bc-fc98-437d-9d26-5a0f583b7e76,RC-883343,7414078372807,Pointek Logistics PLC,Energy,PLC,583563279.9831352,320966787.2707912,47692970.99916846,96290036.18123735,12838671.490831647,945,156973108.26476896,22888528.92777228,09-Jan-2016,2016,11-Apr-2024,Akwa Ibom,Ikot Ekpene,www.pointeklogisticsplc.com.ng,"CIT,VAT,WHT,CGT"
50d678b5-6f96-4ef6-ab21-c00b5e426b93,RC-186466,3002254631377,Stanbic Holdings PLC,Tech,PLC,186658650.32036474,115743649.47600122,43580226.028620586,34723094.842800364,4629745.979040049,255,19438932.157870803,7088402.5057146335,11-Jan-2015,2015,01-May-2024,Anambra,Onitsha North,www.stanbicholdingsplc.ng,"CIT,VAT,WHT,CGT"
8af75279-3aa5-46d3-ad9e-717a7ec12aba,RC-115746,7477727747272,UBA Technologies LLP,Manufacturing,LLP,132678788.9792089,108007563.70213775,12293823.320331553,32402269.110641323,4320302.54808551,1011,247557946.81835192,3722158.349298614,19-Dec-2015,2015,10-Feb-2025,Enugu,Udi,www.ubatechnologiesllp.com.ng,"CIT,VAT,WHT,CGT"
a8e9e51b-53db-4e60-a2c8-be7701514ea7,RC-553703,4878014283504,Chi Global LLP,Tech,LLP,3397972212.714086,1855214671.0919898,821266587.3453689,556564401.3275969,74208586.84367959,847,137251721.00088036,137250004.39976227,02-Mar-2023,2023,04-Oct-2024,Anambra,Onitsha North,www.chigloballlp.com.ng,"CIT,VAT,WHT,CGT"
41a0a46c-c739-4077-bfbb-d9a88826cb6a,RC-247317,6058554735227,Flour Mills Systems LLP,Fintech,LLP,2017772001.7673342,1933079622.6645834,420408542.8127936,579923886.799375,77323184.90658334,1067,486272725.97181547,123224052.83547243,01-Sep-2011,2011,17-Nov-2024,Kwara,Offa,www.flourmillssystemsllp.com.ng,"CIT,VAT,WHT,CGT"
7b8a950b-6bfa-4991-8951-33a769d91a77,RC-707138,6281515371547,Opay Group PLC,Fintech,PLC,3143218930.4333196,2284115423.4691367,494260342.18364775,685234627.040741,91364616.93876547,647,289475151.79449,160070244.07967237,29-Jun-2022,2022,27-May-2024,Anambra,Idemili South,www.opaygroupplc.ng,"CIT,VAT,WHT,CGT"
43d04609-c372-4c79-b3ad-ddd0e0ff9346,RC-953076,8028405348361,Spar Solutions PLC,Agro,PLC,1695323825.5962846,912192971.9537946,394030985.8518541,273657891.58613837,36487718.87815178,389,95683302.4766771,61580466.64023753,22-Jan-2018,2018,08-Jul-2024,Plateau,Barkin Ladi,www.sparsolutionsplc.com.ng,"CIT,VAT,WHT,CGT"
199ee9a0-fa06-4e5e-861b-03666fec6f7c,RC-913634,5257011821516,MainOne West Africa PLC,Agro,PLC,2392473065.300653,1268052136.969355,225577869.43866092,380415641.09080654,50722085.478774205,566,63487398.398388684,72180132.13184825,07-Jun-2018,2018,15-Jul-2025,Oyo,Ibadan North,www.mainonewestafricaplc.com.ng,"CIT,VAT,WHT,CGT"
7b5badef-d36f-4028-bc33-1343c7f3bb10,RC-770674,7200177440812,BUA Global NGO/Gte,Retail,NGO/Gte,1451886422.220411,1420466646.8812926,133742705.84135017,426139994.06438774,56818665.8752517,815,231827230.79734117,4911915.8200483285,05-Oct-2020,2020,01-Aug-2024,Abuja (FCT),Bwari,www.buaglobalngo/gte.org.ng,"CIT,VAT,WHT,CGT"
ac1b83b7-b5c0-475c-a827-1f7054248fb5,RC-228727,8741333083731,Elizade Solutions NGO/Gte,Fintech,NGO/Gte,4125286427.5988092,2117744695.9144828,554925736.3946493,635323408.7743448,84709787.83657931,485,179702401.0466089,96263480.08116241,17-Dec-2020,2020,05-Sep-2025,Lagos,Ifako-Ijaiye,www.elizadesolutionsngo/gte.ng,"CIT,VAT,WHT,CGT"
af4480b8-d74d-447a-b1b7-741e4536574b,RC-893910,4732362878112,Rack Centre Ventures Ltd,Retail,Ltd,925981717.2786112,892016190.9625459,94777969.2535318,267604857.28876376,35680647.63850184,1016,284282007.15009874,61228555.47054234,17-Aug-2021,2021,13-Dec-2025,Lagos,Alimosho,www.rackcentreventuresltd.com.ng,"CIT,VAT,WHT,CGT"
28ffcbf9-85e2-4ed5-9210-29f285ff9769,RC-938494,8116512788251,Palmpay Group NGO/Gte,Retail,NGO/Gte,2370819753.13908,1671121309.3252723,220894616.19876394,501336392.7975817,66844852.373010896,121,34519307.16507349,80709993.44808485,03-May-2024,2024,25-Jul-2024,Edo,Oredo,www.palmpaygroupngo/gte.org.ng,"CIT,VAT,WHT,CGT"
2c028cb2-6107-468a-acd6-f8692033f4ab,RC-903764,6380540587816,First Bank Technologies PLC,Fintech,PLC,335501918.00686324,286847509.5751165,78259182.03310452,86054252.87253495,11473900.383004662,754,77176300.46771413,12035925.55809901,07-Jul-2012,2012,21-Feb-2025,Lagos,Ikeja,www.firstbanktechnologiesplc.com.ng,"CIT,VAT,WHT,CGT"
bfac96e3-23a5-4b14-a3e1-940efc5d483b,RC-153457,7807063182484,Nestle Resources Ltd,Energy,Ltd,1328591051.17907,1182349547.179175,231673619.17801657,354704864.15375245,47293981.887167,365,101939998.95189372,69057392.92978902,30-Oct-2011,2011,05-Apr-2024,Anambra,Awka South,www.nestleresourcesltd.net.ng,"CIT,VAT,WHT,CGT"
37386a86-908d-4380-81d7-a78009499359,RC-748903,8874210285053,Flutterwave Resources PLC,Fintech,PLC,3333816517.247995,2852339121.2784514,507267049.80604124,855701736.3835354,114093564.85113806,1113,372640921.9850097,18087900.59461941,02-Aug-2015,2015,20-Mar-2025,Plateau,Barkin Ladi,www.flutterwaveresourcesplc.com.ng,"CIT,VAT,WHT,CGT"
2b2fd9ea-f636-4072-8110-00e824a54d6b,RC-100117,1671856143550,Spar Ventures PLC,Agro,PLC,4879445496.94876,2879403689.1411552,596061030.1750121,863821106.7423465,115176147.56564622,193,33632128.42400667,202545439.02175066,07-May-2018,2018,18-Dec-2025,Edo,Egor,www.sparventuresplc.com.ng,"CIT,VAT,WHT,CGT"
a6565057-cf8e-4c49-abec-9d1150acc606,RC-999957,7633151703540,Pointek Resources NGO/Gte,Tech,NGO/Gte,1378707546.0709662,886782088.1287299,274775448.1733695,266034626.43861896,35471283.5251492,49,3953593.5609556376,29103292.11557839,16-Jul-2021,2021,09-Mar-2025,Kwara,Ilorin East,www.pointekresourcesngo/gte.org.ng,"CIT,VAT,WHT,CGT"
dc8142fb-bb2a-4434-8fd3-9ed612605608,RC-557211,5870172310883,Union Bank Resources PLC,Manufacturing,PLC,1004551015.9644023,878318969.4555109,199163139.19403514,263495690.83665323,35132758.77822044,292,59006689.86626541,8358593.47171154,27-Nov-2022,2022,05-Jul-2025,Enugu,Udi,www.unionbankresourcesplc.com.ng,"CIT,VAT,WHT,CGT"
40ba2b68-d976-4f8e-9fe9-bf9eb9ef4413,RC-628390,8658083887610,UBA Holdings PLC,Manufacturing,PLC,3871827014.247307,3766508155.1856055,747990872.1713924,1129952446.5556817,150660326.20742422,556,64558455.5662277,74090923.60423344,05-Jan-2021,2021,05-Jun-2024,Lagos,Oshodi-Isolo,www.ubaholdingsplc.ng,"CIT,VAT,WHT,CGT"
2e446ea9-d656-4294-a1c0-3b79ba97c1c5,RC-849940,6832888254181,Mikano Systems LLP,Agro,LLP,3114310262.5913663,2922509156.1066327,325828106.49277437,876752746.8319898,116900366.24426532,140,33841666.501316555,98167639.13499999,30-Nov-2019,2019,22-Apr-2025,Ogun,Ijebu Ode,www.mikanosystemsllp.com.ng,"CIT,VAT,WHT,CGT"
f6f9c156-7399-43fd-9bb5-331457768dd2,RC-645433,3783668484152,Shoprite Networks PLC,Retail,PLC,2130089324.6511698,2048951110.0633,349980739.17185533,614685333.0189899,81958044.402532,734,330765308.8532271,86519764.63502547,23-Jul-2014,2014,22-Mar-2025,Lagos,Ifako-Ijaiye,www.shopritenetworksplc.ng,"CIT,VAT,WHT,CGT"
fa4080b7-fa36-407c-ae5a-dad6ad14c6e2,RC-475279,5560342776173,Cadbury Services NGO/Gte,Energy,NGO/Gte,3965326539.24814,2378424817.601835,400802001.6934487,713527445.2805504,95136992.7040734,448,98219453.2358497,77923043.35918592,15-Nov-2021,2021,25-Jun-2025,Delta,Sapele,www.cadburyservicesngo/gte.ng,"CIT,VAT,WHT,CGT"
b532a8f4-8e8f-4e81-99fc-0458d5c3dd75,RC-237985,0255582175430,Stanbic West Africa Ltd,Energy,Ltd,4126848948.0572762,2603763159.629627,895021957.7413789,781128947.8888881,104150526.3851851,696,32526677.029352374,64765142.100098975,08-Sep-2025,2025,05-Feb-2024,Lagos,Eti-Osa,www.stanbicwestafricaltd.com.ng,"CIT,VAT,WHT,CGT"
462f1992-07fa-40b8-90c7-baf98edba1b1,RC-501559,3535385744873,Glovo Group Ltd,Manufacturing,Ltd,957963933.6707617,621443927.0657783,92345799.83626837,186433178.11973348,24857757.08263113,424,115180246.81142733,7524558.481568264,25-Aug-2019,2019,05-Jan-2025,Abuja (FCT),Abaji,www.glovogroupltd.net.ng,"CIT,VAT,WHT,CGT"
1a336e6a-f769-4bc2-969a-f19897c5d367,RC-513795,0132206715315,Honeywell Group Ltd,Fintech,Ltd,240482797.65765905,227449094.89165327,22043834.387660667,68234728.46749598,9097963.79566613,156,63685066.57560757,11681418.977930874,11-Dec-2025,2025,12-May-2024,Kano,Gwale,www.honeywellgroupltd.net.ng,"CIT,VAT,WHT,CGT"
4744d15b-b098-4a82-a2eb-7a1e644c04f1,RC-666330,3742030157261,Spar Enterprises Ltd,Manufacturing,Ltd,1724397616.8038814,1022090944.4586241,309131605.694927,306627283.33758724,40883637.77834497,1084,529237058.92990416,48825405.31394001,01-Dec-2022,2022,14-Oct-2025,Kano,Kano Municipal,www.sparenterprisesltd.net.ng,"CIT,VAT,WHT,CGT"
e43277d7-0b1a-472d-8b2f-65303d6ac1e1,RC-300351,4042544866613,Kuda Solutions PLC,Agro,PLC,1896519574.8582788,950365062.7423973,368520324.17096674,285109518.82271916,38014602.509695895,371,64352198.51661464,44900868.9838266,01-Sep-2013,2013,22-Feb-2025,Kaduna,Kafanchan,www.kudasolutionsplc.com.ng,"CIT,VAT,WHT,CGT"
01434b1b-e0ba-4e07-8eb7-3e5846b25776,RC-402876,5472166403525,Shoprite West Africa LLP,Energy,LLP,2594451121.8427873,1886054412.108144,289182611.83621806,565816323.6324432,75442176.48432577,834,188144180.48777568,36623894.66508763,03-Jul-2022,2022,31-Dec-2024,Kano,Nasarawa,www.shopritewestafricallp.com.ng,"CIT,VAT,WHT,CGT"
1b315698-eb2c-4af7-aed2-861b443c283d,RC-233700,6317606227138,Elizade Holdings PLC,Energy,PLC,2583931856.95611,2555600506.9299474,550574938.0173808,766680152.0789841,102224020.2771979,1127,237113016.605417,8242649.955174263,10-Nov-2018,2018,04-Jan-2025,Anambra,Nnewi North,www.elizadeholdingsplc.ng,"CIT,VAT,WHT,CGT"
4c709e69-e69c-48e9-b1b6-da5166e6b670,RC-281219,7844171815400,Genesis Group Group NGO/Gte,Manufacturing,NGO/Gte,2720177921.2552066,2168499662.7237687,365582805.466131,650549898.8171306,86739986.50895076,311,133527886.32745013,104815086.49709432,28-Dec-2025,2025,12-Apr-2025,Ogun,Ijebu Ode,www.genesisgroupgroupngo/gte.ng,"CIT,VAT,WHT,CGT"
1131d89b-a0d5-487b-a31a-9a21daa93dae,RC-196634,2604460425130,Paystack Group LLP,Fintech,LLP,1082663098.543063,598721411.6966268,237236640.6199247,179616423.50898802,23948856.467865072,383,45287263.79720609,1178920.7284804943,16-May-2012,2012,16-Dec-2024,Rivers,Obio-Akpor,www.paystackgroupllp.com.ng,"CIT,VAT,WHT,CGT"
711bd467-cb5b-4189-88fd-439371d39fdf,RC-596325,1143275401420,Paystack Systems NGO/Gte,Fintech,NGO/Gte,1527385898.3823884,813720202.3190111,303061659.4585845,244116060.69570333,32548808.092760444,828,121658016.27889077,49498887.09403769,24-Jun-2016,2016,30-Mar-2025,Abuja (FCT),Abuja Municipal,www.paystacksystemsngo/gte.ng,"CIT,VAT,WHT,CGT"
71ab8f3b-7350-4e09-b240-3717f43e3ed2,RC-637339,0301875381682,Zenith Solutions PLC,Manufacturing,PLC,1102986778.6610906,579317958.5311092,231209041.95300213,173795387.55933276,23172718.34124437,1196,155169030.36764735,37133075.7631645,15-Aug-2015,2015,21-Jan-2025,Plateau,Barkin Ladi,www.zenithsolutionsplc.ng,"CIT,VAT,WHT,CGT"
a42bb0f0-9ee3-4272-87c9-7864890a60e5,RC-860089,4420068732443,UBA Nigeria NGO/Gte,Fintech,NGO/Gte,288090644.45862174,275854166.3829599,46496746.86239392,82756249.91488796,11034166.655318396,253,72368023.61386006,16378135.752290012,14-Mar-2024,2024,13-Jul-2025,Ogun,Sagamu,www.ubanigeriango/gte.ng,"CIT,VAT,WHT,CGT"
5f20cac1-74f8-4cf2-8813-8bf8cbe2dcd8,RC-543113,2457576874803,Flour Mills Services PLC,Energy,PLC,1788141203.2115245,1706926956.1116486,425365839.8918776,512078086.83349454,68277078.24446595,128,62559103.808284655,67982767.71142727,01-Jan-2020,2020,26-Jan-2025,Edo,Oredo,www.flourmillsservicesplc.ng,"CIT,VAT,WHT,CGT"
d46c66ec-c341-4765-ae84-2f9adec59254,RC-346404,5681635347833,Coscharis Services PLC,Manufacturing,PLC,3798081671.8436813,2458339647.1273804,557303232.9462621,737501894.1382141,98333585.88509522,393,101172557.50521214,63091214.1694907,02-Oct-2015,2015,01-Nov-2025,Lagos,Mushin,www.coscharisservicesplc.com.ng,"CIT,VAT,WHT,CGT"
09253da8-ec7e-46b6-a089-73312276842b,RC-824134,1247745775178,UBA Global LLP,Energy,LLP,2182504147.612871,1338276989.121991,183467832.68342206,401483096.73659724,53531079.56487964,1027,50047039.96307554,30866940.495479397,20-Jan-2016,2016,24-Mar-2025,Kano,Tarauni,www.ubagloballlp.com.ng,"CIT,VAT,WHT,CGT"
8c50860c-55f8-4416-bc42-59f3727297ab,RC-801562,2335685046082,FBN Nigeria NGO/Gte,Fintech,NGO/Gte,1874005566.502611,1115123249.9664512,290210612.60879666,334536974.98993534,44604929.998658046,396,133501807.37226528,27003099.722519677,23-Jun-2013,2013,06-Apr-2025,Oyo,Egbeda,www.fbnnigeriango/gte.ng,"CIT,VAT,WHT,CGT"
9cea68cb-777f-4942-b0b2-3f3431b456a3,RC-103760,3322108033614,BUA Solutions PLC,Retail,PLC,3434333278.0787563,2796499529.0079494,788354334.3312925,838949858.7023848,111859981.16031797,469,173339409.1597306,80643875.38736603,23-Jun-2017,2017,25-Nov-2024,Lagos,Ifako-Ijaiye,www.buasolutionsplc.com.ng,"CIT,VAT,WHT,CGT"
eafb06e3-38ff-4af4-b360-870bf8dd9c80,RC-572999,6374111122452,BUA Logistics Ltd,Manufacturing,Ltd,1947571279.5125744,1790882408.7080243,193179076.26087755,537264722.6124072,71635296.34832098,1044,141698416.52883992,54569313.372030504,02-Feb-2018,2018,10-Jan-2026,Kano,Kano Municipal,www.bualogisticsltd.com.ng,"CIT,VAT,WHT,CGT"
59e2dcb8-07fb-42d4-bf13-6a5964ac919e,RC-477535,2020222068014,Flour Mills Industries Ltd,Retail,Ltd,1463631862.2261922,1228792681.961387,150702600.88884574,368637804.58841604,49151707.27845548,990,285715400.7725108,75440477.84741919,07-Apr-2021,2021,29-Jul-2025,Rivers,Okrika,www.flourmillsindustriesltd.com.ng,"CIT,VAT,WHT,CGT"
6c61668f-85b5-4953-8a63-e42d1dca7abc,RC-906802,3054533355224,PiggyVest Networks NGO/Gte,Manufacturing,NGO/Gte,2412876156.3368077,1717423903.5173662,218473763.46567625,515227171.0552098,68696956.14069465,1133,565918714.3885632,62761034.603908814,10-Feb-2017,2017,22-Feb-2025,Anambra,Onitsha North,www.piggyvestnetworksngo/gte.org.ng,"CIT,VAT,WHT,CGT"
6c8d6b54-1f1a-4a8b-96cd-e2ee4fc92ef9,RC-878175,0611145317484,Paystack Solutions Ltd,Fintech,Ltd,3707623286.9032845,2022378275.0920749,377432793.3252012,606713482.5276225,80895131.003683,141,20608696.141279783,17378498.51696059,24-May-2014,2014,09-Aug-2024,Edo,Oredo,www.paystacksolutionsltd.net.ng,"CIT,VAT,WHT,CGT"
4295f56b-7eca-4218-b1ae-a34640df4b74,RC-175271,4407762847768,UBA West Africa LLP,Tech,LLP,2465244384.592743,2118311552.094058,494412058.2335662,635493465.6282173,84732462.08376232,701,81819930.86593156,33204509.646173373,01-May-2025,2025,01-Sep-2025,Enugu,Nsukka,www.ubawestafricallp.com.ng,"CIT,VAT,WHT,CGT"
6003ef62-af87-417e-ac8f-3e66ca193d01,RC-106121,6680665584564,MainOne Ventures Ltd,Agro,Ltd,4697297695.444614,4302635611.376819,737670630.4836781,1290790683.4130456,172105424.45507276,1130,256495151.33620557,203759267.97048584,12-Oct-2025,2025,05-Nov-2024,Rivers,Eleme,www.mainoneventuresltd.com.ng,"CIT,VAT,WHT,CGT"
29e14721-799b-4364-9dc3-73ba8ee98f46,RC-682249,6707530323884,Cadbury Industries LLP,Tech,LLP,2416492867.14701,1343001759.3226159,558545646.7593389,402900527.79678476,53720070.372904636,49,7778032.901533953,41122652.39309939,13-Mar-2019,2019,02-Oct-2025,Anambra,Onitsha North,www.cadburyindustriesllp.com.ng,"CIT,VAT,WHT,CGT"
50e65e25-066c-4b6d-9be9-e0e07cf308d9,RC-640407,6845357741274,Stanbic Solutions LLP,Fintech,LLP,1445549658.2170591,1298054686.6213717,140625357.42091817,389416405.9864115,51922187.46485487,362,37733855.797886014,44769830.5486997,17-Sep-2016,2016,03-Jun-2024,Plateau,Jos South,www.stanbicsolutionsllp.com.ng,"CIT,VAT,WHT,CGT"
5d57256f-6464-4546-9e8e-ffa752a6357f,RC-238111,3755861366103,BUA Industries Ltd,Retail,Ltd,2820948271.2678256,2642132141.626829,628911721.9569894,792639642.4880487,105685285.66507317,232,93524489.8986365,152840008.3958232,30-Sep-2012,2012,08-Jul-2024,Lagos,Lagos Island,www.buaindustriesltd.com.ng,"CIT,VAT,WHT,CGT"
84638874-45ef-4630-a4ec-670845663234,RC-997321,7457846640874,Interswitch Ventures PLC,Agro,PLC,22354861.90317772,16902962.89486032,2402390.8104737345,0.0,0.0,462,38920199.1471978,750343.3709284234,22-Sep-2022,2022,16-Jun-2024,Rivers,Port Harcourt,www.interswitchventuresplc.ng,"CIT,VAT,WHT,CGT"
9ed02e77-19fd-4bad-bbd7-7cba5357a1ae,RC-539550,0331431125212,Eroton Industries PLC,Fintech,PLC,1369511992.2353826,831015565.4759212,115659820.211753,249304669.64277634,33240622.619036846,182,16087505.878691362,41869079.01982404,19-Jun-2016,2016,24-May-2025,Edo,Oredo,www.erotonindustriesplc.com.ng,"CIT,VAT,WHT,CGT"
f8e89526-7c3b-4156-9bcd-942938b41223,RC-209816,8277562460763,Nigerian Breweries Global NGO/Gte,Manufacturing,NGO/Gte,690794600.0654972,588263573.7296141,160218286.77384418,176479072.11888424,23530542.949184567,63,14171090.268420972,1408899.7069254573,23-Mar-2015,2015,20-Aug-2024,Lagos,Ikeja,www.nigerianbreweriesglobalngo/gte.org.ng,"CIT,VAT,WHT,CGT"
a06025ee-7c76-45b0-96d6-1ece98ef481f,RC-436248,4806081048234,NLNG Global LLP,Agro,LLP,4067453240.6794806,3105742876.7747936,703591508.4169762,931722863.032438,124229715.07099175,737,93554031.07623753,213731767.06073663,12-Jul-2017,2017,05-Apr-2024,Oyo,Egbeda,www.nlnggloballlp.com.ng,"CIT,VAT,WHT,CGT"
79d5f952-94c3-4b3c-9280-1c5810830ad3,RC-220194,7821182837031,Genesis Group Ventures PLC,Agro,PLC,1062900307.7750329,1029200335.9901428,199232912.13550436,308760100.79704285,41168013.43960571,648,39476724.11287615,20811440.825356223,12-Nov-2019,2019,04-Feb-2024,Rivers,Port Harcourt,www.genesisgroupventuresplc.com.ng,"CIT,VAT,WHT,CGT"
d6e764cb-0bd5-4019-82b1-234b9ce8eedd,RC-942879,3237515640160,Elizade Group LLP,Tech,LLP,3831793967.8674626,3169419672.8939323,708235731.3303149,950825901.8681797,126776786.9157573,590,141828927.47093895,108557280.97636163,06-Dec-2019,2019,27-Nov-2025,Delta,Sapele,www.elizadegroupllp.com.ng,"CIT,VAT,WHT,CGT"
deb3011c-52eb-43a1-ad35-0d2a11dce36d,RC-670310,1610150533620,Kuda Global LLP,Energy,LLP,768126724.4923795,548335650.5926404,153644037.4514358,164500695.1777921,21933426.023705617,617,61171694.930035576,26456208.929827735,15-Feb-2015,2015,16-Aug-2024,Ogun,Abeokuta South,www.kudagloballlp.com.ng,"CIT,VAT,WHT,CGT"
287f4429-2fd6-437c-b7b7-8978e67e307e,RC-281680,8164110877315,Elizade Ventures LLP,Manufacturing,LLP,1673031997.8150036,1281015410.9817674,398750365.5322307,384304623.2945302,51240616.4392707,1147,318903969.12708926,24021885.273653224,26-Mar-2016,2016,31-Jul-2025,Enugu,Udi,www.elizadeventuresllp.com.ng,"CIT,VAT,WHT,CGT"
e23f2e8c-4dbe-4bc2-a184-5b2f55b260ec,RC-839709,0557613550624,MTN Global Ltd,Agro,Ltd,1047670079.4931939,817190131.7273494,141734496.93203378,245157039.5182048,32687605.269093975,752,113721399.92046648,3990821.7683259794,30-Aug-2025,2025,04-Jun-2025,Abuja (FCT),Kuje,www.mtngloballtd.com.ng,"CIT,VAT,WHT,CGT"
8b1d77e3-4bbe-4b52-b0f8-cf6ee8570735,RC-531679,1647840067745,UBA Holdings NGO/Gte,Fintech,NGO/Gte,375688507.1695158,224180243.09068885,36448656.09960844,67254072.92720665,8967209.723627554,853,280348505.92563856,7458039.952227086,04-Jan-2022,2022,29-Nov-2025,Akwa Ibom,Ikot Ekpene,www.ubaholdingsngo/gte.org.ng,"CIT,VAT,WHT,CGT"
e6a546dd-b221-4bbe-8435-8e2889c94482,RC-116698,7002500801073,Spar Logistics NGO/Gte,Agro,NGO/Gte,1527155416.8581622,1392015124.856262,122172966.19430438,417604537.4568786,55680604.99425048,834,56391181.381242745,31372782.500179473,19-Oct-2022,2022,02-May-2024,Rivers,Port Harcourt,www.sparlogisticsngo/gte.org.ng,"CIT,VAT,WHT,CGT"
bab96a1f-83bf-408c-870d-03498abb232a,RC-673725,5312411680337,Kuda Industries PLC,Tech,PLC,1641579800.4344516,1348710563.1545475,286135730.94734704,404613168.9463642,53948422.5261819,75,22773524.006222844,79553280.01890942,19-Jan-2016,2016,07-Jul-2024,Anambra,Awka South,www.kudaindustriesplc.ng,"CIT,VAT,WHT,CGT"
843388c9-f0bd-4a35-bc69-0196bf4fb146,RC-126334,1281574222825,Ardova Solutions NGO/Gte,Energy,NGO/Gte,2968588407.1396737,2667034375.5678773,432603023.37830096,800110312.6703632,106681375.02271509,442,166673368.44150952,110255375.41926509,11-Nov-2016,2016,27-Jun-2024,Abuja (FCT),Bwari,www.ardovasolutionsngo/gte.ng,"CIT,VAT,WHT,CGT"
0fee2da3-d6b1-4ef5-a893-ee29ee3b8e0f,RC-250245,7504065028881,Opay Holdings Ltd,Agro,Ltd,4180421287.367254,2955829627.7894745,475240423.3773068,886748888.3368423,118233185.11157899,1079,212544472.7098617,149074033.76266792,06-Oct-2022,2022,21-Jan-2026,Lagos,Lagos Island,www.opayholdingsltd.net.ng,"CIT,VAT,WHT,CGT"
fca58319-13e7-4535-8a04-a10fa13cd855,RC-744467,5512241765806,AltSchool Nigeria LLP,Manufacturing,LLP,1040481186.998261,804667054.1595196,221951616.71960285,241400116.24785587,32186682.16638078,156,68785601.6918216,30206770.656013813,15-Aug-2011,2011,30-Oct-2025,Oyo,Akinyele,www.altschoolnigeriallp.com.ng,"CIT,VAT,WHT,CGT"
a3b0fb4b-4bac-43d1-a28e-f83ad28cfa89,RC-735576,3201517788245,Flutterwave Services Ltd,Energy,Ltd,4434520927.121825,3169130580.4852843,600537238.2894467,950739174.1455853,126765223.21941137,750,370906961.1078454,33702776.464861155,12-Feb-2023,2023,04-Feb-2024,Plateau,Barkin Ladi,www.flutterwaveservicesltd.com.ng,"CIT,VAT,WHT,CGT"
c3e1b085-d825-44d3-8850-9f2c875c7a52,RC-965752,5386635561751,NLNG Logistics Ltd,Agro,Ltd,3816352700.0515766,3348012673.4387903,771954268.9989511,1004403802.0316371,133920506.93755162,924,51709240.84314219,46279366.972923465,06-Sep-2017,2017,16-May-2024,Lagos,Lagos Island,www.nlnglogisticsltd.net.ng,"CIT,VAT,WHT,CGT"
76acf251-2521-436a-a940-20ff8cac13d6,RC-327221,1474856715271,Kuda Services Ltd,Fintech,Ltd,215771986.8951179,111924111.27894215,26750509.385636937,33577233.383682646,4476964.451157686,459,142060533.72778398,5286770.897994587,04-Apr-2013,2013,28-Dec-2025,Lagos,Kosofe,www.kudaservicesltd.net.ng,"CIT,VAT,WHT,CGT"
1f4fd7a1-0a0d-450d-bd4b-fe74c19cd666,RC-255499,4070707033182,Zenith Services Ltd,Tech,Ltd,2557496204.875545,1701244989.213281,371569329.23521703,510373496.76398426,68049799.56853124,161,74834548.36514916,34367696.53490728,16-Sep-2020,2020,03-Feb-2025,Oyo,Ibadan North,www.zenithservicesltd.com.ng,"CIT,VAT,WHT,CGT"
141cfcf7-2f78-4c95-af00-f7128e10ca6c,RC-743953,5161372014802,Cadbury Enterprises PLC,Retail,PLC,3246147696.446544,3155074143.334106,436833843.6697863,946522243.0002317,126202965.73336424,618,135943023.30404633,136085810.39538857,17-Nov-2024,2024,20-Jan-2025,Rivers,Obio-Akpor,www.cadburyenterprisesplc.com.ng,"CIT,VAT,WHT,CGT"
eea102f8-91a8-4446-8e1b-aa33d8436093,RC-453895,6827246628582,Shoprite Holdings LLP,Energy,LLP,1705990857.3404913,881323619.0696832,382690320.41487443,264397085.72090495,35252944.76278733,522,185464994.50363186,19401662.794735562,02-Dec-2015,2015,13-Jan-2025,Plateau,Jos North,www.shopriteholdingsllp.com.ng,"CIT,VAT,WHT,CGT"
268b30e5-5b26-4d3f-b847-171182e4f3d5,RC-755663,8524533087321,Shoprite Solutions PLC,Fintech,PLC,2828148164.9953456,2286543090.190455,405039289.0686303,685962927.0571364,91461723.6076182,524,122958682.54969017,92820929.74201474,01-Jan-2018,2018,22-May-2024,Delta,Warri South,www.shopritesolutionsplc.ng,"CIT,VAT,WHT,CGT"
a8dd9a3e-204d-4b2c-acbb-cf7724bf0a0d,RC-181788,1801305816866,NLNG Group PLC,Energy,PLC,1759045086.6888561,1336250212.5213134,428919153.44112736,400875063.756394,53450008.50085254,965,246235988.485285,32300157.05550094,13-Sep-2020,2020,18-Jul-2025,Abuja (FCT),Kuje,www.nlnggroupplc.ng,"CIT,VAT,WHT,CGT"
ccbb9359-9599-429c-8818-9900dad7b217,RC-435543,4568851543785,Filmhouse Resources PLC,Manufacturing,PLC,3635253329.1557083,3146730945.771642,779625523.5044974,944019283.7314926,125869237.8308657,111,44825000.33154076,51370448.4720531,24-Sep-2019,2019,09-Mar-2024,Abuja (FCT),Abaji,www.filmhouseresourcesplc.ng,"CIT,VAT,WHT,CGT"
d19f5645-ae82-4300-9898-1186da1148ed,RC-767720,6612836462206,Interswitch West Africa PLC,Fintech,PLC,892341360.1286173,451875942.14634913,167543909.67619282,135562782.64390475,18075037.685853966,428,179853075.92678025,4492814.545203849,13-Dec-2012,2012,30-Jul-2024,Kano,Tarauni,www.interswitchwestafricaplc.ng,"CIT,VAT,WHT,CGT"
6ef8a828-2c8c-48db-8ddf-eea17ca402f5,RC-510382,1653131024312,First Bank Industries PLC,Agro,PLC,3117585142.9079356,1946694366.6451597,398111777.4284865,584008309.9935479,77867774.6658064,1118,428083417.3433872,88105999.38900338,08-Feb-2019,2019,26-Jan-2026,Oyo,Ibadan North,www.firstbankindustriesplc.ng,"CIT,VAT,WHT,CGT"
a38cb5d8-e586-40c3-aa45-9aad3a7b521e,RC-464741,2415528533882,Sterling Bank Holdings NGO/Gte,Agro,NGO/Gte,3345878162.8898854,1906384386.220987,427364995.30729264,571915315.866296,76255375.44883949,149,23868487.198660344,15857681.69480312,04-Feb-2023,2023,30-Sep-2024,Lagos,Kosofe,www.sterlingbankholdingsngo/gte.ng,"CIT,VAT,WHT,CGT"
55966e69-5d21-44a3-ac27-409282eb04b6,RC-515902,8303054843541,Union Bank Systems NGO/Gte,Retail,NGO/Gte,2464211095.728701,2395767198.0831175,298462246.44201803,718730159.4249352,95830687.9233247,1058,517186459.46034366,39033249.10244942,06-Apr-2021,2021,29-Jun-2025,Kaduna,Zaria,www.unionbanksystemsngo/gte.ng,"CIT,VAT,WHT,CGT"
b10b2454-ac09-4fd3-81e8-421f7aa1e409,RC-232359,0587501606137,Rack Centre Networks PLC,Retail,PLC,1778940205.7949872,1426829806.2963314,386778445.5398362,428048941.8888994,57073192.25185326,681,274087591.911598,55795693.895350024,25-Nov-2025,2025,22-Jul-2025,Ogun,Ijebu Ode,www.rackcentrenetworksplc.com.ng,"CIT,VAT,WHT,CGT"
35d61fc0-9106-4280-b4af-258b31621a50,RC-852412,1084640248515,UBA Solutions LLP,Manufacturing,LLP,3607757077.1615434,3548555707.5473514,544235501.7703959,1064566712.2642053,141942228.30189407,390,183913801.64963502,170225196.92250547,10-Apr-2022,2022,14-Jun-2024,Delta,Sapele,www.ubasolutionsllp.com.ng,"CIT,VAT,WHT,CGT"
7f331471-1d76-4af6-befe-9e9925641a5d,RC-704816,6213170442203,BUA Ventures LLP,Agro,LLP,131864886.55921903,89950159.42685178,17689601.217509344,26985047.828055535,0.0,531,163072373.91749287,4680433.006336205,27-Jul-2024,2024,24-Dec-2025,Anambra,Onitsha North,www.buaventuresllp.com.ng,"CIT,VAT,WHT,CGT"
039cd754-b386-4d2d-9a82-53c8ec5cd7f0,RC-254132,2860048264568,Kuda Nigeria Ltd,Agro,Ltd,2476887762.6068854,2422319645.842049,330205176.00897914,726695893.7526147,96892785.83368197,239,65380127.817632705,160301774.03182903,22-Feb-2021,2021,01-Jun-2024,Lagos,Lagos Island,www.kudanigerialtd.com.ng,"CIT,VAT,WHT,CGT"
8e711a09-6c8f-41cd-bb50-126820998cce,RC-127491,8281185368787,Stanbic Networks LLP,Fintech,LLP,1966041767.7560534,1192242952.8961895,332339123.50675863,357672885.86885685,47689718.11584758,415,201348602.5455162,13346832.048005154,16-May-2020,2020,07-Apr-2024,Abuja (FCT),Abuja Municipal,www.stanbicnetworksllp.com.ng,"CIT,VAT,WHT,CGT"
d1e0d205-1554-4142-9189-737cdc310f40,RC-907545,6227342404400,PiggyVest Industries Ltd,Manufacturing,Ltd,3718517577.747333,2920351852.666537,390094766.4082768,876105555.799961,116814074.10666147,633,237779233.0259842,99511433.40660422,27-Jul-2023,2023,20-Oct-2024,Kano,Gwale,www.piggyvestindustriesltd.net.ng,"CIT,VAT,WHT,CGT"
047b83b4-85f5-4e32-8790-c18f406a7460,RC-465907,4834008720054,Mikano Systems NGO/Gte,Energy,NGO/Gte,926324277.5185494,624674485.0797126,107768236.94994025,187402345.52391377,24986979.403188504,266,63200835.14173343,3032652.5347768837,24-Jul-2017,2017,27-Nov-2024,Delta,Uyo,www.mikanosystemsngo/gte.ng,"CIT,VAT,WHT,CGT"
379a2a13-4903-4852-9601-6753aade3a23,RC-591909,5307571473168,Palmpay Nigeria NGO/Gte,Retail,NGO/Gte,369798258.0868077,308935587.6232844,56642024.640437305,92680676.28698532,12357423.504931375,180,47615568.93162455,13435236.606594644,03-Oct-2020,2020,08-Jul-2024,Kwara,Offa,www.palmpaynigeriango/gte.org.ng,"CIT,VAT,WHT,CGT"
195e5a08-ba45-404a-80e7-905ff45a8b9a,RC-569878,1406771672015,Peace Mass Ventures LLP,Retail,LLP,4996628086.736457,4939280892.614514,1227519279.4106934,1481784267.7843542,197571235.70458058,1138,296941763.17920166,358096094.59867716,09-Nov-2018,2018,04-Nov-2025,Lagos,Ikeja,www.peacemassventuresllp.com.ng,"CIT,VAT,WHT,CGT"
d9f8765b-b080-48cb-9f53-82f6c9632c86,RC-144550,7601255311018,Moniepoint West Africa LLP,Retail,LLP,1870622219.3805945,1205823208.5503173,239461861.92648858,361746962.5650952,48232928.342012696,647,295930469.16298395,29820029.4946205,10-Apr-2020,2020,19-Dec-2025,Lagos,Ifako-Ijaiye,www.moniepointwestafricallp.com.ng,"CIT,VAT,WHT,CGT"
963b5bbc-0266-4cb2-96c2-b163c19ee93c,RC-473388,5385033164036,SevenUp Global LLP,Retail,LLP,3164957554.2255106,1944088073.1132064,476176026.09214884,583226421.9339619,77763522.92452826,415,172814384.46927592,137886549.78128496,12-Feb-2017,2017,22-Jun-2025,Abuja (FCT),Abuja Municipal,www.sevenupgloballlp.com.ng,"CIT,VAT,WHT,CGT"
b951ee17-cc39-44f9-981a-a9f8d02af144,RC-417052,0854224477737,Paystack Technologies LLP,Fintech,LLP,2732992243.4336486,1822742408.9744945,352623592.146139,546822722.6923484,72909696.35897978,383,151520838.39889258,90543515.539896,21-Jun-2022,2022,26-Feb-2024,Rivers,Ikwerre,www.paystacktechnologiesllp.com.ng,"CIT,VAT,WHT,CGT"
1d6d79e0-fec6-4541-97a2-71d8cdd4a3c4,RC-986466,7865530351346,Chi Global Ltd,Energy,Ltd,2860721742.7098675,2680137051.1946416,268772423.40806264,804041115.3583925,107205482.04778567,917,319841691.3200711,46629675.783473864,16-Oct-2014,2014,22-Feb-2025,Akwa Ibom,Eket,www.chigloballtd.net.ng,"CIT,VAT,WHT,CGT"
1364d2b6-10b8-44e6-a11c-d3066f357bef,RC-206679,0345465746440,Globacom West Africa PLC,Retail,PLC,4026788081.7281156,2094584010.4576411,818809169.1790051,628375203.1372923,83783360.41830565,354,23297218.651389435,107506688.81342337,04-Oct-2021,2021,21-Nov-2025,Kano,Gwale,www.globacomwestafricaplc.ng,"CIT,VAT,WHT,CGT"
fc5076d7-c694-4c5d-98b4-cf58038fb962,RC-299803,6546301385342,Jumia Networks Ltd,Agro,Ltd,999599410.9397806,712639914.025009,175262218.64128602,213791974.2075027,28505596.561000362,720,180346638.17295378,29841673.237757865,24-Jun-2020,2020,02-Feb-2025,Kaduna,Kaduna North,www.jumianetworksltd.com.ng,"CIT,VAT,WHT,CGT"
a17c109d-377a-42ed-a2ab-d16b9966e7fe,RC-280811,0421205887361,Access Group PLC,Agro,PLC,3194070838.72597,1834323767.02895,761614527.2004017,550297130.108685,73372950.681158,1027,431184387.6599871,57455982.41922205,27-Dec-2012,2012,27-Apr-2025,Delta,Ughelli North,www.accessgroupplc.com.ng,"CIT,VAT,WHT,CGT"
de61a255-5e13-47d7-8992-8fece41bca1c,RC-877904,6184638762465,Paystack Enterprises Ltd,Fintech,Ltd,3909179817.9841776,3251136751.9407287,921800813.4620517,975341025.5822185,130045470.07762915,815,352079062.66337687,130619303.0494426,18-Jul-2025,2025,16-Feb-2025,Lagos,Alimosho,www.paystackenterprisesltd.net.ng,"CIT,VAT,WHT,CGT"
463f8901-70ce-4a99-8d67-7a47a6987e23,RC-125905,3706087508587,Mikano Group NGO/Gte,Retail,NGO/Gte,1762813406.0740764,992758095.171396,342935359.56942123,297827428.5514188,39710323.80685584,145,22436125.583894283,17195674.70549625,01-Aug-2015,2015,04-Jun-2024,Lagos,Kosofe,www.mikanogroupngo/gte.org.ng,"CIT,VAT,WHT,CGT"
eb4c8842-8e95-4a9c-a06b-26e01c9bcf92,RC-104174,6173034565781,UBA West Africa NGO/Gte,Agro,NGO/Gte,4482651963.344227,2424714238.8271737,989519986.6484234,727414271.6481521,96988569.55308695,158,16830116.65719366,8162845.019015636,30-Sep-2024,2024,12-Dec-2025,Abuja (FCT),Gwagwalada,www.ubawestafricango/gte.org.ng,"CIT,VAT,WHT,CGT"
e1bd1980-e946-45de-bed0-37e7ca47aa73,RC-413353,3117355026063,Semicolon Industries PLC,Agro,PLC,899942406.5753145,531778375.74793035,200687346.80086187,159533512.7243791,21271135.029917214,599,212008083.64140967,10062094.621596765,28-Jul-2013,2013,17-Aug-2025,Ogun,Abeokuta South,www.semicolonindustriesplc.com.ng,"CIT,VAT,WHT,CGT"
93950a34-87bb-4a5b-94dd-74f967ba6d0a,RC-779796,0315421411637,Zenith Bank Industries Ltd,Fintech,Ltd,39732454.45189648,24182378.935998186,9850165.058964686,0.0,0.0,956,112971570.65724783,1294389.397336241,09-Jul-2015,2015,10-Oct-2025,Enugu,Udi,www.zenithbankindustriesltd.net.ng,"CIT,VAT,WHT,CGT"
ce4106a6-fc83-4abc-b2a5-ac40986241e1,RC-484734,1847781587306,Moniepoint Technologies PLC,Retail,PLC,1659772329.663827,838916258.2652906,216183358.0356335,251674877.47958717,33556650.330611624,334,136141303.5998508,57656771.78192521,24-Jun-2013,2013,26-Nov-2025,Lagos,Lagos Island,www.moniepointtechnologiesplc.ng,"CIT,VAT,WHT,CGT"
b4de5c23-efc6-498f-a9e7-8f704df7bbc5,RC-476992,1503568265834,Pointek Group LLP,Manufacturing,LLP,1097179400.5413618,872761772.5283718,156788362.6901041,261828531.75851154,34910470.90113487,579,128566760.10891144,56359449.38140959,12-Mar-2017,2017,18-Jan-2025,Delta,Sapele,www.pointekgroupllp.com.ng,"CIT,VAT,WHT,CGT"
602f54e8-db02-43df-8e84-8842a6dc3cd9,RC-423722,4276386850628,BUA Ventures PLC,Energy,PLC,3419710098.6132717,2877460362.9154525,843360405.8657162,863238108.8746357,115098414.5166181,765,315190552.4408529,103876341.81834258,19-Jul-2015,2015,03-Apr-2025,Kano,Nasarawa,www.buaventuresplc.com.ng,"CIT,VAT,WHT,CGT"
3b145b0a-4cd7-4150-82c4-f50977efc65a,RC-665481,4682144563825,Moniepoint Nigeria NGO/Gte,Tech,NGO/Gte,2485852898.7007923,1926684038.148296,394068628.68243176,578005211.4444888,77067361.52593185,685,179014350.39178702,4773693.716251826,22-Aug-2022,2022,30-May-2024,Kano,Gwale,www.moniepointnigeriango/gte.ng,"CIT,VAT,WHT,CGT"
b2b8f9b0-775d-441c-9a93-4c26b7cca745,RC-739771,7303413202277,Zenith Systems Ltd,Fintech,Ltd,1634741772.6120102,975116165.2761222,215398127.78255948,292534849.5828366,39004646.61104489,172,45217680.537750185,66844576.9829326,24-Oct-2016,2016,14-Sep-2025,Abuja (FCT),Abuja Municipal,www.zenithsystemsltd.net.ng,"CIT,VAT,WHT,CGT"
38c9f645-1adb-43a3-890c-3e636ff13792,RC-567884,5040870852083,BUA Cement Global Ltd,Tech,Ltd,202189928.93377888,126911191.6125128,29787820.538619716,38073357.48375384,5076447.664500512,46,3321808.2068613484,6529597.715832612,13-Mar-2021,2021,09-Feb-2024,Anambra,Nnewi North,www.buacementgloballtd.com.ng,"CIT,VAT,WHT,CGT"
0d5babf4-6e57-4d41-991b-8e99a2c07090,RC-630021,3664823271448,Galaxy Backbone Nigeria PLC,Manufacturing,PLC,1468056675.7162008,1052866821.4596722,320875029.83591884,315860046.4379017,42114672.85838689,458,151427664.89907128,60268161.88269647,17-Nov-2024,2024,07-Mar-2025,Abuja (FCT),Bwari,www.galaxybackbonenigeriaplc.ng,"CIT,VAT,WHT,CGT"
5131576f-736e-427c-8ab6-5ec51fd9f505,RC-549198,0601861002516,Dangote Sugar Ventures Ltd,Tech,Ltd,2562105882.3001204,1690598067.6413884,623506771.8924977,507179420.2924165,67623922.70565554,361,40697321.593627855,49928357.12261145,09-Sep-2013,2013,25-Feb-2024,Ogun,Ijebu Ode,www.dangotesugarventuresltd.net.ng,"CIT,VAT,WHT,CGT"
c58a9eed-dd42-4bba-ac76-7d4f3ce83287,RC-836091,7338358101837,Union Bank Holdings PLC,Agro,PLC,1345303948.5977712,1330312589.6384249,290981433.14315355,399093776.8915275,53212503.585536994,1182,315103789.5483229,52118298.56832459,01-Jan-2026,2026,22-Nov-2025,Kano,Gwale,www.unionbankholdingsplc.com.ng,"CIT,VAT,WHT,CGT"
ea1b6216-fd07-47e9-85ef-05741f775511,RC-775104,7531661366151,MainOne Holdings NGO/Gte,Manufacturing,NGO/Gte,2281101140.436724,1355833124.675438,451932951.5115036,406749937.40263134,54233324.98701752,136,7098835.945471843,55121383.81001993,21-Nov-2019,2019,24-Feb-2024,Lagos,Oshodi-Isolo,www.mainoneholdingsngo/gte.ng,"CIT,VAT,WHT,CGT"
2479aaf7-f875-4829-b0d7-e5f3c891d8df,RC-383549,1231656470736,Filmhouse Systems PLC,Retail,PLC,1404481441.8621304,886096672.0470281,172955978.74819028,265829001.6141084,35443866.881881125,498,89107420.95244664,65036457.51179334,26-May-2017,2017,30-Apr-2024,Enugu,Nsukka,www.filmhousesystemsplc.ng,"CIT,VAT,WHT,CGT"
d4e8a1be-5693-4686-a038-27352481fdd0,RC-995020,7670551646144,Union Bank Networks LLP,Agro,LLP,1417782355.4374905,792403245.925087,162944730.9998708,237720973.77752608,31696129.83700348,118,32203123.927095067,51940154.89383639,04-Mar-2022,2022,08-Nov-2024,Oyo,Egbeda,www.unionbanknetworksllp.com.ng,"CIT,VAT,WHT,CGT"
0f666314-76a3-4644-9959-1d4969555436,RC-896737,4868331650530,Pointek Ventures PLC,Manufacturing,PLC,4254889365.5985074,2461235823.6721334,760715478.1334479,738370747.10164,98449432.94688533,20,7597056.939217711,28936696.83231702,30-Jul-2017,2017,25-Jan-2025,Ogun,Abeokuta South,www.pointekventuresplc.ng,"CIT,VAT,WHT,CGT"
9eeccc94-3037-4d5a-a0b0-603fbcc37b21,RC-462960,7565305741082,Dangote Sugar Resources PLC,Retail,PLC,746625855.1943027,495572378.4567759,77536063.1109673,148671713.53703275,19822895.138271037,550,262223354.06425223,27110835.901393093,09-Aug-2023,2023,16-Mar-2024,Kano,Gwale,www.dangotesugarresourcesplc.com.ng,"CIT,VAT,WHT,CGT"
f8c671e1-8e30-427a-95a9-ee8ec78bddde,RC-980563,5457705516458,Ibeto Industries Ltd,Retail,Ltd,3893934576.173768,2131351886.944594,487297087.79207796,639405566.0833782,85254075.47778375,115,10789903.519864118,27822487.416711878,04-Nov-2016,2016,27-Aug-2025,Kaduna,Zaria,www.ibetoindustriesltd.com.ng,"CIT,VAT,WHT,CGT"
b195ae0b-e0b8-449a-9b8f-613d0f040554,RC-307940,7736731874060,FBN Enterprises Ltd,Retail,Ltd,2036361662.1946363,1729644667.9511585,432265631.1962694,518893400.38534755,69185786.71804634,1065,508313078.2780851,11681993.81540938,20-Dec-2021,2021,16-Nov-2024,Edo,Ikpoba-Okha,www.fbnenterprisesltd.com.ng,"CIT,VAT,WHT,CGT"
5f25eec5-d59f-4809-b9f6-1be103ff71c2,RC-636939,5336845104463,Moniepoint Logistics PLC,Manufacturing,PLC,1444694248.637777,1084550339.664698,181067399.16024673,325365101.89940935,43382013.58658791,167,51679863.93208022,26584821.67525207,24-Jan-2017,2017,27-Mar-2024,Lagos,Ikeja,www.moniepointlogisticsplc.com.ng,"CIT,VAT,WHT,CGT"
ddf845f6-b734-4562-b8a4-2f2a46bdb626,RC-350137,0176386428786,MTN West Africa Ltd,Retail,Ltd,1653013764.2667234,1248327660.81026,334717023.0119752,374498298.243078,49933106.432410404,196,74436899.51945366,72567498.01440208,26-Dec-2025,2025,06-Jun-2025,Rivers,Okrika,www.mtnwestafricaltd.com.ng,"CIT,VAT,WHT,CGT"
9d4ec02f-9e6f-40cf-a133-7f3a36a38439,RC-107575,6541260085661,Galaxy Backbone Nigeria LLP,Fintech,LLP,1424216425.5122519,1252387578.2984073,274908556.8662829,375716273.48952216,50095503.1319363,709,219919950.6333242,74668223.49491753,19-Aug-2014,2014,19-Sep-2025,Rivers,Ikwerre,www.galaxybackbonenigeriallp.com.ng,"CIT,VAT,WHT,CGT"
432d7ca8-beb1-458b-a0d7-c1081c0a4a81,RC-773830,1100612472416,Palmpay Solutions Ltd,Manufacturing,Ltd,2948404899.6482315,1841260481.4599943,561546051.9523966,552378144.4379983,73650419.25839977,737,232154785.65742084,52119909.3899398,15-Feb-2018,2018,12-Apr-2025,Lagos,Ifako-Ijaiye,www.palmpaysolutionsltd.com.ng,"CIT,VAT,WHT,CGT"
fc936847-8a25-4c9c-8658-6c3c266aaa77,RC-782717,1476742671210,Galaxy Backbone Holdings Ltd,Tech,Ltd,4587999721.535925,3012785366.738823,507535293.0556152,903835610.0216469,120511414.66955292,86,20333426.168466344,171694723.71072534,21-Jul-2014,2014,01-Dec-2025,Lagos,Eti-Osa,www.galaxybackboneholdingsltd.net.ng,"CIT,VAT,WHT,CGT"
3daa7b2b-9582-49dd-b0c8-a7f28d70e9ff,RC-936774,2514747278384,Stanbic Solutions Ltd,Retail,Ltd,288857072.31015503,196364108.67804644,64509566.441630855,58909232.60341393,7854564.347121857,56,20227570.85366503,6342741.072092052,08-Mar-2017,2017,19-Aug-2024,Abuja (FCT),Kuje,www.stanbicsolutionsltd.com.ng,"CIT,VAT,WHT,CGT"
d8485e91-0195-4f44-99af-521db2fff007,RC-959001,2520637620011,Decagon Group LLP,Agro,LLP,1936612977.9034247,1674643507.9751322,396165095.6048901,502393052.3925396,66985740.31900529,56,7208367.031151094,90550080.33438773,30-Aug-2015,2015,17-Oct-2024,Abuja (FCT),Abaji,www.decagongroupllp.com.ng,"CIT,VAT,WHT,CGT"
12ec1083-2e18-4c7a-9ff5-5e8914b0a7a3,RC-677276,4200771276508,OPay Ventures PLC,Tech,PLC,3380668322.110161,2461988479.350523,573530351.1293772,738596543.8051568,98479539.17402092,1191,448209731.4972841,44371133.77001088,23-Nov-2018,2018,15-Nov-2024,Delta,Warri South,www.opayventuresplc.com.ng,"CIT,VAT,WHT,CGT"
fba6b743-9295-411f-afd6-0f77c421433c,RC-193931,0384843203654,Slot Nigeria LLP,Fintech,LLP,4419039196.074475,4240821683.0687313,982568096.0755451,1272246504.9206192,169632867.32274926,5,979945.9010643007,276199985.8091538,04-Feb-2025,2025,23-Aug-2024,Kwara,Ilorin West,www.slotnigeriallp.com.ng,"CIT,VAT,WHT,CGT"
793ff99d-b10e-44a4-93dc-d9a5e6e7ca51,RC-538369,2341153138348,Kuda Technologies NGO/Gte,Energy,NGO/Gte,2788777340.267425,1916825077.991677,416155086.35301805,575047523.3975031,76673003.11966708,167,7289884.284474332,49480626.29689552,27-Jan-2020,2020,10-Jan-2025,Kwara,Offa,www.kudatechnologiesngo/gte.ng,"CIT,VAT,WHT,CGT"
be1d6df0-1f62-4526-9532-777a233f161c,RC-431942,6578688017044,Palmpay Technologies Ltd,Tech,Ltd,1625238756.3942053,1231178971.382023,202630739.78682816,369353691.4146069,49247158.85528093,331,74668823.81621706,53837989.51636236,27-Dec-2023,2023,25-Oct-2025,Edo,Ikpoba-Okha,www.palmpaytechnologiesltd.com.ng,"CIT,VAT,WHT,CGT"
e121acf8-8fdc-468b-aa09-49ffc0ba5f5a,RC-183443,5583656625853,Access Nigeria Ltd,Agro,Ltd,2025733477.461741,1252670672.6485946,288964187.0079825,375801201.7945784,50106826.90594379,551,177300455.27348503,49134927.26923799,02-Aug-2011,2011,11-Apr-2024,Oyo,Egbeda,www.accessnigerialtd.com.ng,"CIT,VAT,WHT,CGT"
94b827b1-252b-4bda-b2f2-5394e8cabaef,RC-267577,0821584482742,Chi Global PLC,Energy,PLC,2962268713.5608563,1841519805.4384632,482760933.38168025,552455941.631539,73660792.21753854,448,24104493.44959033,82199710.54645275,26-Oct-2012,2012,14-Apr-2024,Abuja (FCT),Abaji,www.chiglobalplc.ng,"CIT,VAT,WHT,CGT"
ebfd8cf7-5a69-4a12-ae70-4a1245aa7139,RC-890619,2716040327060,UBA Industries PLC,Fintech,PLC,3997651752.4526496,2710588881.465088,803406553.8878253,813176664.4395263,108423555.25860351,236,56796771.12465397,139763567.53137183,14-Apr-2017,2017,28-Nov-2024,Kaduna,Zaria,www.ubaindustriesplc.ng,"CIT,VAT,WHT,CGT"
08ffeba3-984c-4f69-965a-abe9506590e1,RC-815833,5746831373741,Silverbird Technologies Ltd,Retail,Ltd,1595594855.9679816,1207693624.575011,343792171.3582427,362308087.3725033,48307744.98300044,571,276072821.257014,66327394.73189858,27-Mar-2014,2014,08-Mar-2025,Edo,Ikpoba-Okha,www.silverbirdtechnologiesltd.com.ng,"CIT,VAT,WHT,CGT"
9fd9a959-17d6-418e-877d-a9d4c99d7b4d,RC-552175,3878384838226,MainOne Group Ltd,Agro,Ltd,2686493292.2094145,1460613376.1749911,397083983.03746784,438184012.85249734,58424535.04699965,594,36198963.16303214,45883163.362950794,23-Nov-2019,2019,25-Mar-2025,Abuja (FCT),Gwagwalada,www.mainonegroupltd.net.ng,"CIT,VAT,WHT,CGT"
a073faec-1612-4db9-9672-a76dd2547cdb,RC-683323,3548533836341,ABC Transport Ventures LLP,Energy,LLP,3889178170.247346,2813619608.1399603,404880430.64526063,844085882.4419881,112544784.32559842,695,112136031.21980225,101635570.14717211,20-Feb-2017,2017,26-Jan-2025,Kaduna,Kaduna North,www.abctransportventuresllp.com.ng,"CIT,VAT,WHT,CGT"
9bc0c895-3e0d-4e08-b458-39363ca80eac,RC-675487,8773672211858,TotalEnergies Enterprises Ltd,Tech,Ltd,4210733267.7187285,3887530785.6067824,755709005.998555,1166259235.6820347,155501231.42427132,429,127892694.36494598,145705990.46020183,12-Feb-2025,2025,21-Feb-2024,Anambra,Nnewi North,www.totalenergiesenterprisesltd.net.ng,"CIT,VAT,WHT,CGT"
738167c3-cd14-4dae-a057-a939311dd05d,RC-694521,1818288643256,OPay Networks PLC,Energy,PLC,3738643700.6030893,3105054909.9091506,925309162.5712554,931516472.9727452,124202196.39636603,192,17569165.870356634,38537018.628995225,26-Nov-2023,2023,23-Sep-2025,Lagos,Mushin,www.opaynetworksplc.com.ng,"CIT,VAT,WHT,CGT"
4e36215b-b60d-4310-bc1f-7c997aae2b32,RC-212392,2523221530628,MainOne Technologies Ltd,Manufacturing,Ltd,3967021831.039953,3888070467.68036,987657270.9923893,1166421140.304108,155522818.7072144,861,292399331.047371,149237332.7678809,22-Dec-2014,2014,08-Jan-2026,Ogun,Ijebu Ode,www.mainonetechnologiesltd.com.ng,"CIT,VAT,WHT,CGT"
18e13da7-39ed-4c96-a2dd-6954eabfd691,RC-496992,3038464203240,Eroton Group NGO/Gte,Tech,NGO/Gte,34291012.20269957,22013657.91305206,7977888.976865674,0.0,0.0,213,41342952.61261102,660470.0611423419,18-Jul-2014,2014,07-Sep-2025,Lagos,Mushin,www.erotongroupngo/gte.ng,"CIT,VAT,WHT,CGT"
4fabe5cd-8adf-4ee5-8db6-b4f31c31b1bd,RC-500006,8203671350784,Genesis Group Solutions LLP,Agro,LLP,4330958241.330418,2373684190.671444,851531726.1102786,712105257.2014332,94947367.62685776,497,218804820.32888407,154696271.72128087,21-Jun-2019,2019,06-Jul-2025,Rivers,Port Harcourt,www.genesisgroupsolutionsllp.com.ng,"CIT,VAT,WHT,CGT"
cd52f85b-93c4-4048-951b-d67a29f92355,RC-317662,7441612780688,Opay Solutions LLP,Agro,LLP,328853023.83901507,177821472.89080644,62712064.95317538,53346441.86724193,7112858.915632257,335,22498124.732526723,7173982.173748438,27-Jan-2023,2023,16-Nov-2025,Lagos,Ifako-Ijaiye,www.opaysolutionsllp.com.ng,"CIT,VAT,WHT,CGT"
933bfed0-e493-4004-9e1c-ef1aa064d38a,RC-449635,2221802116621,Ardova Technologies Ltd,Energy,Ltd,1873141555.9016972,1501790935.3396285,215491901.31934762,450537280.60188854,60071637.41358514,38,17590501.11535826,41972039.19411671,04-Jan-2021,2021,09-May-2025,Rivers,Eleme,www.ardovatechnologiesltd.com.ng,"CIT,VAT,WHT,CGT"
d46877f7-26f2-4230-965f-193694b5bfd1,RC-618744,5362258417360,Moniepoint Global NGO/Gte,Retail,NGO/Gte,3777536084.0138087,1920378290.9088652,722591732.1591067,576113487.2726595,76815131.63635461,168,71220690.99036232,82527601.07609051,22-Aug-2020,2020,10-Jul-2024,Abuja (FCT),Abaji,www.moniepointglobalngo/gte.ng,"CIT,VAT,WHT,CGT"
342835aa-96a1-4b65-a3fd-355b6d8a976c,RC-662579,2456132663476,OPay Networks Ltd,Manufacturing,Ltd,4565411695.056641,3624049321.052116,652097845.5060765,1087214796.3156347,144961972.84208465,775,334652103.9660888,186627346.27528453,29-Jul-2020,2020,13-Jul-2024,Rivers,Obio-Akpor,www.opaynetworksltd.net.ng,"CIT,VAT,WHT,CGT"
9356bb07-fc2e-4108-b137-7705577bd229,RC-348056,7480360321367,Sterling Group NGO/Gte,Manufacturing,NGO/Gte,2379101422.309979,1281554607.0530512,446844163.3193907,384466382.11591536,51262184.28212205,266,84462144.99752921,5324396.490742054,14-May-2021,2021,06-Sep-2024,Akwa Ibom,Uyo,www.sterlinggroupngo/gte.ng,"CIT,VAT,WHT,CGT"
ed0bbc24-d8ca-4bec-8692-4377d84a2fbb,RC-773113,6448245357624,UBA Services PLC,Agro,PLC,2154946598.935059,1496734920.4781828,344100957.63571244,449020476.14345485,59869396.819127314,52,4509120.3311432395,2182041.535278974,16-Dec-2011,2011,05-Aug-2025,Oyo,Ibadan North,www.ubaservicesplc.com.ng,"CIT,VAT,WHT,CGT"
d80edd32-e557-4b1e-a5a6-5eee07880af3,RC-106588,5580135602336,ABC Transport Enterprises PLC,Energy,PLC,104129515.84342334,69715361.52309527,22949295.69387778,20914608.456928577,0.0,511,126307660.5338977,5205576.554152285,15-May-2025,2025,22-May-2025,Kaduna,Kaduna South,www.abctransportenterprisesplc.ng,"CIT,VAT,WHT,CGT"
4b96cdff-2259-4373-bea8-24dfe6598e95,RC-701055,3347102434825,Galaxy Backbone Ventures PLC,Agro,PLC,2288035921.6338105,1356118878.8440404,221197610.41641888,406835663.65321213,54244755.15376162,81,16943985.399668157,23716239.76056429,18-Jan-2026,2026,12-Aug-2024,Anambra,Onitsha North,www.galaxybackboneventuresplc.ng,"CIT,VAT,WHT,CGT"
e91df9bb-dc9d-4032-93e2-1812e7448274,RC-155591,6846384315326,Jumia Resources Ltd,Manufacturing,Ltd,4616501933.593512,2712981843.685328,832119766.4263568,813894553.1055983,108519273.74741313,622,295881914.5206109,200918075.2497408,19-Apr-2015,2015,17-Aug-2024,Anambra,Onitsha North,www.jumiaresourcesltd.net.ng,"CIT,VAT,WHT,CGT"
1fd3e2be-616a-499b-a39f-ca397d91daf5,RC-471735,2048780088667,GTBank Holdings NGO/Gte,Retail,NGO/Gte,3911047889.424381,3744901583.6864843,652620631.4056436,1123470475.1059453,149796063.34745938,1169,180326956.26165834,49757731.21387635,02-Apr-2013,2013,12-Jul-2024,Edo,Oredo,www.gtbankholdingsngo/gte.org.ng,"CIT,VAT,WHT,CGT"
deb379e2-ef64-4f0d-97bf-da16b9a57b83,RC-550307,2435233583585,Ardova Solutions LLP,Fintech,LLP,2355510344.7692113,1892042723.5408967,521482391.51691586,567612817.062269,75681708.94163586,1150,36536374.754261516,64121870.46234242,21-Jun-2015,2015,31-Dec-2024,Oyo,Akinyele,www.ardovasolutionsllp.com.ng,"CIT,VAT,WHT,CGT"
199a9892-9e2e-4011-b7fc-fe9a6dcd97ae,RC-972562,7343422163876,Decagon Enterprises Ltd,Manufacturing,Ltd,2937416836.819722,1557148584.9726663,299420561.36154974,467144575.4917999,62285943.39890665,868,243081483.32015324,62764933.40719533,14-Jan-2022,2022,18-Aug-2024,Plateau,Barkin Ladi,www.decagonenterprisesltd.net.ng,"CIT,VAT,WHT,CGT"
d4f7c15d-33b8-4b64-970e-7ae6b2312171,RC-110752,3568233607374,Ardova Global PLC,Retail,PLC,2207760126.9338727,1562187073.1448815,294651615.88638574,468656121.94346446,62487482.92579526,222,13001317.691953896,2803143.4049727004,22-Oct-2012,2012,01-Feb-2024,Delta,Uyo,www.ardovaglobalplc.com.ng,"CIT,VAT,WHT,CGT"
4623258e-726d-4191-b72e-5916a51aa439,RC-148700,5447826177071,Moniepoint Technologies NGO/Gte,Agro,NGO/Gte,380396849.9404041,310136001.2611197,56564672.50374118,93040800.37833591,12405440.05044479,1147,422951769.15495783,21086823.919891153,24-Dec-2022,2022,21-Sep-2024,Kwara,Offa,www.moniepointtechnologiesngo/gte.org.ng,"CIT,VAT,WHT,CGT"
427c4d54-2aaf-497d-aa33-45d8f81d7b0b,RC-472488,4558350644017,Sterling Bank Holdings PLC,Tech,PLC,295121632.0622565,240751720.72707897,51075064.750234306,72225516.21812369,9630068.82908316,797,129448599.76857507,7886861.669873887,02-Jul-2011,2011,11-May-2024,Kwara,Ilorin East,www.sterlingbankholdingsplc.ng,"CIT,VAT,WHT,CGT"
1461f496-f54a-43c0-8743-8ecb2e87c4a1,RC-323714,0614075314354,GTBank Global PLC,Agro,PLC,2789640295.0283337,2001985998.6680727,296517768.8947298,600595799.6004218,80079439.94672291,337,39579727.895670295,106064044.48157682,17-Nov-2011,2011,04-Aug-2025,Kano,Kano Municipal,www.gtbankglobalplc.com.ng,"CIT,VAT,WHT,CGT"
9674204e-c952-4917-92a9-484cc2e4810d,RC-388516,7482360730245,Interswitch Global NGO/Gte,Fintech,NGO/Gte,609683976.1086714,432374702.8333103,55197893.61213933,129712410.84999308,17294988.113332413,1007,464954062.17092276,26794087.47065504,25-Nov-2020,2020,07-Oct-2025,Akwa Ibom,Ikot Ekpene,www.interswitchglobalngo/gte.ng,"CIT,VAT,WHT,CGT"
ba93a741-de85-4744-8692-ab59300603da,RC-390555,7525887754205,Ardova Ventures PLC,Energy,PLC,3172389801.5587234,2602425169.4741173,783247645.22314,780727550.8422352,104097006.7789647,358,152984505.3688773,118073700.26752762,11-Aug-2015,2015,19-Jul-2024,Akwa Ibom,Ikot Ekpene,www.ardovaventuresplc.ng,"CIT,VAT,WHT,CGT"
24aa62f1-528e-4ba4-927b-a186e6700411,RC-755377,3340400032035,Spar Logistics Ltd,Fintech,Ltd,2032418259.8747296,1486725764.4958746,471374838.1597737,446017729.3487624,59469030.57983499,1127,219500095.90515605,61131170.62814791,20-Nov-2019,2019,01-Oct-2024,Delta,Uyo,www.sparlogisticsltd.com.ng,"CIT,VAT,WHT,CGT"
c9c3fbca-5e3f-4845-a9d0-59a67088f2e3,RC-905565,1546787580561,Rack Centre Technologies LLP,Manufacturing,LLP,3198773226.362811,2336460225.003557,682590259.6148787,700938067.5010672,93458409.00014229,743,96360447.16810885,141249768.35449526,18-Jan-2016,2016,02-Aug-2024,Delta,Warri South,www.rackcentretechnologiesllp.com.ng,"CIT,VAT,WHT,CGT"
ed1994fb-00f6-423d-a0e1-0aae0889ea51,RC-113026,2014372868457,Access Technologies Ltd,Manufacturing,Ltd,332288335.9550036,180106858.54467472,68391297.8508745,54032057.563402414,7204274.341786989,21,4828780.515717014,1298079.127255457,15-Aug-2020,2020,17-Mar-2024,Lagos,Alimosho,www.accesstechnologiesltd.net.ng,"CIT,VAT,WHT,CGT"
2fad5b46-06ca-4621-ab1b-2956793b722e,RC-893034,8783274008188,Seplat Ventures PLC,Agro,PLC,1066467837.9805646,591673888.7050827,170126378.58341247,177502166.6115248,23666955.548203308,599,268271920.2697429,34377614.38528013,16-Oct-2021,2021,03-Dec-2024,Akwa Ibom,Eket,www.seplatventuresplc.com.ng,"CIT,VAT,WHT,CGT"
47353f46-8ebc-44ca-bc9b-4b2dcb2e3067,RC-269123,7175684852082,UBA West Africa PLC,Manufacturing,PLC,770630348.0201546,615893807.7292647,72454501.70310679,184768142.3187794,24635752.30917059,754,98885211.8891672,9921939.997352133,10-Mar-2016,2016,27-Sep-2024,Akwa Ibom,Ikot Ekpene,www.ubawestafricaplc.ng,"CIT,VAT,WHT,CGT"
458c7c01-1560-41ac-823f-f9a039b30c5d,RC-923580,6621202045042,Spar Nigeria Ltd,Tech,Ltd,4767586284.771853,2985755218.5005546,764989712.9994699,895726565.5501664,119430208.74002218,1022,254428040.91519502,126021699.86478621,20-Jul-2018,2018,12-Nov-2025,Rivers,Ikwerre,www.sparnigerialtd.com.ng,"CIT,VAT,WHT,CGT"
983cf751-dedc-42e8-8f1f-72bce6623385,RC-283525,7568303388781,MainOne Solutions LLP,Energy,LLP,3847120474.188618,3452234606.255919,674775246.8143121,1035670381.8767756,138089384.25023675,568,66563098.20763017,84465523.9503229,24-Jan-2023,2023,21-Dec-2025,Akwa Ibom,Uyo,www.mainonesolutionsllp.com.ng,"CIT,VAT,WHT,CGT"
86bd66a1-10a8-46cd-9971-73ff2a9d6e74,RC-771094,1652734053621,Jumia Networks LLP,Agro,LLP,2258098858.838885,2224598752.396177,487786485.98017746,667379625.718853,88983950.09584707,72,15891943.76623569,158612765.7881277,06-Aug-2016,2016,30-Apr-2025,Anambra,Idemili South,www.jumianetworksllp.com.ng,"CIT,VAT,WHT,CGT"
b1c42a09-7f4e-4118-b6c2-27ade9aef47e,RC-482088,1212801712014,Pointek Nigeria PLC,Tech,PLC,1675060363.6051815,991898871.190944,239207199.3570373,297569661.3572832,39675954.84763776,955,195889468.71727014,49490280.293086596,22-Nov-2014,2014,28-Jan-2025,Akwa Ibom,Ikot Ekpene,www.pointeknigeriaplc.ng,"CIT,VAT,WHT,CGT"
18415379-2f9e-4f5c-874e-92278f83b003,RC-111875,6754120244240,AltSchool Industries LLP,Fintech,LLP,1056936655.6328858,879938028.1880072,184785569.08052322,263981408.45640215,35197521.12752029,949,194348388.76597482,2939617.4195615337,22-Feb-2024,2024,26-Oct-2024,Kaduna,Kaduna North,www.altschoolindustriesllp.com.ng,"CIT,VAT,WHT,CGT"
7a034ea6-ad1a-4278-93ae-fd4e3e1fc038,RC-577358,4080076833368,Glovo Holdings LLP,Retail,LLP,780321327.8239267,544683237.1642141,148047580.33244428,163404971.14926425,21787329.486568566,1196,566398135.6493086,32885211.70347228,11-Jun-2025,2025,13-Feb-2024,Rivers,Port Harcourt,www.glovoholdingsllp.com.ng,"CIT,VAT,WHT,CGT"
f7f91719-dacd-417f-8ff3-eab26c3fa0c3,RC-548207,0871535425211,Honeywell Enterprises PLC,Retail,PLC,2748296296.8635006,1786412277.3378203,564833944.881134,535923683.20134604,71456491.09351282,955,343222724.5101946,124609744.06611913,22-Dec-2016,2016,19-Aug-2025,Rivers,Okrika,www.honeywellenterprisesplc.ng,"CIT,VAT,WHT,CGT"
9b7d67c8-7e1e-40e4-a178-de32d72d4562,RC-604974,4483686603180,BUA Technologies LLP,Energy,LLP,791375380.5221189,547683221.7949044,153152882.62785816,164304966.5384713,21907328.871796176,970,304589836.7436683,10147192.06802883,10-Sep-2024,2024,26-Apr-2025,Kano,Nasarawa,www.buatechnologiesllp.com.ng,"CIT,VAT,WHT,CGT"
e5162b7d-b036-458f-b369-5840ec972e2e,RC-259777,7458450050085,Interswitch Systems Ltd,Retail,Ltd,441948401.1093964,238458731.43119308,61017920.76258843,71537619.42935792,9538349.257247724,16,4915493.545048768,9341882.530142866,11-May-2022,2022,04-Jun-2024,Kaduna,Kafanchan,www.interswitchsystemsltd.com.ng,"CIT,VAT,WHT,CGT"
fc570bf6-5aea-4864-9854-180245f396e0,RC-683934,4168858754137,NLNG Ventures NGO/Gte,Tech,NGO/Gte,378109093.2450185,330483844.1225442,64576400.87448717,99145153.23676327,13219353.76490177,935,346194623.3775782,22257375.355467163,13-Jun-2012,2012,30-Jan-2024,Lagos,Lagos Island,www.nlngventuresngo/gte.org.ng,"CIT,VAT,WHT,CGT"
d344dcdb-847a-4a5d-9f59-310e05fbf9b7,RC-952495,2277383053168,Filmhouse Networks LLP,Manufacturing,LLP,1064556800.795288,601374852.5458428,220164718.3659105,180412455.76375282,24054994.101833712,623,112143653.25414178,3452146.6851689117,08-Jan-2016,2016,02-Sep-2024,Kano,Gwale,www.filmhousenetworksllp.com.ng,"CIT,VAT,WHT,CGT"
6d44faa8-0e79-4feb-ab3b-0d06d58e8e08,RC-264949,3447831062684,Ardova Technologies PLC,Energy,PLC,3378948429.8140903,2354553180.7298164,426465398.57167256,706365954.2189449,94182127.22919266,314,131735584.58214429,153599936.61967912,10-Nov-2024,2024,11-May-2024,Lagos,Oshodi-Isolo,www.ardovatechnologiesplc.com.ng,"CIT,VAT,WHT,CGT"
008dff86-1941-4c57-badd-7a201da66bcf,RC-992362,5411556707431,FBN Global LLP,Manufacturing,LLP,4586999513.1170845,2921171324.9312806,870181569.8838135,876351397.4793842,116846852.99725123,550,273695696.0968289,29299586.139401976,20-Mar-2016,2016,12-Feb-2024,Kwara,Ilorin West,www.fbngloballlp.com.ng,"CIT,VAT,WHT,CGT"
8795f56d-8d85-44f9-b298-502224e66b2d,RC-609540,6035343447415,Jumia Enterprises NGO/Gte,Fintech,NGO/Gte,2424056418.232821,1949856351.023852,416415739.5229445,584956905.3071556,77994254.04095408,538,160958537.32633564,79770441.98466662,30-Jul-2014,2014,26-Jun-2024,Enugu,Nsukka,www.jumiaenterprisesngo/gte.org.ng,"CIT,VAT,WHT,CGT"
ed851faf-90b4-421c-834f-c33b2beb5e0d,RC-552286,3384564402455,Access Solutions NGO/Gte,Fintech,NGO/Gte,1547352655.4737105,997401550.9560006,146993365.6950346,299220465.28680015,39896062.03824002,43,7694776.330654498,34452299.35572969,17-Apr-2011,2011,31-Mar-2024,Rivers,Port Harcourt,www.accesssolutionsngo/gte.org.ng,"CIT,VAT,WHT,CGT"
2a607513-f873-4cf5-999c-0452577e3f0e,RC-236077,3352476072551,Honeywell Nigeria NGO/Gte,Tech,NGO/Gte,3618702814.3299003,2336207516.167123,662573264.2357649,700862254.8501369,93448300.64668491,791,73041401.46764874,19074086.92018764,18-Feb-2013,2013,09-Sep-2024,Abuja (FCT),Kwali,www.honeywellnigeriango/gte.ng,"CIT,VAT,WHT,CGT"
c225d7a1-8a41-4403-b5ee-2b647f0b4183,RC-909747,2872882461713,Zenith Bank Enterprises NGO/Gte,Retail,NGO/Gte,2996424414.8615437,2984580019.0957065,367898698.7615033,895374005.728712,119383200.76382826,876,379752983.3041604,8202844.098540914,12-Dec-2013,2013,18-Aug-2024,Kano,Gwale,www.zenithbankenterprisesngo/gte.org.ng,"CIT,VAT,WHT,CGT"
7d980ee4-f77e-4c04-b4ea-2c986e752ac0,RC-167888,2388343700062,Mikano Services PLC,Retail,PLC,1784158784.3388636,1340165200.7822404,324202212.32048213,402049560.2346721,53606608.031289615,303,111501715.44689272,28924082.15768858,10-Apr-2012,2012,09-Dec-2024,Rivers,Eleme,www.mikanoservicesplc.com.ng,"CIT,VAT,WHT,CGT"
10d05715-2700-4fd9-82a1-acf5f0621696,RC-685176,4337874464207,Jumia Solutions Ltd,Manufacturing,Ltd,1790916071.2094953,1091773282.157239,395382453.28110033,327531984.6471717,43670931.28628956,249,9393671.669708485,7830535.963967078,29-Sep-2018,2018,04-Oct-2025,Lagos,Lagos Island,www.jumiasolutionsltd.com.ng,"CIT,VAT,WHT,CGT"
3b17fb0c-4ed1-4926-b5d6-1c0080be0de2,RC-885796,2477142266830,Pointek Services Ltd,Energy,Ltd,4267283379.6221485,2136983423.448982,516988636.4704473,641095027.0346946,85479336.93795928,275,87144573.95385425,126028716.78907335,14-Jan-2012,2012,09-Oct-2025,Enugu,Nsukka,www.pointekservicesltd.com.ng,"CIT,VAT,WHT,CGT"
2b21cb7f-c671-4f24-a663-7df1fe05f6de,RC-660489,4620751610750,Nestle Ventures NGO/Gte,Agro,NGO/Gte,2537860234.2873354,1809526831.9376693,520596696.248401,542858049.5813007,72381073.27750677,546,31755601.28612048,81049.15572217648,24-Aug-2025,2025,04-Jun-2025,Lagos,Eti-Osa,www.nestleventuresngo/gte.ng,"CIT,VAT,WHT,CGT"
8c3e7afc-d0fd-4b38-ad5a-3da20f3fc19d,RC-709457,6478767257066,NLNG Logistics PLC,Manufacturing,PLC,2928504066.480475,2078759329.60523,261343353.22850367,623627798.881569,83150373.18420921,851,379974314.13642555,126246566.69551964,02-Apr-2019,2019,24-Nov-2024,Lagos,Alimosho,www.nlnglogisticsplc.ng,"CIT,VAT,WHT,CGT"
33d504a7-cbff-45c5-b2ae-44e5a46f46ce,RC-724390,2454606527663,Honeywell Ventures Ltd,Agro,Ltd,2467062445.269481,1429824934.0103214,351313891.97086126,428947480.2030964,57192997.36041286,311,148890999.25339866,49966616.24691318,29-Aug-2014,2014,09-Apr-2024,Akwa Ibom,Ikot Ekpene,www.honeywellventuresltd.com.ng,"CIT,VAT,WHT,CGT"
15bb39d8-8c14-4764-bafe-4e6488496823,RC-656923,7825477763855,Access Technologies LLP,Manufacturing,LLP,64061858.00964403,54555909.4460433,10618198.091855126,16366772.83381299,0.0,1134,96975464.90018402,3997591.79337809,03-Mar-2016,2016,25-May-2024,Enugu,Udi,www.accesstechnologiesllp.com.ng,"CIT,VAT,WHT,CGT"
9340c178-f42c-4a2c-a781-410d49189c8c,RC-540987,4705352582366,UBA Technologies PLC,Fintech,PLC,3679924225.2531753,3342487736.108164,830017172.0511956,1002746320.8324491,133699509.44432655,28,12979933.333395,67773233.22924106,10-Apr-2025,2025,12-Jun-2025,Lagos,Surulere,www.ubatechnologiesplc.ng,"CIT,VAT,WHT,CGT"
75c08780-bda8-41cc-a815-7052fff83471,RC-746923,8365208343815,Seplat Ventures NGO/Gte,Tech,NGO/Gte,699161768.4706703,354291525.05800605,87797624.19193505,106287457.51740181,14171661.002320243,321,132258101.11335674,6461567.9305691505,15-Jan-2016,2016,18-Jan-2025,Kaduna,Kaduna South,www.seplatventuresngo/gte.org.ng,"CIT,VAT,WHT,CGT"
a511135a-a437-4e5a-93c4-ae312dd5d449,RC-834174,8733601858663,MainOne Industries NGO/Gte,Tech,NGO/Gte,790299257.1605886,435411987.28888047,134221817.1912253,130623596.18666413,17416479.491555218,872,47518791.47666938,13869104.666776922,24-Mar-2021,2021,18-Jul-2025,Akwa Ibom,Eket,www.mainoneindustriesngo/gte.ng,"CIT,VAT,WHT,CGT"
9a35c213-7c75-4e2c-98d0-164bec92ca0c,RC-456183,1335010106146,AltSchool Holdings NGO/Gte,Fintech,NGO/Gte,3174326838.0550513,2279571445.4685283,770242747.7544693,683871433.6405585,91182857.81874113,847,248824976.11554968,66120825.62716748,17-Nov-2014,2014,21-Apr-2025,Lagos,Eti-Osa,www.altschoolholdingsngo/gte.ng,"CIT,VAT,WHT,CGT"
e55786a0-2684-4c8f-a432-21444fb6dd6e,RC-474014,6644772226764,MTN Resources PLC,Energy,PLC,1696998831.9715722,1246234321.191474,233973658.07900995,373870296.3574422,49849372.84765896,125,61000112.264287174,25270286.122883316,25-Jul-2018,2018,29-Apr-2025,Plateau,Jos South,www.mtnresourcesplc.com.ng,"CIT,VAT,WHT,CGT"
1ca0487f-730d-4eb0-8b72-cbd8175847aa,RC-209452,8256668825427,Silverbird Solutions LLP,Tech,LLP,3601144712.28379,2240803904.829681,891044320.710429,672241171.4489043,89632156.19318724,1144,127576330.7942647,68461112.17109442,04-Jul-2013,2013,16-Jan-2025,Lagos,Ifako-Ijaiye,www.silverbirdsolutionsllp.com.ng,"CIT,VAT,WHT,CGT"
f4eb5afd-92ce-4daa-9b44-61e273f25f64,RC-988187,3706404053243,Spar Systems NGO/Gte,Tech,NGO/Gte,407587748.6376634,281221800.4062024,55733346.19362923,84366540.12186071,11248872.016248096,734,318320590.2006227,13567788.903659454,09-May-2019,2019,28-Oct-2024,Abuja (FCT),Kwali,www.sparsystemsngo/gte.org.ng,"CIT,VAT,WHT,CGT"
4401226b-964b-47e3-8eea-f412156a6fbb,RC-957212,6048302581574,Coscharis Global LLP,Fintech,LLP,4264585076.9414744,2769895815.3437696,1022323215.3644245,830968744.6031308,110795832.61375079,796,317340888.2755678,162149962.1621725,28-Oct-2015,2015,06-Sep-2025,Akwa Ibom,Uyo,www.coscharisgloballlp.com.ng,"CIT,VAT,WHT,CGT"
99d95255-acc7-4117-af8b-261fbcb765fa,RC-442885,0273677734036,Nigerian Breweries Solutions NGO/Gte,Retail,NGO/Gte,1652154648.6154418,1419729727.5758922,317080881.3007214,425918918.27276766,56789189.10303569,516,213285812.91527596,69522044.66888654,14-Feb-2014,2014,09-Sep-2024,Kaduna,Zaria,www.nigerianbreweriessolutionsngo/gte.ng,"CIT,VAT,WHT,CGT"
eae4e9b3-4f5b-4403-90ba-1b796ab233d7,RC-630198,8145148007840,AltSchool Services NGO/Gte,Energy,NGO/Gte,3737038884.9146566,3407649650.912163,364697182.9837949,1022294895.2736487,136305986.0364865,782,349648339.632858,21738947.52338164,21-Sep-2014,2014,02-Dec-2024,Plateau,Jos North,www.altschoolservicesngo/gte.org.ng,"CIT,VAT,WHT,CGT"
1b34daf1-0ea1-4519-92ed-7a886e2d6578,RC-668251,0555706211628,Moniepoint West Africa Ltd,Fintech,Ltd,2068450766.8057852,2060297331.980313,290751865.03126717,618089199.5940939,82411893.27921252,349,78123447.40288486,138747759.8684666,18-Sep-2013,2013,15-Apr-2025,Anambra,Awka South,www.moniepointwestafricaltd.net.ng,"CIT,VAT,WHT,CGT"
53549149-220d-419c-ba63-64243430a6db,RC-945449,4352148486343,Ibeto Ventures Ltd,Agro,Ltd,4674531542.93293,4323304744.1617365,884524261.0041845,1296991423.2485209,172932189.76646945,110,40026838.21774125,183918400.07498607,19-Aug-2023,2023,15-May-2024,Abuja (FCT),Abaji,www.ibetoventuresltd.net.ng,"CIT,VAT,WHT,CGT"
3a17e5d2-938f-4531-88bc-64576d7b7431,RC-512194,8231243261630,Silverbird Enterprises PLC,Retail,PLC,170593127.67988297,99596461.77373299,39783287.098665036,29878938.532119896,0.0,361,137326176.452861,2755873.186221255,22-Aug-2025,2025,13-May-2024,Edo,Oredo,www.silverbirdenterprisesplc.com.ng,"CIT,VAT,WHT,CGT"
6123dc49-2aa4-473b-8a4e-49a9511fdd35,RC-166995,2851585520273,Interswitch Group NGO/Gte,Fintech,NGO/Gte,4462336628.028051,3303230122.9380507,810609269.0824375,990969036.8814151,132129204.91752203,681,155255336.73058134,74409847.80350602,15-Dec-2013,2013,26-Sep-2025,Anambra,Onitsha North,www.interswitchgroupngo/gte.ng,"CIT,VAT,WHT,CGT"
52bd4794-7a8d-4e14-a090-efa28c674b7d,RC-811785,1782833867703,Genesis Group Services NGO/Gte,Retail,NGO/Gte,4698952609.488931,3197107150.2322946,677940421.2072183,959132145.0696883,127884286.00929178,30,6443447.302060353,116526251.08418432,16-May-2018,2018,17-Jan-2025,Ogun,Abeokuta North,www.genesisgroupservicesngo/gte.ng,"CIT,VAT,WHT,CGT"
f5183841-34b3-4daa-99d9-c91c0fa895df,RC-814449,5765122557725,Elizade Resources LLP,Retail,LLP,4716952008.549154,3195486191.5359755,855520328.8476032,958645857.4607927,127819447.66143902,445,193579377.1607575,1072472.2161360027,15-Aug-2022,2022,13-Apr-2024,Rivers,Okrika,www.elizaderesourcesllp.com.ng,"CIT,VAT,WHT,CGT"
6a7bba6c-c604-4f38-893f-38eeaaa6b7d8,RC-676856,6107886803261,Rack Centre Enterprises PLC,Tech,PLC,1886757417.4876797,1195547828.6303742,349096654.62070245,358664348.5891122,47821913.14521497,16,569976.0975324041,78196188.54491624,27-Nov-2016,2016,28-Jan-2026,Ogun,Abeokuta South,www.rackcentreenterprisesplc.com.ng,"CIT,VAT,WHT,CGT"
57ea365b-b9d9-40ef-a009-d58f3cf84855,RC-364871,4121114344826,Flutterwave Technologies Ltd,Manufacturing,Ltd,3493618842.464336,2954621842.3645415,382265297.07967204,886386552.7093624,118184873.69458166,1161,211195428.91491494,61963576.75208108,04-Apr-2015,2015,08-Oct-2025,Edo,Egor,www.flutterwavetechnologiesltd.com.ng,"CIT,VAT,WHT,CGT"
e864da9d-a8b3-4780-b151-427005b26853,RC-152455,4725283773185,Cadbury Solutions LLP,Retail,LLP,2033701140.5495694,1631994829.6029315,369860687.4976831,489598448.8808794,65279793.184117265,890,84086786.45139304,47753000.524395905,10-Dec-2013,2013,19-Jan-2026,Oyo,Ibadan North,www.cadburysolutionsllp.com.ng,"CIT,VAT,WHT,CGT"
3fc1e121-53b8-4f29-a751-c345363b5ca2,RC-890849,1685501660841,Sterling Ventures NGO/Gte,Tech,NGO/Gte,3155716041.2134666,2751659798.789445,715487127.6562544,825497939.6368334,110066391.9515778,634,295817884.7032642,50352044.72801008,24-Mar-2013,2013,17-Aug-2024,Lagos,Lagos Island,www.sterlingventuresngo/gte.org.ng,"CIT,VAT,WHT,CGT"
4537af57-a5d2-4dd6-a993-90e4aa43401d,RC-777182,6601287026422,Stanbic Systems NGO/Gte,Tech,NGO/Gte,1683607620.0862098,1647109041.09345,208721552.68075988,494132712.328035,65884361.643738,1162,533357384.40680265,50870725.5797515,19-Sep-2012,2012,13-Jun-2025,Enugu,Nsukka,www.stanbicsystemsngo/gte.org.ng,"CIT,VAT,WHT,CGT"
636e88fc-5f24-4164-a4c3-92aeef1e1e8e,RC-290631,1662586651881,GIG Logistics Logistics NGO/Gte,Agro,NGO/Gte,4408683431.430632,2738097991.4596815,832164247.9501871,821429397.4379045,109523919.65838726,759,89484619.67614229,54764020.217368305,23-Mar-2014,2014,24-Nov-2024,Lagos,Oshodi-Isolo,www.giglogisticslogisticsngo/gte.org.ng,"CIT,VAT,WHT,CGT"
328ce6bf-8394-4480-996d-c9609a082dfa,RC-322487,8100778768154,Palmpay Ventures Ltd,Manufacturing,Ltd,3359292728.7570724,3265563143.5504103,427556494.939398,979668943.0651231,130622525.74201642,171,73144046.13973105,19187516.39543437,25-Apr-2022,2022,09-Dec-2025,Oyo,Ibadan South-West,www.palmpayventuresltd.net.ng,"CIT,VAT,WHT,CGT"
acc0f7de-861a-4788-b93d-fd5096e27322,RC-164733,3200356803301,Palmpay Group LLP,Energy,LLP,1466599918.4147704,1463287297.0874088,186997844.74591696,438986189.1262226,58531491.88349635,1063,354807495.9571977,93228632.40676756,18-Dec-2025,2025,08-Oct-2024,Akwa Ibom,Ikot Ekpene,www.palmpaygroupllp.com.ng,"CIT,VAT,WHT,CGT"
8a92924d-a6d7-4640-a5a8-ed6683a6154d,RC-579802,7287012358657,Kuda Enterprises NGO/Gte,Energy,NGO/Gte,3634354892.7970877,2771095045.074923,825503308.458515,831328513.5224769,110843801.80299692,1098,121864420.42817174,196794551.83014756,07-Jul-2020,2020,11-Feb-2025,Kano,Nasarawa,www.kudaenterprisesngo/gte.org.ng,"CIT,VAT,WHT,CGT"
e48912d1-a847-4a6d-8ceb-a92d28cbbb2b,RC-375073,8480505243228,Chi Resources NGO/Gte,Retail,NGO/Gte,1905823696.6871746,1830392962.5168262,179913650.6661451,549117888.7550478,73215718.50067304,302,82959144.63483931,103176732.94330485,05-Mar-2025,2025,23-Sep-2025,Abuja (FCT),Abaji,www.chiresourcesngo/gte.org.ng,"CIT,VAT,WHT,CGT"
2a1b16aa-49d2-443f-9647-c9ab54c048f0,RC-866430,3367331614857,Andela Ventures NGO/Gte,Retail,NGO/Gte,541862526.7142626,356908772.49473417,117481687.36190072,107072631.74842025,14276350.899789367,846,417481851.094573,4797178.459916539,08-Feb-2024,2024,06-Aug-2025,Ogun,Ijebu Ode,www.andelaventuresngo/gte.org.ng,"CIT,VAT,WHT,CGT"
3699abe7-2896-45e9-878b-c4bf2e875aff,RC-462713,1564124707805,Kuda Technologies LLP,Tech,LLP,4836649189.062504,3035956038.3571615,609080039.5670846,910786811.5071484,121438241.53428647,720,309486179.91439587,183311492.02212024,18-Aug-2024,2024,03-Sep-2025,Kano,Kano Municipal,www.kudatechnologiesllp.com.ng,"CIT,VAT,WHT,CGT"
2130e382-7f0a-4edf-8d93-7df7816ce0f3,RC-547406,5015345851775,Access Holdings NGO/Gte,Energy,NGO/Gte,1571872764.9273074,1249324817.8443549,374797647.8309299,374797445.3533065,49972992.7137742,679,175284697.61897528,76169610.31303224,17-Aug-2025,2025,20-Mar-2025,Enugu,Udi,www.accessholdingsngo/gte.org.ng,"CIT,VAT,WHT,CGT"
187f043b-9734-4ff5-a8f9-8209131c540f,RC-644469,0721346212585,Semicolon Africa Solutions Ltd,Tech,Ltd,1170264291.8951418,1071317466.5148079,274926168.92480785,321395239.9544424,42852698.66059232,170,26202731.273948755,4324770.319323267,01-Sep-2016,2016,30-Oct-2025,Plateau,Jos South,www.semicolonafricasolutionsltd.net.ng,"CIT,VAT,WHT,CGT"
9c8d4008-066e-437c-ac8c-7e93f8ea21d5,RC-556023,5514160748138,Genesis Group Enterprises PLC,Agro,PLC,4119362851.541895,2964574225.050959,367149669.67193586,889372267.5152878,118582969.00203836,65,21122031.590774234,49801642.77086377,29-Aug-2019,2019,24-Mar-2024,Lagos,Ikeja,www.genesisgroupenterprisesplc.com.ng,"CIT,VAT,WHT,CGT"
abb4d409-0ad5-4876-a5b5-29c0e4efc44a,RC-123319,5273126337276,Pointek Enterprises LLP,Agro,LLP,2919376548.0122347,1881810159.0766551,275715244.1445616,564543047.7229965,75272406.36306621,405,163936035.8347818,113905923.493813,07-Dec-2016,2016,13-Jul-2024,Akwa Ibom,Eket,www.pointekenterprisesllp.com.ng,"CIT,VAT,WHT,CGT"
86d63b58-1bca-4015-84ab-bdd1d7725d74,RC-205461,8061342332500,BUA Cement Logistics NGO/Gte,Tech,NGO/Gte,4369770643.853426,3683832724.7999835,393435520.460812,1105149817.439995,147353308.99199936,915,314379731.3271913,148582499.80806944,13-Nov-2025,2025,19-Jul-2025,Enugu,Nsukka,www.buacementlogisticsngo/gte.org.ng,"CIT,VAT,WHT,CGT"
a88c8eaf-a928-467e-b41e-336908932545,RC-188384,3477528745144,Galaxy Backbone Technologies PLC,Fintech,PLC,3015087400.252254,1796799114.987655,305703227.02506924,539039734.4962964,71871964.5995062,390,174533857.84423578,31027532.537794724,20-Apr-2021,2021,05-May-2025,Oyo,Egbeda,www.galaxybackbonetechnologiesplc.ng,"CIT,VAT,WHT,CGT"
d5be43aa-e99c-4dda-b6c2-5c5b7fcd9163,RC-389710,1041448600218,Jumia Global PLC,Energy,PLC,2324572050.062305,2024164524.8225918,347807915.72486454,607249357.4467775,80966580.99290368,323,57650958.31295389,38969060.87397841,23-Apr-2013,2013,15-Jun-2025,Rivers,Obio-Akpor,www.jumiaglobalplc.com.ng,"CIT,VAT,WHT,CGT"
94564c56-782e-487d-a617-53541c1b755e,RC-983818,5750717232666,Mikano West Africa PLC,Manufacturing,PLC,2373283457.3666844,1219546910.1346235,423720404.671258,365864073.04038703,48781876.40538494,795,106337211.2097431,72205019.9244827,28-Feb-2024,2024,12-Apr-2025,Lagos,Alimosho,www.mikanowestafricaplc.ng,"CIT,VAT,WHT,CGT"
9f800c59-7125-4ee6-8a2d-e31b75bb7b9f,RC-864663,6668661885121,Dangote Sugar Services NGO/Gte,Manufacturing,NGO/Gte,1794139639.119377,1616698922.5730054,254143046.66704226,485009676.7719016,64667956.90292022,794,238602621.81225497,101471651.62752417,07-Jul-2025,2025,06-Apr-2025,Oyo,Ibadan North,www.dangotesugarservicesngo/gte.ng,"CIT,VAT,WHT,CGT"
2ab66be6-24d0-47b8-944a-11fb1cd0c0c1,RC-187037,8638182463075,UBA Resources LLP,Fintech,LLP,3999772836.0052986,2681958600.855381,842462409.702805,804587580.2566143,107278344.03421524,363,71151363.73010725,147821455.7492814,23-Sep-2014,2014,02-Sep-2025,Lagos,Alimosho,www.ubaresourcesllp.com.ng,"CIT,VAT,WHT,CGT"
3fa739f4-329e-453b-8712-e2dd4747a9bd,RC-931851,3283766818126,Semicolon Group Ltd,Manufacturing,Ltd,3850494584.931993,2091999650.5223389,404221194.60589236,627599895.1567017,83679986.02089356,283,86497444.95785204,86391052.64385402,04-Jul-2017,2017,01-Jul-2025,Kano,Tarauni,www.semicolongroupltd.net.ng,"CIT,VAT,WHT,CGT"
62b8b0db-70a3-4a7e-b3ea-5ee3ecd261dd,RC-102432,1308685318476,Konga Systems PLC,Energy,PLC,869534015.8644259,575315351.773753,196238492.8570368,172594605.53212592,23012614.07095012,556,267961601.2772919,36824057.31383488,19-Jan-2023,2023,30-Dec-2024,Kaduna,Kaduna North,www.kongasystemsplc.com.ng,"CIT,VAT,WHT,CGT"
81d30fbd-191e-464c-8023-1de7b1a51d0d,RC-603624,1614788700136,OPay Group LLP,Tech,LLP,14033183.833998054,8898084.969557548,1947410.9062287312,0.0,0.0,348,79783687.40709943,643550.7197075266,12-Feb-2011,2011,18-Jan-2025,Lagos,Mushin,www.opaygroupllp.com.ng,"CIT,VAT,WHT,CGT"
e7294d35-ed96-44b2-91b5-df600149f922,RC-128580,4045751470236,Palmpay Industries Ltd,Manufacturing,Ltd,1424667658.238902,1162850762.008819,221532916.437303,348855228.6026457,46514030.48035277,411,175656090.27538607,43546856.2671525,03-Dec-2014,2014,14-Mar-2025,Kano,Tarauni,www.palmpayindustriesltd.com.ng,"CIT,VAT,WHT,CGT"
9b802266-c038-477b-a31d-ea94b4daf3aa,RC-838499,5560685651664,Eroton Enterprises PLC,Agro,PLC,4277255674.588057,3124144154.6944437,897269832.0655911,937243246.4083331,124965766.18777776,677,224514928.7720703,160257897.38665512,02-May-2019,2019,06-Sep-2025,Delta,Warri South,www.erotonenterprisesplc.com.ng,"CIT,VAT,WHT,CGT"
5d35a2ef-ef1c-4e4d-9ee5-f1c261150eb2,RC-274959,8240313830257,Interswitch Resources LLP,Retail,LLP,2091712325.8915622,1434565535.6008804,266228540.52895606,430369660.6802641,57382621.424035214,272,93588072.51830363,39280509.33741349,29-Dec-2014,2014,02-Jun-2025,Rivers,Obio-Akpor,www.interswitchresourcesllp.com.ng,"CIT,VAT,WHT,CGT"
f43ae28d-da93-491e-a9d0-96afd5345f9e,RC-204060,2512610388154,Interswitch Nigeria NGO/Gte,Agro,NGO/Gte,3191724058.1986246,2095286972.9632661,795093794.4451706,628586091.8889798,83811478.91853064,914,156253051.0908192,130081539.3006344,27-Nov-2023,2023,01-Aug-2025,Oyo,Akinyele,www.interswitchnigeriango/gte.org.ng,"CIT,VAT,WHT,CGT"
13215013-a4b6-43df-9168-4b26265b978b,RC-927651,8516145614317,Kuda Nigeria LLP,Manufacturing,LLP,2722733439.9369097,1766956217.7571135,575320955.440198,530086865.327134,70678248.71028455,1100,429609736.2407103,56776847.85944584,16-May-2025,2025,29-Oct-2025,Kano,Nasarawa,www.kudanigeriallp.com.ng,"CIT,VAT,WHT,CGT"
45a8bcd7-82c4-4bc0-bb03-b789d0ef88c2,RC-985255,0651634745532,Palmpay Ventures LLP,Agro,LLP,4858784741.067547,4434798043.997372,1086543571.2614508,1330439413.1992114,177391921.75989488,849,194643086.57293087,263607922.77302772,24-Apr-2023,2023,22-Oct-2025,Ogun,Ijebu Ode,www.palmpayventuresllp.com.ng,"CIT,VAT,WHT,CGT"
9d50dedb-fad3-4f38-8543-9b7b93cdd3d8,RC-733980,2667471513384,FBN Ventures LLP,Tech,LLP,1449926509.7002409,859800652.2173251,328924645.7940169,257940195.66519752,34392026.08869301,954,302364345.73434454,26602737.329669025,31-Aug-2020,2020,01-Jan-2025,Anambra,Nnewi North,www.fbnventuresllp.com.ng,"CIT,VAT,WHT,CGT"
21eb04f1-3bcf-44da-adb6-95c137fc5437,RC-426512,7082405827710,BUA Global LLP,Retail,LLP,2172499461.7980866,1940959414.3286438,512170926.44447434,582287824.2985932,77638376.57314575,522,156903858.33413836,78315317.7544628,17-Nov-2023,2023,16-Feb-2024,Abuja (FCT),Bwari,www.buagloballlp.com.ng,"CIT,VAT,WHT,CGT"
25f8c499-8985-4585-b001-6e0fd594be2c,RC-913368,0702212515335,Elizade West Africa Ltd,Manufacturing,Ltd,4891135041.3492775,3409226141.051971,993223266.8885015,1022767842.3155912,136369045.64207885,650,144392135.4436791,143095044.903139,11-Aug-2024,2024,12-Jun-2024,Kano,Gwale,www.elizadewestafricaltd.com.ng,"CIT,VAT,WHT,CGT"
652fc7ee-486b-4363-b11e-87248fdb9870,RC-734440,7242542007462,Filmhouse Systems LLP,Fintech,LLP,761148095.5038615,408532407.4598241,85663322.35241781,122559722.23794723,16341296.298392965,378,90381888.40523899,2063221.9417921507,12-Apr-2020,2020,17-Jan-2026,Oyo,Akinyele,www.filmhousesystemsllp.com.ng,"CIT,VAT,WHT,CGT"
55e03ce6-c162-4ae1-8f50-fc9cfb15c94c,RC-273194,4400545572300,Dangote Sugar Industries PLC,Energy,PLC,2571599182.1270404,1725507143.9521315,422101992.0261845,517652143.18563944,69020285.75808527,136,22991292.672666505,11348438.12364831,24-Jan-2016,2016,29-Jun-2024,Anambra,Onitsha North,www.dangotesugarindustriesplc.ng,"CIT,VAT,WHT,CGT"
f2710bad-6201-443d-a03f-d3a491e169e9,RC-750591,1525413762671,Zenith Ventures Ltd,Manufacturing,Ltd,3715704641.745217,3231601892.5820065,547156452.3296055,969480567.7746019,129264075.70328026,1140,91860265.67215419,116890313.50066209,06-Aug-2013,2013,19-Mar-2025,Lagos,Lagos Island,www.zenithventuresltd.com.ng,"CIT,VAT,WHT,CGT"
44a38839-0c90-41e9-aa6f-49a9fd517f32,RC-920271,5880005606302,Konga Resources LLP,Tech,LLP,997132032.9265516,834441812.7953758,221924221.4127736,250332543.83861274,33377672.511815034,253,68836530.97833714,39006122.161535546,31-Jul-2021,2021,14-Oct-2024,Rivers,Okrika,www.kongaresourcesllp.com.ng,"CIT,VAT,WHT,CGT"
52fce046-5392-4a44-98f3-e38a87668965,RC-833957,4768073545536,Access Bank Nigeria PLC,Agro,PLC,1507766834.6183612,1092018220.395213,261696852.7017024,327605466.11856383,43680728.81580852,935,363509175.5869162,76569931.1702601,01-Sep-2023,2023,14-Dec-2024,Lagos,Mushin,www.accessbanknigeriaplc.ng,"CIT,VAT,WHT,CGT"
712fc287-9a03-418b-aa6c-a8767f7fc689,RC-396292,3530087317155,Andela Technologies NGO/Gte,Energy,NGO/Gte,2338822150.687655,1224961423.6210093,317989953.84024566,367488427.0863028,48998456.94484037,1128,515383670.3737273,72737042.63992816,01-Mar-2025,2025,18-Oct-2024,Kano,Tarauni,www.andelatechnologiesngo/gte.org.ng,"CIT,VAT,WHT,CGT"
a3dbce57-5bb6-46af-a25a-958a88d7e70a,RC-100281,5437045710430,Pointek Holdings LLP,Energy,LLP,1116602061.2778447,723638118.7901987,173490369.14946458,217091435.6370596,28945524.751607947,1160,152734561.22757217,16349504.130022611,29-Oct-2013,2013,17-Apr-2025,Oyo,Egbeda,www.pointekholdingsllp.com.ng,"CIT,VAT,WHT,CGT"
8e9fbced-457c-4ffd-ab09-11fe56e858fd,RC-460583,7663765713434,Glovo Holdings Ltd,Energy,Ltd,3926185680.991912,2137429264.0282211,830758659.890726,641228779.2084663,85497170.56112884,222,37239240.305323,16111314.998891257,31-Aug-2021,2021,04-Mar-2025,Kaduna,Kafanchan,www.glovoholdingsltd.net.ng,"CIT,VAT,WHT,CGT"
243c126c-0d47-4ee0-8763-90b262812a90,RC-163989,1162573844753,Opay Ventures LLP,Tech,LLP,1522400616.3285675,1300642418.2797678,225252393.8643462,390192725.4839303,52025696.73119071,1132,34165689.90888632,54638764.433021635,19-Sep-2011,2011,09-Jun-2024,Kano,Kano Municipal,www.opayventuresllp.com.ng,"CIT,VAT,WHT,CGT"
d1582b40-c03e-4e3c-a929-d07d3e1bd582,RC-707954,4776064167006,Ardova Networks NGO/Gte,Retail,NGO/Gte,1137333039.673404,747648963.2074931,263450809.9949997,224294688.9622479,29905958.528299723,57,13363228.118945254,28397823.876896434,10-Jan-2013,2013,20-Nov-2024,Abuja (FCT),Kuje,www.ardovanetworksngo/gte.org.ng,"CIT,VAT,WHT,CGT"
fcbba296-8bdf-48ef-bd37-fcbbb5c3288f,RC-113132,1038404557444,Flour Mills Systems PLC,Energy,PLC,3657257075.0645633,2344376566.730002,406570094.23119843,703312970.0190005,93775062.66920008,1016,364494232.4947923,45884536.95947438,07-Nov-2024,2024,05-Feb-2024,Akwa Ibom,Eket,www.flourmillssystemsplc.ng,"CIT,VAT,WHT,CGT"
82aa041c-2659-46b4-afb0-11605ad83c45,RC-588912,2167866137502,MTN Networks Ltd,Agro,Ltd,2226974321.705108,1831902159.6017125,453513731.56762785,549570647.8805137,73276086.3840685,1146,279358920.9938222,79891901.8181444,09-Oct-2014,2014,28-Nov-2024,Kano,Tarauni,www.mtnnetworksltd.net.ng,"CIT,VAT,WHT,CGT"
39630ce2-811f-4067-84d6-a7a5b69da8c5,RC-708286,7445752401076,Rack Centre Global PLC,Energy,PLC,866606751.6540619,681033528.6278841,138340956.16820976,204310058.58836523,27241341.145115368,623,196258116.19944307,45971815.70595188,28-Sep-2018,2018,23-Nov-2024,Edo,Oredo,www.rackcentreglobalplc.com.ng,"CIT,VAT,WHT,CGT"
c6207a1f-7147-4ccd-926c-02ae27038246,RC-721162,8542482807306,ABC Transport Systems NGO/Gte,Energy,NGO/Gte,2248323587.001571,1699671833.2463684,453550056.7187838,509901549.9739105,67986873.32985474,473,117552363.6033802,88719173.84683338,15-Jan-2021,2021,13-Feb-2025,Abuja (FCT),Abaji,www.abctransportsystemsngo/gte.ng,"CIT,VAT,WHT,CGT"
0ad6fa7e-e712-4912-a924-1b7218582819,RC-100234,5867216185408,MTN Enterprises LLP,Retail,LLP,3752496817.5822964,3584076196.0873623,464413478.8551164,1075222858.8262086,143363047.8434945,822,128043503.21391681,223532020.1238178,18-Jul-2015,2015,09-Feb-2024,Delta,Ughelli North,www.mtnenterprisesllp.com.ng,"CIT,VAT,WHT,CGT"
cf04dbeb-5080-406e-8ce9-268495061d26,RC-307784,0317366022456,Elizade Global NGO/Gte,Tech,NGO/Gte,1515808927.4062831,800227799.0379336,279248860.88848644,240068339.71138006,32009111.961517345,177,39774261.98288724,49897776.14819653,13-Oct-2014,2014,25-Feb-2024,Anambra,Nnewi North,www.elizadeglobalngo/gte.org.ng,"CIT,VAT,WHT,CGT"
a916e646-f449-4e6b-86d7-294120cb1e7e,RC-881102,2033386428765,UBA Group PLC,Manufacturing,PLC,4706004271.509165,2384122379.171988,699995310.3066424,715236713.7515963,95364895.16687952,139,7375493.886944493,93875464.32794948,03-Nov-2024,2024,07-Dec-2025,Rivers,Obio-Akpor,www.ubagroupplc.ng,"CIT,VAT,WHT,CGT"
013153c4-3e20-4a40-900d-df1cc243228b,RC-283566,7081406777541,Honeywell Resources LLP,Manufacturing,LLP,3624312184.64974,2255852731.2941146,532063991.35700095,676755819.3882344,90234109.25176458,873,208164305.19969583,56215321.118227646,28-Apr-2014,2014,19-Jan-2026,Lagos,Ifako-Ijaiye,www.honeywellresourcesllp.com.ng,"CIT,VAT,WHT,CGT"
ba4830f0-257e-4279-bd74-7ea198b7db15,RC-719182,6761180203884,Access Bank Logistics PLC,Tech,PLC,3576898847.847193,2529896954.8152256,736352206.9064962,758969086.4445677,101195878.19260903,71,21080057.15505121,51449490.74781362,08-Nov-2025,2025,14-Sep-2024,Rivers,Port Harcourt,www.accessbanklogisticsplc.com.ng,"CIT,VAT,WHT,CGT"
6827d0e0-046b-4ef8-8caf-7127b3f79ea5,RC-629341,8314525172834,Airtel Nigeria Ltd,Energy,Ltd,880736956.7508303,556862228.2849158,183863346.33017492,167058668.48547474,22274489.131396633,256,36770087.808347754,24345561.859045863,25-Jul-2013,2013,07-Apr-2025,Ogun,Abeokuta North,www.airtelnigerialtd.com.ng,"CIT,VAT,WHT,CGT"
8ee3285e-b091-4e47-bf1a-48b761b8cfd5,RC-329050,4484855650703,Elizade Logistics PLC,Energy,PLC,126591776.09382038,64954988.7684196,10876355.654948762,19486496.63052588,0.0,58,1852449.7335404838,2863898.190194782,04-Dec-2019,2019,12-May-2025,Oyo,Ibadan South-West,www.elizadelogisticsplc.ng,"CIT,VAT,WHT,CGT"
eb00d391-d3b9-4837-a717-aa1e29dbde42,RC-150663,8224820275046,Zenith Group LLP,Tech,LLP,3618039612.04786,3305547115.7840767,838871181.9510262,991664134.7352229,132221884.63136306,432,167898724.4301031,196131938.4585999,28-Sep-2020,2020,27-Mar-2024,Ogun,Abeokuta South,www.zenithgroupllp.com.ng,"CIT,VAT,WHT,CGT"
17e65e23-ca71-4c56-b2e0-dd1ee324f934,RC-119323,4833448374042,BUA Cement Group Ltd,Retail,Ltd,1170332500.2682498,611141408.2122247,199644678.6422434,183342422.46366742,24445656.32848899,803,271880849.7331664,37298469.97120692,21-Dec-2012,2012,08-Oct-2025,Oyo,Akinyele,www.buacementgroupltd.com.ng,"CIT,VAT,WHT,CGT"
f1f3b893-0ad1-49eb-a17b-0419748e2f19,RC-474194,4670222560752,Semicolon West Africa PLC,Manufacturing,PLC,4813689953.784774,3807258809.470112,424785364.2016417,1142177642.8410335,152290352.37880448,791,361102062.17364275,11579934.883901237,30-May-2017,2017,24-Aug-2024,Rivers,Obio-Akpor,www.semicolonwestafricaplc.com.ng,"CIT,VAT,WHT,CGT"
ddfa5d9d-b03b-47d4-9d4b-35e97e5fe0fe,RC-214511,3616124673430,Ardova Technologies NGO/Gte,Energy,NGO/Gte,1595375029.2060375,1029663255.950493,246420940.64368096,308898976.7851479,41186530.23801972,1131,86330188.3323396,24131455.844891306,21-Mar-2025,2025,06-Sep-2025,Akwa Ibom,Uyo,www.ardovatechnologiesngo/gte.org.ng,"CIT,VAT,WHT,CGT"
bd0b8949-a6b6-44a4-972b-1309ed65ccee,RC-713670,2180870723523,Zenith Bank Logistics Ltd,Manufacturing,Ltd,3413671477.432025,2997171692.0004997,807426733.714579,899151507.6001499,119886867.68001999,50,23374658.5825864,148089084.16531277,22-Dec-2020,2020,22-Dec-2024,Ogun,Abeokuta North,www.zenithbanklogisticsltd.com.ng,"CIT,VAT,WHT,CGT"
a6486fe3-1ca7-445e-a3e0-25b9c491a8cf,RC-200956,0353817130824,BUA Cement Technologies LLP,Manufacturing,LLP,3467361498.504075,2528627782.6833243,492265904.6353977,758588334.8049973,101145111.30733298,610,90957978.411349,182405574.1021291,02-Oct-2013,2013,27-Jan-2025,Abuja (FCT),Kwali,www.buacementtechnologiesllp.com.ng,"CIT,VAT,WHT,CGT"
c1bbf503-a5f2-4b9a-8f62-3847c97db548,RC-100471,7126144401862,First Bank West Africa Ltd,Tech,Ltd,4499706454.175897,2364420347.6966743,398736590.234531,709326104.3090023,94576813.90786697,1181,563697391.4833347,56018602.532538325,07-Feb-2011,2011,18-Dec-2024,Lagos,Agege,www.firstbankwestafricaltd.com.ng,"CIT,VAT,WHT,CGT"
81c88eb4-5a7a-4d51-a4c3-131bdd750b30,RC-911257,2478353254126,Access Networks NGO/Gte,Tech,NGO/Gte,3722550187.7108636,3673614307.932791,466908093.6362831,1102084292.3798373,146944572.31731164,846,49254369.2572556,200860068.69261956,15-Oct-2019,2019,18-Jun-2025,Kaduna,Kaduna North,www.accessnetworksngo/gte.ng,"CIT,VAT,WHT,CGT"
7734a663-3601-468d-9ab1-5c973f6ae628,RC-142782,1652327762304,Semicolon West Africa LLP,Manufacturing,LLP,4969120658.858988,2879252215.7517443,1138439078.5278473,863775664.7255232,115170088.63006978,1188,439161086.60447663,49006932.502864465,04-Mar-2014,2014,27-Sep-2024,Anambra,Awka South,www.semicolonwestafricallp.com.ng,"CIT,VAT,WHT,CGT"
9e87ac6e-eb67-418e-a3a4-d56a3b3ae6a3,RC-518003,4525358403813,Elizade Solutions PLC,Tech,PLC,2688850074.47984,1538928697.9602368,664575628.8856131,461678609.388071,61557147.918409474,261,50149568.452408426,21929426.617034893,11-Aug-2011,2011,14-Jul-2024,Lagos,Alimosho,www.elizadesolutionsplc.ng,"CIT,VAT,WHT,CGT"
17a102df-b777-4e21-be63-e9064241ee0c,RC-966524,1014103808603,Flutterwave Systems Ltd,Tech,Ltd,4494760430.937529,4326654746.34726,912592739.5862817,1297996423.9041781,173066189.85389042,978,176414207.13416892,237545006.18170756,10-Sep-2016,2016,17-Nov-2024,Anambra,Onitsha North,www.flutterwavesystemsltd.net.ng,"CIT,VAT,WHT,CGT"
aef9a680-2199-4ee3-b1e5-c2ab913445b0,RC-684437,4083474500127,Glovo Technologies PLC,Energy,PLC,1418495019.86443,1360632729.947437,344292512.30399126,408189818.9842311,54425309.19789749,441,176678763.70412,19505671.579459254,09-Aug-2015,2015,07-Sep-2025,Lagos,Ifako-Ijaiye,www.glovotechnologiesplc.ng,"CIT,VAT,WHT,CGT"
c4608a7e-ec8f-4688-b227-261b38e62f89,RC-404686,3265110415386,Interswitch Global Ltd,Energy,Ltd,69339569.51806258,61284979.6678346,11294688.839759136,18385493.90035038,0.0,1187,262290837.76611853,948952.9730922836,09-Dec-2012,2012,14-Jan-2026,Abuja (FCT),Kwali,www.interswitchgloballtd.net.ng,"CIT,VAT,WHT,CGT"
734e9a67-ea65-4ef6-b6bc-7fa8bce9752e,RC-833952,6548667774814,Flutterwave Group NGO/Gte,Retail,NGO/Gte,4627856244.801735,2728044849.974651,836411182.4594035,818413454.9923953,109121793.99898604,1160,59065958.55389484,102237393.21926194,23-Aug-2014,2014,26-Sep-2024,Rivers,Eleme,www.flutterwavegroupngo/gte.org.ng,"CIT,VAT,WHT,CGT"
4798504b-cc6b-4816-a50a-5cd5bc807fed,RC-577693,6000266761056,Semicolon Africa Global LLP,Retail,LLP,1145251812.111469,641464376.6977649,151909861.77922258,192439313.00932947,25658575.067910597,840,195385858.45201537,42958826.28549251,02-Mar-2023,2023,07-Jun-2024,Lagos,Oshodi-Isolo,www.semicolonafricagloballlp.com.ng,"CIT,VAT,WHT,CGT"
28dd07b7-59dc-4d45-886e-34edeed621e9,RC-221624,4383602417701,Paystack Networks LLP,Retail,LLP,4163727579.2031054,3491983831.8994966,925828338.6399353,1047595149.5698489,139679353.27597988,1028,191509790.29640242,99833117.99716845,21-Oct-2012,2012,11-Mar-2024,Ogun,Abeokuta North,www.paystacknetworksllp.com.ng,"CIT,VAT,WHT,CGT"
6d3e447a-b8b1-4245-94fe-b2faaafb7daf,RC-655498,3683810416582,Chi Technologies Ltd,Manufacturing,Ltd,3825874557.786791,2267860307.1948657,885035657.0750396,680358092.1584597,90714412.28779463,538,245092284.8802883,47643513.53114388,23-Mar-2012,2012,01-Mar-2024,Lagos,Eti-Osa,www.chitechnologiesltd.net.ng,"CIT,VAT,WHT,CGT"
ca75f0c0-19ed-4da3-ae55-98d306b637c8,RC-922355,5154846041768,Zenith Holdings LLP,Fintech,LLP,3612909457.148302,2590081519.024805,577219641.6200385,777024455.7074414,103603260.7609922,62,23131649.090303436,6690419.444853101,08-Jan-2023,2023,07-Jan-2025,Delta,Sapele,www.zenithholdingsllp.com.ng,"CIT,VAT,WHT,CGT"
180ea439-9239-4ff7-9758-7a493e216917,RC-315976,1343814187601,Jumia Logistics Ltd,Energy,Ltd,1003705532.1384251,977321854.1046449,246674336.03545508,293196556.23139346,39092874.1641858,158,44662767.0614756,11080102.125052316,15-Apr-2016,2016,27-Feb-2024,Rivers,Okrika,www.jumialogisticsltd.net.ng,"CIT,VAT,WHT,CGT"
165387db-e036-4a6e-9c64-f8ad7e7c744b,RC-737628,3640564681122,Flutterwave Services NGO/Gte,Agro,NGO/Gte,1478108667.4107816,853288103.6009307,156047210.2483022,255986431.0802792,34131524.14403723,443,184962268.9794261,12915121.514141861,25-Oct-2011,2011,29-Apr-2025,Lagos,Agege,www.flutterwaveservicesngo/gte.ng,"CIT,VAT,WHT,CGT"
cda4f1c3-ab8e-4c29-893d-4b9624ef166a,RC-319266,1615123704735,Andela Global LLP,Fintech,LLP,1795740486.0698295,1744350331.4677262,360274867.5878599,523305099.44031787,69774013.25870904,1064,302987143.765207,99758499.18689372,07-Jul-2013,2013,05-Oct-2025,Enugu,Nsukka,www.andelagloballlp.com.ng,"CIT,VAT,WHT,CGT"
7315b990-2825-41c8-b406-b6df8fa27a3c,RC-351341,4567358842835,First Bank West Africa NGO/Gte,Energy,NGO/Gte,1558141999.609938,1121275807.8135133,271372196.5807175,336382742.344054,44851032.31254053,1049,468259863.14957523,67611465.87815097,01-Apr-2017,2017,19-Nov-2025,Anambra,Nnewi North,www.firstbankwestafricango/gte.ng,"CIT,VAT,WHT,CGT"
9ebe94ba-f8d3-4177-9310-d0349dd4237b,RC-807489,4355255627024,Zenith Nigeria NGO/Gte,Agro,NGO/Gte,4652955389.822723,3218340186.400053,783587365.5948886,965502055.9200159,128733607.45600212,327,63194462.05629683,121848175.93072073,24-Nov-2012,2012,10-Dec-2025,Anambra,Nnewi North,www.zenithnigeriango/gte.org.ng,"CIT,VAT,WHT,CGT"
5d24857b-7fcf-463f-b261-f1395fd3dc2a,RC-356147,7614486412427,Paystack Solutions LLP,Energy,LLP,3827647657.1545215,2034940646.8741782,846993005.6300845,610482194.0622535,81397625.87496713,214,79282155.9610126,147109745.4688945,22-Jan-2018,2018,03-Nov-2024,Oyo,Akinyele,www.paystacksolutionsllp.com.ng,"CIT,VAT,WHT,CGT"
2507095e-ab61-483c-bdb4-ba1aa6de15e8,RC-753278,7051136212570,Access Enterprises NGO/Gte,Manufacturing,NGO/Gte,2594037384.6731296,2087544074.5508206,596027718.3914973,626263222.3652462,83501762.98203282,752,32772393.66369306,73905797.29610285,07-Sep-2023,2023,28-Jan-2025,Delta,Warri South,www.accessenterprisesngo/gte.ng,"CIT,VAT,WHT,CGT"
3081d240-2b53-4770-88dd-4e1bef87d803,RC-870496,3121708376554,UBA Services Ltd,Tech,Ltd,72855482.01848194,57826842.82098904,6215250.833875942,17348052.846296713,0.0,688,100313890.03447038,1727344.3777366278,19-Jan-2013,2013,20-Sep-2025,Abuja (FCT),Kuje,www.ubaservicesltd.com.ng,"CIT,VAT,WHT,CGT"
b59b3163-5f89-452b-9244-8648c1c2728d,RC-823675,5146300261812,ABC Transport Logistics LLP,Energy,LLP,2065221415.9645116,1681044258.8075855,490133421.0783721,504313277.64227563,67241770.35230342,663,64410394.49474029,121883145.21485619,18-Aug-2011,2011,01-Mar-2025,Lagos,Oshodi-Isolo,www.abctransportlogisticsllp.com.ng,"CIT,VAT,WHT,CGT"
a4a3550e-b848-4e9f-9d2b-7b34fafa409b,RC-788698,6156686021312,Dangote Sugar West Africa Ltd,Agro,Ltd,3539068076.5516577,3060019253.082853,440972110.0759684,918005775.9248558,122400770.12331411,139,63972386.17167398,178920973.03581673,09-Aug-2021,2021,08-Jan-2026,Kwara,Ilorin East,www.dangotesugarwestafricaltd.net.ng,"CIT,VAT,WHT,CGT"
b79a24eb-2851-4c12-8171-875d9b74c4a1,RC-775549,0210547022845,BUA Cement Enterprises Ltd,Agro,Ltd,2147968053.2008333,1482565701.7465215,196646118.5516469,444769710.5239564,59302628.06986086,450,144088131.00196898,53565943.05026091,07-Sep-2015,2015,27-Mar-2024,Lagos,Ikeja,www.buacemententerprisesltd.net.ng,"CIT,VAT,WHT,CGT"
12276a9f-df1a-44c0-9215-d208acd39a78,RC-786329,0562786814680,Peace Mass Ventures PLC,Agro,PLC,3848646723.1115685,3295402085.5887284,874120097.6956716,988620625.6766185,131816083.42354915,912,440407568.0409646,36152806.47323187,13-Aug-2012,2012,22-Mar-2024,Ogun,Ijebu Ode,www.peacemassventuresplc.ng,"CIT,VAT,WHT,CGT"
3d77fb93-3965-4333-bee7-b6f0352affae,RC-374789,2187451133758,Mikano Technologies LLP,Agro,LLP,3916356127.585477,2307116693.974948,423691441.96775424,692135008.1924844,92284667.75899792,504,124998444.70836565,151546351.34316716,15-Oct-2024,2024,30-Jul-2024,Lagos,Alimosho,www.mikanotechnologiesllp.com.ng,"CIT,VAT,WHT,CGT"
e27b9085-8f57-414b-88b2-41353a882a6e,RC-814115,3855502167638,Konga Services PLC,Energy,PLC,822023714.2479357,458431087.41178,129896094.11023282,137529326.223534,18337243.4964712,1096,528807152.10815,13244733.345194561,26-Aug-2011,2011,26-Oct-2025,Oyo,Ibadan North,www.kongaservicesplc.ng,"CIT,VAT,WHT,CGT"
d3154ce5-3ca8-4697-9ec2-1cb19a5f5180,RC-828760,4018044055370,Galaxy Backbone Holdings PLC,Energy,PLC,1654411919.5365713,1262418910.6443367,140325073.12986937,378725673.193301,50496756.42577347,752,141984293.733866,2063994.3248369133,25-Aug-2017,2017,11-Sep-2025,Lagos,Mushin,www.galaxybackboneholdingsplc.com.ng,"CIT,VAT,WHT,CGT"
0e158b84-7deb-4658-8893-1fbff7583c51,RC-239742,1288875560762,MTN Logistics PLC,Tech,PLC,17936272.40193915,10211586.831548426,3553043.6408801023,0.0,0.0,972,178292676.23047948,477618.18715980696,17-Mar-2014,2014,10-Jan-2025,Edo,Ikpoba-Okha,www.mtnlogisticsplc.ng,"CIT,VAT,WHT,CGT"
d376e01c-18fe-402c-a395-efcf07f127ab,RC-969702,3024040423061,Oando Global LLP,Tech,LLP,4797392426.142278,4511570408.4577875,1002935613.546481,1353471122.537336,180462816.3383115,255,16881010.79881689,164368147.17142248,29-Apr-2014,2014,28-May-2024,Abuja (FCT),Kuje,www.oandogloballlp.com.ng,"CIT,VAT,WHT,CGT"
3ce10968-6192-4b63-a21d-b478c24fd55e,RC-746771,6324814208560,SevenUp Technologies LLP,Agro,LLP,262665441.514825,149311334.59090686,24293556.6489187,44793400.377272055,5972453.383636274,476,77779877.63934629,9468616.027596062,16-Feb-2018,2018,02-Aug-2025,Oyo,Egbeda,www.sevenuptechnologiesllp.com.ng,"CIT,VAT,WHT,CGT"
ba97eaf7-4165-4200-82cf-03d1330e92c5,RC-909001,1145746342436,GTCO Group NGO/Gte,Tech,NGO/Gte,2915397024.960995,2671639373.847989,548649497.0480151,801491812.1543967,106865574.95391956,578,221658114.75206068,129336263.79207718,25-Apr-2014,2014,17-Sep-2025,Anambra,Awka South,www.gtcogroupngo/gte.ng,"CIT,VAT,WHT,CGT"
6fdae5ab-087a-473e-bd5e-04cdf8bebd82,RC-730601,3620168436477,Eroton Enterprises LLP,Energy,LLP,4259207021.042669,3325531016.1571784,982800880.4184139,997659304.8471534,133021240.64628714,818,374428412.87264836,209257158.97248566,01-Jul-2011,2011,26-Mar-2024,Lagos,Lagos Island,www.erotonenterprisesllp.com.ng,"CIT,VAT,WHT,CGT"
2ad054dc-cfb2-4907-90fd-6f408680b1f7,RC-534100,1635117341380,Decagon West Africa NGO/Gte,Manufacturing,NGO/Gte,691935901.4620756,583635470.1643488,165155751.41267183,175090641.04930463,23345418.806573953,305,76071417.9078267,1975856.737624057,02-Sep-2015,2015,12-Jan-2025,Ogun,Sagamu,www.decagonwestafricango/gte.ng,"CIT,VAT,WHT,CGT"
eaf5d898-cd87-49ae-a8b5-8916c218fae7,RC-955834,5400210171555,Decagon Logistics NGO/Gte,Fintech,NGO/Gte,4067979600.233744,3986852515.346616,611522598.8993477,1196055754.6039846,159474100.61386463,159,6453148.578980973,274970470.0081823,14-Dec-2011,2011,19-Jan-2026,Rivers,Okrika,www.decagonlogisticsngo/gte.ng,"CIT,VAT,WHT,CGT"
80967617-3afe-4b89-a2da-d73057ea8714,RC-429970,5870068268475,Ibeto Solutions Ltd,Energy,Ltd,2809313345.5548024,2412489625.353368,288366121.0170321,723746887.6060103,96499585.01413472,448,77893274.30590259,44503422.90133133,13-Jun-2023,2023,22-May-2024,Kano,Gwale,www.ibetosolutionsltd.net.ng,"CIT,VAT,WHT,CGT"
d4fe45ed-fd5f-4145-b43c-ddeb3c21f13d,RC-676005,3262866113441,GTBank Industries Ltd,Manufacturing,Ltd,3705325636.9783535,1952605503.012992,314237735.51152396,585781650.9038975,78104220.12051968,832,149791592.31490472,56344963.32356609,28-Apr-2022,2022,23-May-2024,Enugu,Nsukka,www.gtbankindustriesltd.net.ng,"CIT,VAT,WHT,CGT"
356c3767-10da-4574-a598-90d754f2fade,RC-393630,5657578252445,NLNG Ventures LLP,Energy,LLP,3473922159.054184,2869334365.0460167,695157584.2717961,860800309.513805,114773374.60184067,446,212371707.4879296,54118463.717762955,14-Mar-2024,2024,04-Oct-2025,Delta,Sapele,www.nlngventuresllp.com.ng,"CIT,VAT,WHT,CGT"
cc80d72b-6b1f-4e36-af40-000aa31b5cf7,RC-582116,3451206503704,Ibeto West Africa PLC,Tech,PLC,4974209169.291521,3558254433.4445868,956917940.6181432,1067476330.033376,142330177.3377835,571,48043512.163963675,11229205.265759086,14-Mar-2019,2019,11-Jul-2025,Kano,Nasarawa,www.ibetowestafricaplc.ng,"CIT,VAT,WHT,CGT"
d42b16e8-e4df-4285-b75e-de5800640953,RC-577118,8420511618761,NLNG Solutions LLP,Fintech,LLP,9857915.106629986,7896840.225344872,1856215.042660595,0.0,0.0,502,63980235.14228835,59830.37942394372,01-Nov-2016,2016,17-Apr-2025,Lagos,Mushin,www.nlngsolutionsllp.com.ng,"CIT,VAT,WHT,CGT"
fa806afa-038a-49cc-af29-afb7c46e6cb8,RC-270718,2084758214742,FBN Technologies Ltd,Tech,Ltd,3240344122.042322,1668651598.0066543,414972594.5558966,500595479.40199625,66746063.920266174,195,85889723.33973111,79410378.98900144,21-Jan-2018,2018,04-Mar-2025,Abuja (FCT),Abaji,www.fbntechnologiesltd.net.ng,"CIT,VAT,WHT,CGT"
945dc982-2317-43d0-b651-1c7e24c27f60,RC-206177,3733037856626,Nestle Resources PLC,Retail,PLC,2910945986.9822874,1826145054.419196,421235982.25411344,547843516.3257587,73045802.17676784,220,97522841.41345084,98728894.55063842,10-Dec-2015,2015,24-Oct-2025,Anambra,Idemili South,www.nestleresourcesplc.ng,"CIT,VAT,WHT,CGT"
747cb3a6-620f-42c2-be74-599d5f98aa70,RC-246555,3748035481085,Ibeto Systems Ltd,Manufacturing,Ltd,2232414338.1428246,1901345869.6004677,360009555.898128,570403760.8801403,76053834.78401871,1027,239021543.32865366,8887458.527386824,20-Feb-2020,2020,31-Aug-2024,Ogun,Abeokuta North,www.ibetosystemsltd.com.ng,"CIT,VAT,WHT,CGT"
25aa13a6-f6e8-4b60-831b-1f42bb9cf5f2,RC-800867,1432543227568,PiggyVest Ventures PLC,Fintech,PLC,4402886734.036471,2946801026.436528,876598161.8269824,884040307.9309584,117872041.05746113,802,317703025.48654604,217052889.6061573,04-May-2012,2012,06-Nov-2024,Edo,Oredo,www.piggyvestventuresplc.ng,"CIT,VAT,WHT,CGT"
e74019d9-a242-4196-91ca-8f114adee629,RC-622010,0837008226273,PiggyVest Services LLP,Energy,LLP,724936407.7309415,596787988.5218614,127818763.9080025,179036396.55655843,23871519.54087446,492,89514406.06845063,30858184.68431173,29-Sep-2022,2022,05-Apr-2025,Delta,Warri South,www.piggyvestservicesllp.com.ng,"CIT,VAT,WHT,CGT"
776dc3f2-1439-449b-b464-a22e4a3b9117,RC-550339,0751321722075,Honeywell Services PLC,Fintech,PLC,2114556171.6491165,1528639540.2468667,199688346.91392297,458591862.07406,61145581.609874666,715,106115974.27999653,55330107.703505866,31-Aug-2017,2017,18-Jun-2025,Kwara,Offa,www.honeywellservicesplc.com.ng,"CIT,VAT,WHT,CGT"
1f74e65e-5331-4779-baaa-db81c49b672a,RC-221722,2307282887857,MainOne Services NGO/Gte,Agro,NGO/Gte,1558170647.6622498,1504708332.836494,207887067.76783088,451412499.85094815,60188333.31345976,252,93698940.95105267,77296546.05015408,10-Apr-2013,2013,21-Nov-2025,Abuja (FCT),Bwari,www.mainoneservicesngo/gte.org.ng,"CIT,VAT,WHT,CGT"
9d355ef9-1a5b-4a02-91a4-0b71721fa7ef,RC-397059,0745268156838,Elizade Industries LLP,Energy,LLP,4939829635.934671,3874200154.747044,463378971.1269061,1162260046.4241133,154968006.18988177,757,72672310.17412142,278535851.1507244,16-Jan-2014,2014,26-Jun-2025,Enugu,Udi,www.elizadeindustriesllp.com.ng,"CIT,VAT,WHT,CGT"
301a439f-24e1-49eb-ba61-253a8d5fc496,RC-299703,0001642314580,Opay Ventures Ltd,Manufacturing,Ltd,4192095589.6334925,3808657527.5226297,979472977.2933795,1142597258.256789,152346301.10090518,52,25120124.13398538,276777153.898173,23-Dec-2018,2018,11-Apr-2025,Lagos,Mushin,www.opayventuresltd.net.ng,"CIT,VAT,WHT,CGT"
1534569b-4c09-402e-979f-677c0caab418,RC-681774,8014832275216,Slot Industries NGO/Gte,Retail,NGO/Gte,748205526.1212865,382357340.5725297,76177753.86638342,114707202.1717589,15294293.622901186,254,23638059.24425388,12455192.917137165,11-Jun-2014,2014,27-Jul-2025,Plateau,Jos North,www.slotindustriesngo/gte.org.ng,"CIT,VAT,WHT,CGT"
b1d82486-4395-493f-9d73-7508e12596fb,RC-117738,2861554360313,Dangote Technologies LLP,Energy,LLP,1563166643.7572465,1059737636.5196517,146163109.6841356,317921290.9558955,42389505.46078607,821,217329724.6224361,2915753.626945318,10-Sep-2025,2025,10-Nov-2024,Ogun,Ijebu Ode,www.dangotetechnologiesllp.com.ng,"CIT,VAT,WHT,CGT"
45220a36-a07b-4afd-8bd8-6a227419e084,RC-921911,8253785115538,Slot Nigeria NGO/Gte,Retail,NGO/Gte,4216510104.7974668,2982291893.3326235,827913218.4945385,894687567.999787,119291675.73330495,1115,329408805.123898,170650008.04772452,12-Jun-2019,2019,27-Nov-2024,Rivers,Okrika,www.slotnigeriango/gte.ng,"CIT,VAT,WHT,CGT"
da36b64a-038a-45e8-97d4-7267d477c27f,RC-413643,1430026160340,Galaxy Backbone Logistics PLC,Fintech,PLC,1196101153.980669,1117219236.8276327,135659855.5354711,335165771.0482898,44688769.473105304,925,283292060.2132156,82391814.89780354,19-Sep-2012,2012,19-Aug-2025,Ogun,Ijebu Ode,www.galaxybackbonelogisticsplc.ng,"CIT,VAT,WHT,CGT"
8b579c60-7c3f-4189-9808-fababb7a8339,RC-716024,6668174070463,Filmhouse Nigeria LLP,Manufacturing,LLP,111900363.11235942,107777491.27796568,18358530.00635003,32333247.383389704,4311099.651118627,612,127527974.92469391,2163876.686751024,22-Aug-2012,2012,23-Mar-2025,Anambra,Awka South,www.filmhousenigeriallp.com.ng,"CIT,VAT,WHT,CGT"
ecc608bb-c8d0-4b56-9876-c2b0dbfa6c81,RC-655085,1511585285715,Honeywell Logistics PLC,Energy,PLC,2248643717.0637026,2235037172.4699974,205699963.53314152,670511151.7409992,89401486.8987999,1011,61564031.17303976,67608214.42458473,23-Dec-2024,2024,19-Apr-2024,Enugu,Nsukka,www.honeywelllogisticsplc.ng,"CIT,VAT,WHT,CGT"
0aae22ad-a55e-49e7-a768-c35f1e8c1e2d,RC-377382,3502685212745,Semicolon Africa Global NGO/Gte,Manufacturing,NGO/Gte,870085201.5930339,510281802.092415,141160411.95323488,153084540.6277245,20411272.0836966,417,111555903.05253959,15770568.1924127,25-Apr-2024,2024,08-May-2025,Lagos,Eti-Osa,www.semicolonafricaglobalngo/gte.ng,"CIT,VAT,WHT,CGT"
ab90ca8d-9ad0-4d4f-973b-d7302c2dd076,RC-255618,4525374876224,Jumia Group NGO/Gte,Agro,NGO/Gte,1859882406.0038793,1310319504.1268363,253638142.33365238,393095851.2380509,52412780.165073454,187,88554549.2910781,88661926.94174804,02-Nov-2013,2013,01-Mar-2024,Lagos,Alimosho,www.jumiagroupngo/gte.org.ng,"CIT,VAT,WHT,CGT"
d5e64ed0-6144-467d-bd31-6b23a0fd653f,RC-976496,8817585180616,Slot Industries Ltd,Agro,Ltd,377498747.87151265,369358631.0106463,78513656.17928295,110807589.30319388,14774345.240425851,1074,266272632.80293825,13473315.218630759,26-Nov-2024,2024,17-Oct-2025,Lagos,Kosofe,www.slotindustriesltd.com.ng,"CIT,VAT,WHT,CGT"
97ef9752-529e-45f2-9c42-d7f709840c1e,RC-977578,2627656865168,Zenith Nigeria Ltd,Agro,Ltd,3447153720.1147175,2201750176.7780633,753063466.99168,660525053.033419,88070007.07112253,996,238506406.83155975,70494041.98874438,09-Jan-2024,2024,11-May-2025,Abuja (FCT),Abuja Municipal,www.zenithnigerialtd.com.ng,"CIT,VAT,WHT,CGT"
afc48fdd-9e6c-4828-ab48-a927afe6b7ed,RC-439452,0722328765002,Kuda Holdings Ltd,Manufacturing,Ltd,2128044439.1527004,1934084579.5292602,198974203.19707373,580225373.858778,77363383.1811704,180,30386338.60964032,114548779.03166373,30-Jun-2016,2016,01-Sep-2024,Oyo,Ibadan North,www.kudaholdingsltd.com.ng,"CIT,VAT,WHT,CGT"
5e4712c4-fe25-45b3-b732-375128a05662,RC-368071,0526457450437,Eroton Solutions LLP,Manufacturing,LLP,2143293370.2571104,1122594602.520902,201229930.29809925,336778380.7562706,44903784.100836076,25,5479293.178805443,40144231.93291386,23-Jun-2018,2018,06-Feb-2025,Enugu,Udi,www.erotonsolutionsllp.com.ng,"CIT,VAT,WHT,CGT"
b342d2ab-8d13-412b-bab8-4421766a8d66,RC-937642,5431707851033,OPay Services Ltd,Manufacturing,Ltd,1962331295.1819894,1245708479.4397612,324260226.38983905,373712543.8319283,49828339.177590445,814,281348967.3366382,23120616.45356674,18-Aug-2016,2016,27-Feb-2024,Kano,Nasarawa,www.opayservicesltd.com.ng,"CIT,VAT,WHT,CGT"
c1f43d93-e785-4ea5-82bf-18481f8435a7,RC-224779,8656402545323,FBN Systems Ltd,Tech,Ltd,4363268419.038317,3766987113.045592,407832546.40960926,1130096133.9136775,150679484.52182367,64,16298907.849603673,270972151.96949077,07-Aug-2025,2025,21-Mar-2025,Kano,Tarauni,www.fbnsystemsltd.net.ng,"CIT,VAT,WHT,CGT"
7cf45a7e-b0b3-4d49-b364-238288730361,RC-106870,0063678106756,Kuda Industries NGO/Gte,Retail,NGO/Gte,2766230082.559619,1605792777.586932,320559252.8237666,481737833.2760796,64231711.10347728,118,18179005.09280568,39496666.58272775,17-Jan-2023,2023,07-Aug-2024,Lagos,Lagos Island,www.kudaindustriesngo/gte.ng,"CIT,VAT,WHT,CGT"
227ec0a9-a6fb-464a-bee2-73505062629a,RC-128079,7145324157161,Flutterwave Global LLP,Fintech,LLP,2748559614.011277,2227047942.896935,284637205.1246501,668114382.8690804,89081917.7158774,32,9203691.92317444,142253960.45933414,03-Jul-2014,2014,06-Jun-2024,Kano,Gwale,www.flutterwavegloballlp.com.ng,"CIT,VAT,WHT,CGT"
845d8a2a-33c4-4d99-afc0-fab8f8a07414,RC-569563,4480780308040,Jumia Group PLC,Manufacturing,PLC,472098723.99510074,385289639.8770944,116454137.83627905,115586891.96312831,15411585.595083775,237,50318814.724981405,2812426.850025786,18-Mar-2022,2022,21-Dec-2024,Abuja (FCT),Abaji,www.jumiagroupplc.com.ng,"CIT,VAT,WHT,CGT"
b86cc02c-4346-45dc-9556-9ab3bc642148,RC-794170,3012056060542,Kuda Group Ltd,Tech,Ltd,211262514.14970252,115806091.66592997,25292708.018063694,34741827.49977899,4632243.666637199,297,31192822.340173107,241090.64516684416,08-Apr-2022,2022,04-Jan-2026,Rivers,Eleme,www.kudagroupltd.net.ng,"CIT,VAT,WHT,CGT"
b0ad61a3-c05f-4560-8d45-6a2234c89dd9,RC-971288,2403113352857,Genesis Group Global Ltd,Retail,Ltd,1777036414.5109928,1749597166.4084153,299486403.36177677,524879149.9225246,69983886.65633662,499,134595475.73373473,80946390.67760102,14-Nov-2015,2015,13-Dec-2025,Ogun,Abeokuta South,www.genesisgroupgloballtd.net.ng,"CIT,VAT,WHT,CGT"
2eb746e1-b918-4f04-aa34-f5dc576fb9f7,RC-761850,1881430128245,Peace Mass Technologies Ltd,Retail,Ltd,2252941454.187442,2004817292.3118887,318575755.36181813,601445187.6935666,80192691.69247554,44,13874554.609964699,4876235.070752215,25-Mar-2019,2019,29-Aug-2024,Edo,Oredo,www.peacemasstechnologiesltd.com.ng,"CIT,VAT,WHT,CGT"
d3e8108e-0b48-4c3e-9a5b-df44e2fa3f64,RC-554236,4053441428444,Nigerian Breweries West Africa PLC,Agro,PLC,1745260602.5257964,997932700.4536699,205210540.76716247,299379810.13610095,39917308.0181468,1041,183998885.33801934,40031110.749838226,20-Jun-2023,2023,11-Mar-2024,Plateau,Jos North,www.nigerianbrewerieswestafricaplc.com.ng,"CIT,VAT,WHT,CGT"
d408c20a-b1f2-4d5b-a4e6-4c9dc0f1ce0d,RC-598418,8443686342210,Nestle Global NGO/Gte,Agro,NGO/Gte,3773446423.9522223,3178227238.5357056,438609530.4858556,953468171.5607116,127129089.54142822,160,26031324.999435414,112175882.02126725,29-Dec-2025,2025,07-Jun-2024,Abuja (FCT),Kuje,www.nestleglobalngo/gte.ng,"CIT,VAT,WHT,CGT"
cbbaf017-c481-44be-92e6-2d7d3936c750,RC-746497,6722537266373,NLNG Holdings PLC,Energy,PLC,4651122669.792284,3707093287.987594,1134890549.3592076,1112127986.3962781,148283731.51950377,310,73899949.23537627,274159410.67066884,03-May-2019,2019,04-Aug-2024,Abuja (FCT),Kuje,www.nlngholdingsplc.com.ng,"CIT,VAT,WHT,CGT"
69642bf0-b3e6-470f-bda6-f509235e4e34,RC-591246,5280844604805,MainOne Global LLP,Tech,LLP,4833123452.595738,4623517188.226899,840624554.839818,1387055156.4680698,184940687.52907598,808,129040062.6141158,265022669.4210252,07-Dec-2014,2014,01-Jun-2025,Kano,Tarauni,www.mainonegloballlp.com.ng,"CIT,VAT,WHT,CGT"
cc56acde-4a6e-40a1-bd3d-c1d77d79e064,RC-550035,6628563673546,Peace Mass Technologies LLP,Tech,LLP,482580726.10819197,354393450.1218343,82490170.23992935,106318035.03655028,14175738.00487337,968,178588075.6029949,8240642.581235351,26-Nov-2024,2024,12-Sep-2025,Oyo,Ibadan North,www.peacemasstechnologiesllp.com.ng,"CIT,VAT,WHT,CGT"
f5ccd5d0-f437-4680-b4a2-dad5b1752f5c,RC-605610,1336721527180,UBA Ventures PLC,Retail,PLC,1993278153.9169686,1095593922.7398226,211061159.1607424,328678176.8219468,43823756.909592904,962,209270168.07415104,35967560.443992704,09-Aug-2022,2022,15-Jul-2025,Plateau,Jos South,www.ubaventuresplc.com.ng,"CIT,VAT,WHT,CGT"
57850ad9-d310-41ff-b93a-502ec4381fcb,RC-834310,0152034417045,Genesis Group Systems NGO/Gte,Tech,NGO/Gte,460144531.9219691,292546820.4527012,48950323.571151234,87764046.13581036,11701872.818108048,297,82269401.32611066,5320244.436286982,18-Jan-2021,2021,09-Apr-2024,Abuja (FCT),Bwari,www.genesisgroupsystemsngo/gte.ng,"CIT,VAT,WHT,CGT"
a9f6a2e6-52f5-4411-bc04-781af8aea685,RC-719282,5823467013248,First Bank Global PLC,Retail,PLC,1145827617.5496657,674505931.9219446,270543426.1561671,202351779.5765834,26980237.276877787,1049,455164468.52132523,20898328.404067025,01-Oct-2012,2012,07-Sep-2024,Enugu,Nsukka,www.firstbankglobalplc.ng,"CIT,VAT,WHT,CGT"
559fea06-5e49-47db-9385-217084ce6592,RC-560030,6787678853560,GTCO Group PLC,Energy,PLC,2192255131.2905507,1620361189.20532,353978650.7823141,486108356.76159596,64814447.5682128,374,83307221.04001586,96471490.99227898,29-Nov-2018,2018,05-May-2024,Akwa Ibom,Uyo,www.gtcogroupplc.ng,"CIT,VAT,WHT,CGT"
18ca0a3b-ce56-419a-a641-45816dcb04d8,RC-920096,0160080225548,Nestle Services NGO/Gte,Agro,NGO/Gte,3042916172.4284773,2936162644.1161737,389365689.21901953,880848793.2348521,117446505.76464695,484,145618505.10479656,159545641.61369213,04-Oct-2022,2022,20-Feb-2024,Plateau,Jos North,www.nestleservicesngo/gte.ng,"CIT,VAT,WHT,CGT"
d1d33b13-d8de-4e12-9af2-47b7c6358395,RC-467944,3466242404665,Pointek Technologies PLC,Energy,PLC,1455894878.7061148,788152351.1250114,231638442.18911472,236445705.33750343,31526094.04500046,734,274125376.5083087,22171546.913649533,04-Jan-2016,2016,26-Jan-2026,Lagos,Eti-Osa,www.pointektechnologiesplc.ng,"CIT,VAT,WHT,CGT"
fc81e5f2-f9ea-41b6-93f5-059ac4d3143f,RC-935846,7266024760235,Ardova Solutions Ltd,Manufacturing,Ltd,126671553.94813646,86131839.22549264,19421848.078606926,25839551.76764779,0.0,35,10026857.450000493,5796213.237731095,08-Aug-2015,2015,24-Jul-2025,Akwa Ibom,Ikot Ekpene,www.ardovasolutionsltd.com.ng,"CIT,VAT,WHT,CGT"
a48e4d7a-03fe-46e2-afa3-8ba6d6b4304b,RC-748534,2633785013520,Zenith Bank Holdings PLC,Retail,PLC,3903351681.42561,3114415394.197848,802398353.9514965,934324618.2593544,124576615.76791392,555,119294084.92195894,78585626.3197603,11-Nov-2024,2024,06-Feb-2025,Kwara,Ilorin East,www.zenithbankholdingsplc.ng,"CIT,VAT,WHT,CGT"
52a5a135-f78e-4983-88ab-54ce028348db,RC-801219,0644162475464,Globacom Resources NGO/Gte,Agro,NGO/Gte,3366093576.8572493,2327322784.9366994,831722706.2117807,698196835.4810098,93092911.39746797,1005,169399821.0646908,26694130.19656051,28-Aug-2022,2022,28-Jun-2025,Akwa Ibom,Eket,www.globacomresourcesngo/gte.org.ng,"CIT,VAT,WHT,CGT"
2c4a1d9e-8473-4673-9ae2-9e6055dfd4cc,RC-649729,4045605478027,Pointek Networks LLP,Retail,LLP,4514235338.90222,3085963806.8246694,602464521.5027938,925789142.0474008,123438552.27298677,315,33306323.364811555,28644070.816842094,16-Mar-2012,2012,25-May-2025,Rivers,Port Harcourt,www.pointeknetworksllp.com.ng,"CIT,VAT,WHT,CGT"
11ae2178-5aae-4d55-b3c0-cc445f731f63,RC-315320,4732630438274,MTN Services PLC,Agro,PLC,4519976575.00092,2928794989.2660093,885538153.9217397,878638496.7798028,117151799.57064037,940,188778951.97420394,55546349.96552161,17-Nov-2025,2025,11-Oct-2025,Abuja (FCT),Bwari,www.mtnservicesplc.ng,"CIT,VAT,WHT,CGT"
601a2a5b-3fc7-4e50-92c5-d80c85e98c00,RC-428355,4658354386654,Union Bank Solutions PLC,Energy,PLC,3929180831.6575994,3800981542.00806,897430933.096363,1140294462.602418,152039261.6803224,620,215682986.31360194,83982729.77248122,18-Aug-2014,2014,25-Jul-2025,Abuja (FCT),Abuja Municipal,www.unionbanksolutionsplc.com.ng,"CIT,VAT,WHT,CGT"
350e0b76-b0f1-4255-afb7-0c19a04ed982,RC-875242,5522333512128,Zenith Bank Solutions Ltd,Manufacturing,Ltd,3303986974.5825744,3223675810.7656875,532935056.72890466,967102743.2297062,128947032.4306275,450,177690857.96868497,178715134.18599185,31-Aug-2025,2025,19-Apr-2025,Lagos,Ifako-Ijaiye,www.zenithbanksolutionsltd.com.ng,"CIT,VAT,WHT,CGT"
42125e91-f976-4fea-8614-458273f7c80f,RC-171968,0344621127375,GTBank Technologies NGO/Gte,Retail,NGO/Gte,1651542280.440485,1091664001.4465103,355243177.96400285,327499200.4339531,43666560.05786041,718,299887826.5093701,26041713.678425174,28-Jan-2024,2024,18-Oct-2025,Rivers,Eleme,www.gtbanktechnologiesngo/gte.ng,"CIT,VAT,WHT,CGT"
34caeb9d-2291-4beb-a2c1-91ca0679754e,RC-687752,6403748753412,Access Bank Resources PLC,Fintech,PLC,473266078.30522776,315358220.016878,85858266.88777776,94607466.0050634,12614328.80067512,952,268126892.76808763,1765262.144079098,14-May-2018,2018,17-Dec-2025,Enugu,Enugu North,www.accessbankresourcesplc.ng,"CIT,VAT,WHT,CGT"
d17cc5f0-e21e-463a-96b8-e19cf9592247,RC-606241,5855727557773,Filmhouse Networks NGO/Gte,Manufacturing,NGO/Gte,180748345.27085248,166516068.31705776,39990447.01753906,49954820.49511733,6660642.73268231,983,246698852.57506442,7308065.643340137,26-Apr-2024,2024,19-Nov-2025,Delta,Ughelli North,www.filmhousenetworksngo/gte.org.ng,"CIT,VAT,WHT,CGT"
f45ca4f2-5c0e-42a0-a0af-fde1dfb7cfc3,RC-280161,1864432508620,UBA Industries NGO/Gte,Retail,NGO/Gte,2424194457.5013413,1596621381.3102872,274733331.6102389,478986414.39308614,63864855.25241149,1145,478617676.0266482,17851126.19090862,24-Sep-2021,2021,18-Jul-2024,Abuja (FCT),Abuja Municipal,www.ubaindustriesngo/gte.ng,"CIT,VAT,WHT,CGT"
1c7e49b9-d07c-452f-a344-cdda54ca769a,RC-849682,0757780101415,Zenith Bank Solutions NGO/Gte,Retail,NGO/Gte,1310855437.5036836,874807969.1390406,169230095.43001685,262442390.74171215,34992318.765561625,393,48031109.56791178,12842203.481701786,31-May-2016,2016,30-May-2025,Abuja (FCT),Kuje,www.zenithbanksolutionsngo/gte.org.ng,"CIT,VAT,WHT,CGT"
b906c2ae-8305-4ddb-ad1c-358096ac680d,RC-181067,2682000488805,FBN Technologies LLP,Fintech,LLP,2041457450.2973766,1089667399.6935904,454782891.2847732,326900219.9080771,43586695.987743616,1055,96713979.96120831,4903780.051501819,23-Sep-2023,2023,21-Apr-2024,Enugu,Nsukka,www.fbntechnologiesllp.com.ng,"CIT,VAT,WHT,CGT"
dc1eee57-5000-41da-83a6-eeb6a056d22a,RC-195335,1883557131010,Eroton Systems LLP,Manufacturing,LLP,4141191822.233037,3751115679.47238,610460618.913639,1125334703.841714,150044627.1788952,1035,163126644.6788122,181106411.54023552,16-Sep-2011,2011,27-Feb-2024,Edo,Egor,www.erotonsystemsllp.com.ng,"CIT,VAT,WHT,CGT"
f3d00d98-5bd6-4a3e-a3a7-afdf1307838e,RC-210476,1147587160148,Chi Industries PLC,Energy,PLC,2110441992.175012,1921799068.3634455,176579188.84983072,576539720.5090337,76871962.73453782,616,142752306.7897703,135521198.18007344,23-May-2011,2011,01-Nov-2024,Edo,Ikpoba-Okha,www.chiindustriesplc.com.ng,"CIT,VAT,WHT,CGT"
3d13a64b-a972-4676-b8da-54f1e773baa1,RC-574127,3703321222323,Palmpay Global Ltd,Tech,Ltd,635067197.1934842,344529409.9033441,78756276.81093614,103358822.97100322,13781176.396133764,517,133281300.92399918,20508590.823225528,31-Jan-2015,2015,20-Aug-2024,Akwa Ibom,Eket,www.palmpaygloballtd.net.ng,"CIT,VAT,WHT,CGT"
93e50f7d-852c-46f6-bdcd-f6ad49219390,RC-253109,5740840242867,Spar Group LLP,Agro,LLP,516604589.8041268,472298521.27160764,108296346.34274425,141689556.38148227,18891940.850864306,489,180091578.4894409,34758772.26105789,13-Dec-2023,2023,25-Mar-2024,Ogun,Ijebu Ode,www.spargroupllp.com.ng,"CIT,VAT,WHT,CGT"
8569c950-1661-4179-8aef-34cdfa40c338,RC-143935,8613228671768,Konga Networks PLC,Agro,PLC,640545760.4786851,635867360.9252144,149415354.90835476,190760208.27756432,25434694.43700858,1071,304806188.95992017,23186652.333978187,05-Dec-2018,2018,17-Oct-2024,Lagos,Oshodi-Isolo,www.konganetworksplc.com.ng,"CIT,VAT,WHT,CGT"
7c5ceaa7-6cb1-4f30-ba10-0a3083ab6d94,RC-950977,5524162502106,Sterling Bank Nigeria NGO/Gte,Energy,NGO/Gte,2782044128.9165807,2632052052.057328,517072397.5969907,789615615.6171985,105282082.08229314,980,384031967.3900613,175249966.05175483,12-Sep-2018,2018,07-Jan-2025,Lagos,Agege,www.sterlingbanknigeriango/gte.org.ng,"CIT,VAT,WHT,CGT"
ca5fb02e-27f8-4d41-a424-5b6d7d774d29,RC-100961,2676374066858,MTN Solutions Ltd,Tech,Ltd,1857786554.7077022,997671675.0898461,382090553.5192441,299301502.5269538,39906867.00359385,934,190650293.08034924,1174856.0746092142,09-May-2016,2016,02-Mar-2024,Akwa Ibom,Ikot Ekpene,www.mtnsolutionsltd.com.ng,"CIT,VAT,WHT,CGT"
0fda2c63-8249-487f-bc73-e6fb39c8f580,RC-707726,5831663656151,Elizade Ventures Ltd,Tech,Ltd,4678930029.35005,3087018800.5582657,644662369.1816994,926105640.1674796,123480752.02233063,473,74591875.19157219,40388056.69324901,27-Sep-2017,2017,09-Nov-2025,Akwa Ibom,Eket,www.elizadeventuresltd.net.ng,"CIT,VAT,WHT,CGT"
684ed3d6-001c-4677-9908-972b53c3f034,RC-959737,7375001147744,Spar West Africa NGO/Gte,Manufacturing,NGO/Gte,3425639375.2796926,3313728061.876906,539288527.9236367,994118418.5630717,132549122.47507624,703,322684405.00458884,42408635.74229264,12-Sep-2018,2018,08-Oct-2024,Abuja (FCT),Gwagwalada,www.sparwestafricango/gte.org.ng,"CIT,VAT,WHT,CGT"
db48f0b4-4192-4628-9be7-fbb34373ce94,RC-592011,2080227808184,Decagon Resources Ltd,Tech,Ltd,2542123426.150834,1786425326.810342,427896422.86621934,535927598.0431026,71457013.07241368,1062,336235457.96962833,109707651.96237345,29-Oct-2020,2020,29-Feb-2024,Lagos,Oshodi-Isolo,www.decagonresourcesltd.com.ng,"CIT,VAT,WHT,CGT"
07e2c57e-d6dd-4cc5-8be4-4aec043cb639,RC-708269,3410202218077,Ibeto Logistics Ltd,Energy,Ltd,2622001326.23716,2168400311.790857,386873098.5345239,650520093.5372571,86736012.47163427,45,21538447.24532258,161218816.0823924,23-Jan-2021,2021,14-Jan-2025,Anambra,Idemili South,www.ibetologisticsltd.com.ng,"CIT,VAT,WHT,CGT"
46cc089e-0500-4cc0-8fd3-221320fda176,RC-848800,2133656653287,Peace Mass Nigeria PLC,Manufacturing,PLC,3046742847.4715705,2527752170.864663,489132850.4030328,758325651.2593989,101110086.83458653,376,129816285.81719674,155784854.37464255,20-Apr-2024,2024,26-Mar-2024,Delta,Sapele,www.peacemassnigeriaplc.com.ng,"CIT,VAT,WHT,CGT"
e9a26d32-610b-4bc3-9f51-3f3c22bee187,RC-512227,8185026472130,BUA Cement Resources Ltd,Retail,Ltd,873412462.7821964,763054390.9557642,181888843.184825,228916317.28672925,30522175.638230566,1164,197610246.04478484,17556763.624802005,12-Sep-2020,2020,17-Feb-2025,Abuja (FCT),Abuja Municipal,www.buacementresourcesltd.net.ng,"CIT,VAT,WHT,CGT"
9c0b2ab4-98b2-4d42-8262-1ae880b82bb0,RC-190180,0368680250762,GIG Logistics Networks Ltd,Retail,Ltd,1259273068.9109666,806088118.9852548,208459055.13505405,241826435.69557643,32243524.75941019,799,237409450.7935935,49832251.72114484,26-Mar-2020,2020,02-May-2024,Lagos,Ikeja,www.giglogisticsnetworksltd.com.ng,"CIT,VAT,WHT,CGT"
7e045b2f-391a-48a3-9bbd-ad4b7d9d2d07,RC-651662,3017813144006,Flutterwave Solutions LLP,Agro,LLP,2533286237.536102,1486984731.5340047,278798016.6612709,446095419.4602014,59479389.26136019,640,240393677.5840381,109244380.60861234,05-Nov-2024,2024,14-Jun-2024,Kaduna,Zaria,www.flutterwavesolutionsllp.com.ng,"CIT,VAT,WHT,CGT"
30ace4e5-d5f4-4cab-a792-9969e560d371,RC-229483,2685638056080,GTBank Resources LLP,Agro,LLP,4948215641.130863,4564084132.525312,990346621.2653965,1369225239.7575936,182563365.3010125,208,24731693.6530566,341473379.9436419,07-Feb-2024,2024,09-Mar-2024,Enugu,Enugu North,www.gtbankresourcesllp.com.ng,"CIT,VAT,WHT,CGT"
e469eeda-975b-480e-93e0-6e52deb9e887,RC-955262,7244742475132,Globacom Solutions NGO/Gte,Tech,NGO/Gte,926960412.4340004,635919260.4205505,108436756.16011898,190775778.12616512,25436770.41682202,271,129070142.67653315,43340132.84680084,30-Jul-2014,2014,21-May-2024,Rivers,Ikwerre,www.globacomsolutionsngo/gte.org.ng,"CIT,VAT,WHT,CGT"
f829d5e7-903d-4235-938b-fd1006cad000,RC-856821,0534604063372,Chi West Africa NGO/Gte,Manufacturing,NGO/Gte,1333805930.092888,1032900131.6381094,248940706.94101351,309870039.49143285,41316005.26552438,178,71671534.470714,12070755.504596177,17-Oct-2014,2014,29-Mar-2024,Kwara,Ilorin East,www.chiwestafricango/gte.ng,"CIT,VAT,WHT,CGT"
fedf1258-02a2-4af3-96ed-6cc136c1b70b,RC-941338,8142556365100,Globacom Nigeria Ltd,Retail,Ltd,4154807204.596508,2478934009.517174,783077391.0278773,743680202.8551521,99157360.38068695,983,111668687.03476311,160610023.03523323,29-Dec-2016,2016,09-Feb-2024,Abuja (FCT),Gwagwalada,www.globacomnigerialtd.net.ng,"CIT,VAT,WHT,CGT"
1c08b837-7025-4be5-a310-fa104cc0d1b4,RC-344537,5387210782533,BUA Cement Holdings Ltd,Tech,Ltd,4704389677.503805,2400325702.0242343,881086460.7618558,720097710.6072702,96013028.08096938,81,32215469.532303605,101432519.02297527,12-Mar-2017,2017,04-Jan-2026,Oyo,Ibadan North,www.buacementholdingsltd.net.ng,"CIT,VAT,WHT,CGT"
bda178f4-e966-4753-a889-a88c5434251f,RC-267381,7233373247078,MTN Global LLP,Agro,LLP,2073846541.9180253,2073228245.2475367,481683313.05212927,621968473.574261,82929129.80990146,1039,101385325.94974148,62246585.14506795,08-Jul-2013,2013,09-Jul-2025,Ogun,Sagamu,www.mtngloballlp.com.ng,"CIT,VAT,WHT,CGT"
a4559a0f-bf6c-42bd-9e9b-519ef0d88cd5,RC-315469,7253384107652,MainOne Global PLC,Agro,PLC,1536937731.8845315,782675386.9922936,175276682.81950873,234802616.09768808,31307015.479691744,33,11504460.465383051,41858541.98261501,25-Jan-2026,2026,27-Nov-2024,Akwa Ibom,Eket,www.mainoneglobalplc.ng,"CIT,VAT,WHT,CGT"
32978724-f6eb-45b1-93ef-538fad9db1af,RC-207186,6145252314225,Filmhouse Industries LLP,Tech,LLP,1440656978.7272546,1187410142.6445067,306577846.93391305,356223042.793352,47496405.70578027,1045,84688003.3900074,6111496.351223722,24-Dec-2019,2019,21-Jun-2024,Delta,Uyo,www.filmhouseindustriesllp.com.ng,"CIT,VAT,WHT,CGT"
68b9471a-e4ed-476e-8473-461a1adaf08e,RC-834252,0528811274005,Access Bank Systems NGO/Gte,Energy,NGO/Gte,3021826562.432075,1525177507.096123,308451065.3752641,457553252.12883687,61007100.28384492,605,147246765.94617113,51715691.916754164,09-Jul-2017,2017,01-Nov-2025,Anambra,Awka South,www.accessbanksystemsngo/gte.org.ng,"CIT,VAT,WHT,CGT"
88e7a04d-10be-4f31-97e0-233b242e1376,RC-270125,1180303772174,OPay Nigeria Ltd,Manufacturing,Ltd,3276751457.075245,2415705510.315807,351457886.8337394,724711653.0947421,96628220.41263227,561,214541285.48375788,67437870.78932244,02-Sep-2025,2025,08-Nov-2024,Enugu,Nsukka,www.opaynigerialtd.com.ng,"CIT,VAT,WHT,CGT"
1444ac23-920d-4b50-b67e-d2ee4a0e998b,RC-368188,8333740037330,BUA Cement Networks LLP,Tech,LLP,3296013071.298691,1977311548.6821873,278024235.7254057,593193464.6046562,79092461.9472875,351,10688819.016346574,10558946.272700844,10-Apr-2022,2022,08-Nov-2024,Anambra,Onitsha North,www.buacementnetworksllp.com.ng,"CIT,VAT,WHT,CGT"
fcdebd0e-1447-466b-be1f-ca54fe8f3372,RC-141197,2871726432700,Cadbury Technologies PLC,Manufacturing,PLC,821871074.2172967,560770047.9206923,150342887.92581764,168231014.37620768,22430801.916827694,925,256117561.43318927,24364965.274022274,22-Dec-2020,2020,15-Sep-2024,Kwara,Ilorin East,www.cadburytechnologiesplc.ng,"CIT,VAT,WHT,CGT"
cb93628e-024c-4697-be58-f0079f4bec38,RC-256792,7452485711234,Rack Centre Enterprises NGO/Gte,Energy,NGO/Gte,2134933354.2111962,2114060453.0388067,452123581.2628399,634218135.911642,84562418.12155227,138,34496847.5270608,122677869.05890574,16-Mar-2013,2013,15-Jan-2026,Lagos,Lagos Island,www.rackcentreenterprisesngo/gte.ng,"CIT,VAT,WHT,CGT"
a65eddbd-b523-4c04-acdc-9857434a6c17,RC-896954,2022318427150,Pointek Group PLC,Manufacturing,PLC,981196567.3510329,900971535.5192071,190264682.39008877,270291460.65576214,36038861.42076828,1181,73177846.90931237,12399018.019736068,01-Mar-2013,2013,06-Oct-2024,Abuja (FCT),Kuje,www.pointekgroupplc.com.ng,"CIT,VAT,WHT,CGT"
65e04785-320e-473a-a191-0dd52fd6eecd,RC-489189,4371306156577,PiggyVest Group Ltd,Energy,Ltd,1249284581.9097347,632326074.8107632,230554534.34432164,189697822.44322896,25293042.99243053,378,93066880.89050674,14877025.697036147,30-Mar-2021,2021,12-Apr-2024,Plateau,Barkin Ladi,www.piggyvestgroupltd.net.ng,"CIT,VAT,WHT,CGT"
a17af13b-d1b3-4f71-ba4d-f2617d44c593,RC-981360,3767062620657,PiggyVest Technologies Ltd,Agro,Ltd,1651889202.837133,1075140450.030823,147137251.9331467,322542135.0092469,43005618.00123292,16,946389.3883607995,24176212.82161419,29-Jun-2021,2021,11-Apr-2024,Abuja (FCT),Kwali,www.piggyvesttechnologiesltd.com.ng,"CIT,VAT,WHT,CGT"
8127da15-c869-45f8-8637-0121ad2baed3,RC-338687,8678557351133,Glovo Group PLC,Fintech,PLC,2090243291.9079878,1711037728.6373408,254255898.90465745,513311318.5912022,68441509.14549363,418,44845328.204230875,17145445.004419107,14-Feb-2021,2021,27-Apr-2024,Delta,Warri South,www.glovogroupplc.ng,"CIT,VAT,WHT,CGT"
71fd88cb-5034-4044-a3ca-13a881f3eccb,RC-429534,5874706357867,Chi Resources LLP,Retail,LLP,3101155917.9049067,2510817751.4536695,484693177.9188472,753245325.4361008,100432710.05814679,214,102851724.72645274,28027274.11902287,15-May-2022,2022,04-Dec-2025,Lagos,Surulere,www.chiresourcesllp.com.ng,"CIT,VAT,WHT,CGT"
b55d706c-2640-4136-ba99-5879f73be13a,RC-488642,3001110443488,BUA Ventures NGO/Gte,Energy,NGO/Gte,4333617749.878724,3988151209.429634,847907437.8744236,1196445362.82889,159526048.37718537,808,238586940.05115288,64567989.43385366,07-Jan-2021,2021,25-Jan-2025,Kano,Kano Municipal,www.buaventuresngo/gte.org.ng,"CIT,VAT,WHT,CGT"
1ca50bbd-b36e-4a34-8b39-efcc074ac0df,RC-814182,6130686883525,AltSchool Technologies NGO/Gte,Fintech,NGO/Gte,1462118844.5941422,1104945743.4846365,364568936.58349735,331483723.04539096,44197829.73938546,791,295521566.693862,66313489.37772154,14-Jun-2022,2022,28-Oct-2025,Oyo,Ibadan South-West,www.altschooltechnologiesngo/gte.ng,"CIT,VAT,WHT,CGT"
7da94abb-64d0-4c68-b73c-3d34b9e48fe0,RC-729439,6358083816585,Moniepoint Solutions Ltd,Fintech,Ltd,3577580582.9248586,2357825765.6129737,536367484.3885017,707347729.6838921,94313030.62451895,848,268734299.05715173,23573240.52886699,05-Feb-2014,2014,17-Apr-2025,Rivers,Okrika,www.moniepointsolutionsltd.com.ng,"CIT,VAT,WHT,CGT"
9ae136b8-ae46-4e87-b661-ff686c3afbe5,RC-164180,0427085201375,Paystack Nigeria LLP,Fintech,LLP,3299244494.373331,2375586604.1246505,292081363.6307718,712675981.2373952,95023464.16498601,150,7862718.509647464,162817535.36567044,20-Sep-2020,2020,02-Dec-2024,Lagos,Alimosho,www.paystacknigeriallp.com.ng,"CIT,VAT,WHT,CGT"
d4700d7d-a013-4dd3-9258-b379ef202bc5,RC-625304,8011461836208,Nestle Enterprises NGO/Gte,Retail,NGO/Gte,827440888.131918,536363275.5027373,142132364.3848881,160908982.65082118,21454531.020109493,889,427688797.61717373,10864820.877350047,23-Sep-2023,2023,30-Apr-2025,Enugu,Udi,www.nestleenterprisesngo/gte.ng,"CIT,VAT,WHT,CGT"
9383a123-5776-46a6-84a1-aa0825bd376c,RC-165024,5762284418673,AltSchool Group LLP,Energy,LLP,4850351048.455784,3120559340.331601,464403037.3295528,936167802.0994803,124822373.61326405,693,186857502.63882565,156768257.4417948,07-Jan-2013,2013,11-Apr-2024,Akwa Ibom,Ikot Ekpene,www.altschoolgroupllp.com.ng,"CIT,VAT,WHT,CGT"
95427864-f49a-4778-ae80-fe3d7d1e29de,RC-127824,6454422711386,Oando Holdings Ltd,Fintech,Ltd,3077529989.115868,2590170640.980312,570163049.1909654,777051192.2940935,103606825.63921247,520,63301583.38285142,33090760.855801456,28-May-2022,2022,07-Nov-2024,Ogun,Abeokuta North,www.oandoholdingsltd.net.ng,"CIT,VAT,WHT,CGT"
1165e138-a19e-454e-b708-b474a59bb510,RC-961626,7332461032820,Moniepoint Technologies LLP,Fintech,LLP,1214861053.0131207,1195976147.3994803,198541961.47319806,358792844.2198441,47839045.89597922,281,13599984.220706748,72396584.69003552,24-Jul-2021,2021,04-Nov-2025,Oyo,Akinyele,www.moniepointtechnologiesllp.com.ng,"CIT,VAT,WHT,CGT"
e758bce4-f900-48a1-a754-524ea4fa12df,RC-148056,4301020521703,Andela Resources NGO/Gte,Manufacturing,NGO/Gte,1964600274.4416,1193088910.525338,402970687.5051733,357926673.15760136,47723556.42101352,742,366763338.72575104,42603232.8383144,17-Mar-2014,2014,07-Jun-2025,Edo,Ikpoba-Okha,www.andelaresourcesngo/gte.ng,"CIT,VAT,WHT,CGT"
80d7f29e-4123-4a52-86a8-8e59676f0c9b,RC-521988,0112586762010,Semicolon Africa West Africa PLC,Retail,PLC,1762095546.2140326,1408727067.721416,382355194.00922465,422618120.3164248,56349082.70885664,956,131918377.93348889,98640145.44702882,22-Nov-2020,2020,27-Sep-2025,Abuja (FCT),Kuje,www.semicolonafricawestafricaplc.ng,"CIT,VAT,WHT,CGT"
bd22dc71-a9ca-419b-a027-d14b1c733f29,RC-687339,7254635578424,Mikano Solutions NGO/Gte,Retail,NGO/Gte,316128660.41051406,308846309.83171856,55147757.085098974,92653892.94951557,12353852.393268744,641,34169477.40735452,3694371.2825393113,03-Sep-2016,2016,01-Mar-2024,Rivers,Eleme,www.mikanosolutionsngo/gte.org.ng,"CIT,VAT,WHT,CGT"
06a3cbba-6ea1-49e5-9698-260b81daa3bf,RC-390783,5807750475554,Opay West Africa NGO/Gte,Manufacturing,NGO/Gte,4795142931.125211,2705989023.337598,1187110287.1772637,811796707.0012794,108239560.93350391,1169,463537610.8018236,1251353.3694576393,24-Aug-2014,2014,16-Jul-2024,Oyo,Egbeda,www.opaywestafricango/gte.org.ng,"CIT,VAT,WHT,CGT"
1c2b6b4f-db4e-4c09-bfa4-2d48eb67dcc1,RC-312028,5507834123705,Peace Mass Systems NGO/Gte,Retail,NGO/Gte,2604667340.758991,1855138127.9560874,258158767.72226396,556541438.3868262,74205525.1182435,228,71173019.08280486,56343206.65979886,13-Apr-2013,2013,15-Mar-2025,Oyo,Ibadan South-West,www.peacemasssystemsngo/gte.ng,"CIT,VAT,WHT,CGT"
b2cad46b-20ad-4a70-8301-d5d05a51a211,RC-479816,4814054640722,Moniepoint Resources LLP,Agro,LLP,2842529936.1358376,2215876169.2862406,281986473.9439709,664762850.7858721,88635046.77144963,737,211900256.20479727,29362572.666013476,24-Aug-2012,2012,28-Jun-2025,Enugu,Nsukka,www.moniepointresourcesllp.com.ng,"CIT,VAT,WHT,CGT"
4818263d-e1d6-4b7d-a8b2-c8ced3fd0f5f,RC-647798,7183424045035,Zenith Bank Group LLP,Energy,LLP,2208539903.245607,1863543564.4762256,331482174.21364295,559063069.3428676,74541742.57904902,866,141488423.71447873,3425287.6846836284,27-Jul-2024,2024,23-Mar-2024,Lagos,Lagos Island,www.zenithbankgroupllp.com.ng,"CIT,VAT,WHT,CGT"
7fab3f65-ae6d-4f7b-adf3-cfa679394278,RC-935951,2631332876728,Pointek West Africa NGO/Gte,Energy,NGO/Gte,1987438272.835203,1864181570.2689428,418640620.1766686,559254471.0806829,74567262.81075771,757,72080537.47333759,132461628.72862108,15-Jun-2024,2024,29-Jan-2025,Rivers,Port Harcourt,www.pointekwestafricango/gte.ng,"CIT,VAT,WHT,CGT"
1dad668d-6cca-4031-afb7-ba1e0375943d,RC-226599,6672063316455,Flutterwave Industries Ltd,Tech,Ltd,3060396171.1738267,3032689338.9246745,565630697.7616711,909806801.6774024,121307573.55698699,256,104994852.84398486,77297822.61828524,07-Feb-2024,2024,07-Mar-2024,Enugu,Udi,www.flutterwaveindustriesltd.net.ng,"CIT,VAT,WHT,CGT"
8ea485aa-38db-4d36-8285-e9fcc78275e7,RC-203613,4000027842470,Coscharis Holdings NGO/Gte,Manufacturing,NGO/Gte,3854737170.874512,2906284417.5396924,427942658.75474113,871885325.2619077,116251376.70158769,867,163922505.65138152,28827773.464379422,17-Jan-2013,2013,02-Jul-2025,Rivers,Ikwerre,www.coscharisholdingsngo/gte.ng,"CIT,VAT,WHT,CGT"
cc53d34b-0769-4c74-bcea-2b74da4ff7f5,RC-170944,4757320565874,Ibeto Systems NGO/Gte,Fintech,NGO/Gte,4785090302.191801,3879362160.5434384,418535932.20553607,1163808648.1630316,155174486.42173755,498,47584107.340893544,84659163.98778594,19-May-2020,2020,29-Oct-2024,Rivers,Port Harcourt,www.ibetosystemsngo/gte.org.ng,"CIT,VAT,WHT,CGT"
034e1d21-76f9-4250-acf9-9936bce5752c,RC-770062,6633585118410,BUA Systems PLC,Agro,PLC,2816847211.5673656,1552381306.1909115,234563701.43291324,465714391.85727346,62095252.24763646,523,166493155.51179016,10206393.02866965,15-Sep-2025,2025,11-Feb-2025,Ogun,Abeokuta South,www.buasystemsplc.com.ng,"CIT,VAT,WHT,CGT"
81e693ab-67be-41c4-97ef-a23d868594e2,RC-998268,4784175184505,Opay Networks LLP,Fintech,LLP,1413184351.2407997,1136574048.139327,172788534.2128367,340972214.4417981,45462961.92557308,638,124821328.58379725,3127282.7090882277,18-Jan-2014,2014,27-Mar-2025,Delta,Sapele,www.opaynetworksllp.com.ng,"CIT,VAT,WHT,CGT"
2a8b639e-d6ea-4088-95fb-e6d48ad49d80,RC-909556,8005484673770,Sterling Bank Ventures LLP,Fintech,LLP,1292194026.5721128,729771839.0846707,226730181.0314422,218931551.7254012,29190873.563386828,76,28980628.846141387,34418238.116810195,22-Dec-2018,2018,26-Nov-2024,Akwa Ibom,Uyo,www.sterlingbankventuresllp.com.ng,"CIT,VAT,WHT,CGT"
59c55246-ad21-4f28-847e-cd68299754d5,RC-153430,0142822152218,Slot Resources PLC,Manufacturing,PLC,1114982240.1245751,1046784443.443881,125688885.20745362,314035333.0331643,41871377.73775524,802,82288530.43607521,19805412.72191714,09-Aug-2016,2016,16-Dec-2024,Lagos,Ifako-Ijaiye,www.slotresourcesplc.com.ng,"CIT,VAT,WHT,CGT"
d1d3408a-5c9b-4c58-9e12-f215fd3aba01,RC-647003,7866375438328,Oando Services NGO/Gte,Energy,NGO/Gte,4112657041.8815103,2786773119.5005927,697848462.4238279,836031935.8501778,111470924.78002371,432,53216349.76823084,70733788.40468195,11-Dec-2011,2011,09-Jul-2025,Kaduna,Kafanchan,www.oandoservicesngo/gte.org.ng,"CIT,VAT,WHT,CGT"
82f25ccf-93c3-4035-a4cd-fd37057caf90,RC-373020,4223821402373,Konga Technologies Ltd,Agro,Ltd,2464840517.604037,1635196539.3793535,363806686.2457137,490558961.81380606,65407861.575174145,661,149333509.8248246,34582634.38245989,13-Jul-2016,2016,21-Nov-2024,Lagos,Ifako-Ijaiye,www.kongatechnologiesltd.com.ng,"CIT,VAT,WHT,CGT"
ffd268f2-3838-413a-b6ac-c1fafbfcc98f,RC-649717,4275458270362,Genesis Group Logistics PLC,Retail,PLC,2613398889.811824,2250679461.9708395,390645063.03878236,675203838.5912519,90027178.47883359,687,128331841.07598129,140366277.31364182,09-Nov-2017,2017,29-Sep-2024,Delta,Warri South,www.genesisgrouplogisticsplc.ng,"CIT,VAT,WHT,CGT"
05a0a715-d21f-4173-8266-33cda6287cbf,RC-317864,8802138758556,Chi Nigeria PLC,Fintech,PLC,2773692573.275039,2356574043.652031,604532675.2713128,706972213.0956093,94262961.74608123,870,380111427.1248227,59163304.45691059,20-May-2012,2012,28-Dec-2024,Kaduna,Kaduna South,www.chinigeriaplc.ng,"CIT,VAT,WHT,CGT"
c594e701-45dd-482c-a8c5-9b4ab320792f,RC-988824,4747332256858,Peace Mass Systems LLP,Energy,LLP,3527753526.993606,3414541217.2366114,375683755.54842305,1024362365.1709833,136581648.68946445,1014,109651470.02406138,103457486.61386679,02-Mar-2015,2015,11-Feb-2024,Lagos,Lagos Island,www.peacemasssystemsllp.com.ng,"CIT,VAT,WHT,CGT"
f3c94c7f-4768-4ff7-9ad3-c16f6f247797,RC-308017,8655836225330,Access Bank West Africa Ltd,Tech,Ltd,2804247527.8855934,1532660592.3853002,662183427.8536637,459798177.71559006,61306423.69541201,1180,351503763.35604095,103787047.95585404,30-Oct-2013,2013,19-May-2024,Lagos,Ikeja,www.accessbankwestafricaltd.net.ng,"CIT,VAT,WHT,CGT"
fa1b6dc0-4a49-4cc1-a61c-de71b3f86280,RC-969729,3045206438113,Dangote Nigeria NGO/Gte,Manufacturing,NGO/Gte,809863068.1007489,540695495.0261127,65698847.74648155,162208648.5078338,21627819.80104451,690,280670268.2103321,21827205.39837689,29-Jun-2022,2022,07-May-2024,Enugu,Enugu North,www.dangotenigeriango/gte.org.ng,"CIT,VAT,WHT,CGT"
f427e42b-0379-48bc-9056-3059943c9da9,RC-510839,6688568263601,BUA Nigeria LLP,Retail,LLP,3189640269.008413,2985957886.939196,672142655.7357476,895787366.0817589,119438315.47756785,759,267529037.74704853,141263028.0563131,14-Jun-2023,2023,16-Mar-2024,Kwara,Ilorin West,www.buanigeriallp.com.ng,"CIT,VAT,WHT,CGT"
316104de-5905-445c-acd0-9e3e53b021f1,RC-813919,6558853773566,Paystack Systems LLP,Retail,LLP,1857146299.9291904,1253245719.4665065,302954623.16005826,375973715.83995193,50129828.77866026,873,49934746.075756095,84454466.81307164,01-Oct-2016,2016,03-Sep-2024,Ogun,Sagamu,www.paystacksystemsllp.com.ng,"CIT,VAT,WHT,CGT"
fe0c9d2b-de80-4760-b319-011f743e60ac,RC-358105,7240163006851,Galaxy Backbone Industries PLC,Energy,PLC,1770629252.3773096,1299387208.7308218,370071087.8197867,389816162.61924654,51975488.349232875,111,50693849.79916124,89813488.62440123,14-Mar-2025,2025,20-Sep-2025,Lagos,Eti-Osa,www.galaxybackboneindustriesplc.ng,"CIT,VAT,WHT,CGT"
f554854c-cf19-4085-a875-6390b8d0179b,RC-806673,6478844713382,GTCO Logistics LLP,Fintech,LLP,2199407205.3044024,1588715713.8323886,249647321.2226357,476614714.14971656,63548628.553295545,365,125853422.96486971,114904378.43264759,23-Apr-2015,2015,12-Oct-2024,Lagos,Surulere,www.gtcologisticsllp.com.ng,"CIT,VAT,WHT,CGT"
4a795e28-4b45-4651-bd3c-32fe2e7fbdb5,RC-157663,0047718401286,Elizade Networks NGO/Gte,Agro,NGO/Gte,3183455384.2595015,2496916326.9500947,772210517.4048746,749074898.0850284,99876653.0780038,1143,76627781.48946251,1531784.1277242694,30-Dec-2014,2014,29-Nov-2024,Lagos,Lagos Island,www.elizadenetworksngo/gte.ng,"CIT,VAT,WHT,CGT"
94ba7fb2-f9a0-431d-9d14-92281f48f1ad,RC-894873,8842851526320,Semicolon Group PLC,Fintech,PLC,3989771996.7371945,2337751235.725131,549015632.6854951,701325370.7175393,93510049.42900525,949,363573637.82190734,117063567.32010552,03-Nov-2018,2018,20-Nov-2024,Lagos,Agege,www.semicolongroupplc.com.ng,"CIT,VAT,WHT,CGT"
aa155296-b7a4-495c-b9dc-d962631706c5,RC-134317,0521626410353,Palmpay Enterprises Ltd,Manufacturing,Ltd,4309316717.671721,3981557493.4625735,1039351278.1020871,1194467248.038772,159262299.73850295,633,55190407.33600142,262741489.4123384,17-Oct-2023,2023,16-May-2024,Kaduna,Kafanchan,www.palmpayenterprisesltd.com.ng,"CIT,VAT,WHT,CGT"
03824008-1a78-419e-a57a-aa3154370384,RC-447732,8868544347846,Semicolon Technologies PLC,Tech,PLC,4280437701.8484945,3330687465.3755546,881857968.0542154,999206239.6126664,133227498.61502218,867,183809250.29230106,157560337.4199057,06-Nov-2015,2015,29-May-2025,Akwa Ibom,Eket,www.semicolontechnologiesplc.ng,"CIT,VAT,WHT,CGT"
adb54586-5e49-49cd-ad50-b91e9b686804,RC-544679,5118516088676,GIG Logistics Systems Ltd,Retail,Ltd,1419307434.2316897,1295835664.0950031,197300630.51558095,388750699.2285009,51833426.56380013,23,7856995.367731142,86947983.11523846,21-Feb-2021,2021,16-Feb-2025,Abuja (FCT),Gwagwalada,www.giglogisticssystemsltd.com.ng,"CIT,VAT,WHT,CGT"
e670eeca-3f98-4be0-952e-c987ea6c4c8e,RC-961218,8785828258672,Access Holdings PLC,Retail,PLC,4406222582.937849,2992624782.858791,956968552.6327729,897787434.8576373,119704991.31435163,580,194683053.13110045,13568687.067583274,01-Mar-2012,2012,07-Dec-2024,Anambra,Idemili South,www.accessholdingsplc.ng,"CIT,VAT,WHT,CGT"
14f1812a-6e70-4fb2-b33f-e7c26498857b,RC-401948,0038805664470,BUA Cement Services PLC,Tech,PLC,403598804.6500207,400748843.1260862,78196954.34389201,120224652.93782584,16029953.725043448,1112,405873937.38701373,19034587.08667241,13-Feb-2024,2024,10-Aug-2024,Lagos,Ifako-Ijaiye,www.buacementservicesplc.ng,"CIT,VAT,WHT,CGT"
4d5729b3-cff4-49ea-8ed6-08fc822e4dc2,RC-282042,4362707853030,Nestle Systems Ltd,Energy,Ltd,1788940973.8512483,1062948451.848583,309821490.3045488,318884535.5545749,42517938.07394332,944,439569000.63427687,68441628.84768578,25-Jan-2024,2024,01-Nov-2025,Delta,Sapele,www.nestlesystemsltd.com.ng,"CIT,VAT,WHT,CGT"
8f159fbc-9f71-4aaf-b3ad-e2b3ea37168d,RC-991712,3135241212510,Slot Solutions LLP,Energy,LLP,633378393.5061214,348356133.24234176,150288881.6451414,104506839.97270252,13934245.329693671,318,86927071.47443068,21618975.78868712,26-Mar-2024,2024,30-Apr-2025,Abuja (FCT),Kwali,www.slotsolutionsllp.com.ng,"CIT,VAT,WHT,CGT"
32b7030c-e6b5-4520-8fce-4748c32b3ed8,RC-396247,8360730562114,Zenith Technologies Ltd,Agro,Ltd,2846918721.842575,2338320739.9749756,405655017.9592115,701496221.9924927,93532829.59899902,1028,108087411.88694511,19449033.377797913,23-Feb-2025,2025,30-May-2024,Oyo,Ibadan North,www.zenithtechnologiesltd.net.ng,"CIT,VAT,WHT,CGT"
4f4e0877-eff6-4b53-980f-e56586c0c2e6,RC-326624,4462847784680,Sterling Bank Systems LLP,Manufacturing,LLP,1977722966.1649435,1963412926.6521902,450426740.0267878,589023877.9956571,78536517.0660876,547,267411832.42470485,120819667.26816085,01-Jun-2018,2018,03-May-2024,Delta,Uyo,www.sterlingbanksystemsllp.com.ng,"CIT,VAT,WHT,CGT"
42db561a-16d5-4944-9a44-5ec51222cef1,RC-415899,6853322441508,Chi Technologies LLP,Agro,LLP,1318597019.3922815,742700516.1449176,318116229.3837972,222810154.84347528,29708020.645796705,405,30349194.25036297,42695409.94669399,14-Mar-2014,2014,10-Jun-2025,Lagos,Lagos Island,www.chitechnologiesllp.com.ng,"CIT,VAT,WHT,CGT"
61612bf9-fa69-4fe8-acfb-a12eff851697,RC-234437,3080782364106,BUA Networks NGO/Gte,Retail,NGO/Gte,1694743706.681014,1231175647.0757992,305880081.6229417,369352694.12273973,49247025.88303197,909,218680686.72534117,20913349.657700434,13-Sep-2014,2014,07-Jun-2025,Kano,Tarauni,www.buanetworksngo/gte.org.ng,"CIT,VAT,WHT,CGT"
f8b2e548-38c5-492a-bdd9-d6435be6e0f1,RC-962882,4615772773127,Access Nigeria PLC,Fintech,PLC,2158022506.6861596,1875411965.978171,524751933.04382795,562623589.7934513,75016478.63912685,898,295170457.8239345,75236928.39736702,05-Feb-2022,2022,26-Apr-2025,Ogun,Sagamu,www.accessnigeriaplc.ng,"CIT,VAT,WHT,CGT"
ef09e5f8-8e87-40c1-9437-34bc14a9aaea,RC-717045,4701576204250,Airtel Industries NGO/Gte,Fintech,NGO/Gte,3254024656.9105277,2254127201.88015,481509208.672087,676238160.564045,90165088.075206,841,86388415.27694845,50298807.759613924,19-Apr-2024,2024,19-Jul-2024,Rivers,Ikwerre,www.airtelindustriesngo/gte.org.ng,"CIT,VAT,WHT,CGT"
dcbbd936-f731-442d-bd41-2fa19ca9cc40,RC-888794,5105568126006,Nestle Enterprises LLP,Manufacturing,LLP,246225430.31024438,210979512.64283437,45411341.4777179,63293853.79285031,8439180.505713375,830,357377596.13278645,13226911.654530106,04-May-2016,2016,20-Dec-2025,Ogun,Sagamu,www.nestleenterprisesllp.com.ng,"CIT,VAT,WHT,CGT"
c08f8d4e-8253-4971-b530-3209b7f4fa43,RC-195738,6663236480525,Pointek Group Ltd,Manufacturing,Ltd,1790158869.3615952,1549871695.8981407,353388489.80478686,464961508.7694422,61994867.83592563,216,96695864.15446143,52347294.041459896,17-Dec-2014,2014,16-Sep-2025,Kwara,Offa,www.pointekgroupltd.net.ng,"CIT,VAT,WHT,CGT"
a9996af2-4d35-4915-b4d6-4a7e2380123f,RC-804406,4875537016856,BUA Cement Technologies PLC,Energy,PLC,3408704462.5014076,2216615504.0304427,467276242.38217926,664984651.2091328,88664620.1612177,796,191825967.37125766,97681378.17630498,01-Sep-2022,2022,18-Jul-2025,Delta,Warri South,www.buacementtechnologiesplc.com.ng,"CIT,VAT,WHT,CGT"
fbdd0f42-44ab-40e7-802b-b484949ca2c5,RC-711346,5680702126282,BUA West Africa NGO/Gte,Fintech,NGO/Gte,2108781560.4071,2070953431.6302652,517487249.80383605,621286029.4890796,82838137.26521061,460,75340908.20757037,7850099.656061281,14-Mar-2011,2011,19-Aug-2024,Akwa Ibom,Ikot Ekpene,www.buawestafricango/gte.ng,"CIT,VAT,WHT,CGT"
1abc077e-c194-406e-aeaa-3634b79d253b,RC-249606,6741023567413,Peace Mass Group Ltd,Agro,Ltd,1250586043.93852,701984920.9460055,139497784.90588096,210595476.28380165,28079396.837840218,768,251338332.20737293,17837305.015858535,28-Oct-2017,2017,24-Apr-2024,Plateau,Jos South,www.peacemassgroupltd.com.ng,"CIT,VAT,WHT,CGT"
dc3eb0d0-6b56-4f81-a133-22488ac0e825,RC-183941,7775351536202,Nestle Logistics Ltd,Agro,Ltd,1806666797.3761814,1169713414.3698945,431098915.4861902,350914024.31096834,46788536.57479578,627,227813997.07248396,21361853.4992206,06-Aug-2015,2015,07-Feb-2025,Abuja (FCT),Gwagwalada,www.nestlelogisticsltd.com.ng,"CIT,VAT,WHT,CGT"
9311c5f2-c3fc-4a7e-98cd-e05caabc8b17,RC-203627,1285260617117,Kuda Systems NGO/Gte,Manufacturing,NGO/Gte,4828052870.731234,3662297470.064102,879305715.6109,1098689241.0192306,146491898.80256408,56,19342893.821376957,125937668.68127048,17-Aug-2020,2020,22-Oct-2024,Abuja (FCT),Kuje,www.kudasystemsngo/gte.org.ng,"CIT,VAT,WHT,CGT"
14b02401-69d6-48bf-9762-d2ae145cd6f9,RC-317633,4541816717183,Eroton Services LLP,Tech,LLP,1985949337.6128962,1759247919.5374064,493003442.9073498,527774375.8612219,70369916.78149626,735,149594847.04589006,39194739.16995542,21-Feb-2016,2016,22-Nov-2025,Abuja (FCT),Bwari,www.erotonservicesllp.com.ng,"CIT,VAT,WHT,CGT"
3da75f3b-dea1-49a1-9cc5-5bafc1752b50,RC-388251,6714062576758,Rack Centre Solutions PLC,Agro,PLC,3473773159.7544994,1778029665.836428,519371358.0827451,533408899.75092834,71121186.63345712,150,7429373.954808415,131473165.75566833,06-Jul-2023,2023,04-Mar-2025,Enugu,Nsukka,www.rackcentresolutionsplc.ng,"CIT,VAT,WHT,CGT"
3dd5c709-88e6-4692-8d01-6df47ace235d,RC-774417,0474042313012,Honeywell Solutions Ltd,Energy,Ltd,3527943032.235994,2379078564.2545204,377602745.86916935,713723569.2763561,95163142.57018082,677,44529982.81130038,12440259.043549702,31-Jan-2018,2018,01-Apr-2024,Ogun,Abeokuta South,www.honeywellsolutionsltd.net.ng,"CIT,VAT,WHT,CGT"
e2fed6bb-7370-4b2b-bac1-44957738ba7f,RC-193410,5231631314133,Dangote Resources NGO/Gte,Manufacturing,NGO/Gte,4992441917.558572,4204819646.9538374,996823141.8230237,1261445894.0861511,168192785.8781535,749,368188458.2379623,106870982.42999806,25-Feb-2013,2013,27-Jan-2026,Lagos,Lagos Island,www.dangoteresourcesngo/gte.org.ng,"CIT,VAT,WHT,CGT"
04d83bb6-e8b9-46a7-8910-ab3401ed7f68,RC-336563,5501054328062,Ibeto Enterprises PLC,Agro,PLC,2995832882.490413,2648107059.051947,737218555.449596,794432117.7155842,105924282.36207789,554,245051640.52160764,129408474.68928874,04-Aug-2012,2012,01-Apr-2025,Lagos,Ifako-Ijaiye,www.ibetoenterprisesplc.ng,"CIT,VAT,WHT,CGT"
8525c8a1-04d9-4232-99b7-cd18a3744ff5,RC-343510,7663075051888,SevenUp Nigeria PLC,Manufacturing,PLC,2479627214.8486495,1587058719.6283972,278703081.20781595,476117615.88851917,63482348.78513589,891,357916585.8839691,12811333.91203281,15-Jun-2013,2013,28-May-2024,Kaduna,Kafanchan,www.sevenupnigeriaplc.ng,"CIT,VAT,WHT,CGT"
9c8e8152-26da-40b1-9c89-c1fb40766583,RC-419606,0485088046857,Stanbic Holdings LLP,Fintech,LLP,2379761408.688757,1389530573.9389875,555414460.6181401,416859172.18169624,55581222.9575595,511,199438841.71059516,87809737.20462638,29-Jan-2022,2022,01-Mar-2024,Lagos,Mushin,www.stanbicholdingsllp.com.ng,"CIT,VAT,WHT,CGT"
a1e0a3ff-1f76-4faa-9fe9-f91de6de3bde,RC-564628,6304084804345,Access Bank Services Ltd,Agro,Ltd,233455249.8563912,202561538.58042014,28354020.097409546,60768461.574126035,8102461.543216806,257,65144111.942540005,12207013.272431135,22-Dec-2023,2023,14-Nov-2024,Edo,Oredo,www.accessbankservicesltd.com.ng,"CIT,VAT,WHT,CGT"
5e3444b9-2a5c-4ebc-a1b2-15a43ba6e6b7,RC-803419,0722042606607,Flutterwave Nigeria LLP,Fintech,LLP,1713777641.72421,1122159576.8626359,403998095.24862844,336647873.05879074,44886383.07450543,1031,223082878.2255967,77550732.01862553,28-Apr-2016,2016,07-Sep-2024,Lagos,Agege,www.flutterwavenigeriallp.com.ng,"CIT,VAT,WHT,CGT"
ccccc47b-d869-4200-9037-46b327e7e3f8,RC-351507,8637388746035,GIG Logistics West Africa NGO/Gte,Manufacturing,NGO/Gte,3443669532.196023,2574206147.441526,566929204.0883018,772261844.2324578,102968245.89766105,73,22650052.63931063,163511039.68178356,03-Feb-2016,2016,05-Jul-2025,Lagos,Surulere,www.giglogisticswestafricango/gte.ng,"CIT,VAT,WHT,CGT"
af868adc-1166-49fc-9c2f-9edd0b8c2434,RC-277639,1112587342841,Semicolon Africa Industries LLP,Fintech,LLP,2074028912.059244,1922728523.3272047,355970115.71769613,576818556.9981614,76909140.93308818,559,60142978.48163726,22055579.983902216,02-Sep-2025,2025,02-Oct-2025,Ogun,Abeokuta South,www.semicolonafricaindustriesllp.com.ng,"CIT,VAT,WHT,CGT"
779cce6d-7a2d-44c3-99b3-58dabce2af2c,RC-832280,7602782167515,Cadbury Systems Ltd,Fintech,Ltd,336967625.38083315,331830665.12329364,68958797.39446074,99549199.5369881,13273226.604931746,1125,536915933.0189285,5121895.644634201,04-Nov-2014,2014,11-Jan-2026,Abuja (FCT),Gwagwalada,www.cadburysystemsltd.net.ng,"CIT,VAT,WHT,CGT"
0ba1002c-95a6-43e4-8e72-be016b18df97,RC-558524,0477025334830,Zenith Bank Holdings Ltd,Retail,Ltd,2293896964.160944,1784354154.38977,219521962.007789,535306246.316931,71374166.1755908,1165,390223436.9128271,70810565.89722998,08-Mar-2014,2014,17-Feb-2025,Kwara,Offa,www.zenithbankholdingsltd.net.ng,"CIT,VAT,WHT,CGT"
1ccff1c4-6224-473d-9098-6a7fde506a0f,RC-824738,2867660881587,Airtel Resources Ltd,Retail,Ltd,1963372598.420689,996648030.4466087,256228417.55047104,298994409.1339826,39865921.21786435,1041,359176009.24306065,19595433.580361452,22-Dec-2019,2019,04-Apr-2024,Lagos,Ifako-Ijaiye,www.airtelresourcesltd.com.ng,"CIT,VAT,WHT,CGT"
38ad8a26-8a00-449f-a774-325bcf910559,RC-224451,4074171583520,TotalEnergies Logistics LLP,Fintech,LLP,4356934061.049125,3534908808.416108,586901024.4795978,1060472642.5248324,141396352.33664432,210,92823329.24963886,111956246.09846616,27-Feb-2024,2024,31-Dec-2024,Kaduna,Kaduna South,www.totalenergieslogisticsllp.com.ng,"CIT,VAT,WHT,CGT"
e1d7c6b8-29eb-4d35-ba78-a3a0da169168,RC-276116,0732844764251,Slot Group LLP,Manufacturing,LLP,1471464791.236937,859726844.7190876,338104224.87233245,257918053.41572627,34389073.78876351,383,58508378.63453445,60957292.992913686,16-Jan-2020,2020,28-May-2024,Lagos,Oshodi-Isolo,www.slotgroupllp.com.ng,"CIT,VAT,WHT,CGT"
48167072-5711-40d6-8bb3-9fa4ec124c1d,RC-603312,5103062123131,Nigerian Breweries Technologies NGO/Gte,Manufacturing,NGO/Gte,1500787569.5112624,1055420269.858209,225118751.91674125,316626080.95746267,42216810.79432836,428,154522211.06163082,2570731.393197333,06-Aug-2023,2023,22-Aug-2025,Plateau,Jos North,www.nigerianbreweriestechnologiesngo/gte.org.ng,"CIT,VAT,WHT,CGT"
acdacf19-8f74-40c2-8c55-6540e0e7b18c,RC-336956,6828482680758,Cadbury Systems PLC,Manufacturing,PLC,2989119379.517659,1689596678.9994895,306929262.71107495,506879003.69984686,67583867.15997958,707,131563195.33487079,65825586.57874897,17-Dec-2016,2016,30-Mar-2025,Plateau,Jos South,www.cadburysystemsplc.ng,"CIT,VAT,WHT,CGT"
2bd535d9-0506-4cb5-bbf5-81dc5c66d658,RC-964702,6543847154022,Zenith Nigeria LLP,Agro,LLP,2654062381.1314936,2280066543.7711334,502821029.2671483,684019963.13134,91202661.75084534,434,195503106.59523362,123474842.54688829,17-Oct-2011,2011,25-Jul-2025,Enugu,Enugu North,www.zenithnigeriallp.com.ng,"CIT,VAT,WHT,CGT"
9c71606a-2bc1-4c95-b65c-a4cfd3ae5e49,RC-528543,5775431881066,Sterling Bank Industries NGO/Gte,Agro,NGO/Gte,1798358770.232795,1517520015.0657408,166861648.78591388,455256004.5197222,60700800.60262963,172,14143747.344250869,108097176.58872543,07-Jun-2018,2018,13-Oct-2025,Abuja (FCT),Bwari,www.sterlingbankindustriesngo/gte.org.ng,"CIT,VAT,WHT,CGT"
628a677f-ce45-4234-bdd7-656acd69ee79,RC-629274,0016586870601,Filmhouse Resources LLP,Retail,LLP,424508808.84495306,377136643.5351391,60270529.42156055,113140993.06054172,15085465.741405563,92,21230409.52785667,18102792.463542353,01-Jun-2020,2020,18-Jul-2024,Rivers,Okrika,www.filmhouseresourcesllp.com.ng,"CIT,VAT,WHT,CGT"
aa3227ee-167d-402d-8363-ea2e896384fb,RC-676950,3281360861674,Rack Centre Resources PLC,Agro,PLC,2704516248.153339,1926700822.4050198,321481258.9731898,578010246.7215059,77068032.89620079,714,80937853.74261625,108161695.68520242,04-Sep-2025,2025,23-Mar-2025,Lagos,Agege,www.rackcentreresourcesplc.com.ng,"CIT,VAT,WHT,CGT"
b51225cd-ad28-4acf-b890-1d3a6f09ca00,RC-569925,8538650635268,Flour Mills Enterprises Ltd,Energy,Ltd,2043368680.9046779,1921477031.7868748,176855706.94987255,576443109.5360624,76859081.27147499,873,262955904.00233665,70540255.0059925,05-Dec-2022,2022,11-Sep-2024,Abuja (FCT),Kwali,www.flourmillsenterprisesltd.net.ng,"CIT,VAT,WHT,CGT"
af493efb-e2de-411e-a61b-51a08071b4fe,RC-201808,2744135718176,Kuda Technologies PLC,Tech,PLC,4297864994.116441,4001906360.207419,902983898.141368,1200571908.0622256,160076254.40829676,466,140752593.3948701,5287919.594885163,11-Jul-2020,2020,30-Sep-2024,Edo,Ikpoba-Okha,www.kudatechnologiesplc.com.ng,"CIT,VAT,WHT,CGT"
717f0d86-ff37-4cfe-b1c4-071ee973bd1d,RC-449592,5033005736481,GTBank Ventures PLC,Fintech,PLC,4052964132.6371365,3171589118.1993394,489238031.6633819,951476735.4598018,126863564.72797358,1104,360235679.9868845,100180343.91191977,09-Feb-2022,2022,16-Aug-2024,Lagos,Surulere,www.gtbankventuresplc.ng,"CIT,VAT,WHT,CGT"
ece98eb3-74b9-417f-b960-0859ec46e1a8,RC-833904,6814514127662,Sterling Bank Logistics LLP,Fintech,LLP,447196270.3714369,444480008.8110451,95469451.68525869,133344002.64331353,17779200.352441806,675,138912588.4451951,2377316.8137244205,02-Nov-2011,2011,13-Aug-2024,Kaduna,Kafanchan,www.sterlingbanklogisticsllp.com.ng,"CIT,VAT,WHT,CGT"
87817d9a-7b1d-42c6-addc-c929c83dd979,RC-796962,7422083032017,GTCO Group LLP,Energy,LLP,3443118846.933649,3359039925.5660334,598507834.6565123,1007711977.6698099,134361597.02264133,607,229801379.38973126,235852494.5258193,10-Jun-2020,2020,28-Jun-2024,Oyo,Akinyele,www.gtcogroupllp.com.ng,"CIT,VAT,WHT,CGT"
84fea88c-ab3f-4c9d-b046-e7e1f7237f9d,RC-366361,2426131477632,Genesis Group Nigeria LLP,Energy,LLP,3984754319.7102275,3612254398.780916,964039763.0708553,1083676319.6342747,144490175.95123667,654,51375654.50797573,215448986.58961025,28-Aug-2017,2017,16-Mar-2025,Kano,Kano Municipal,www.genesisgroupnigeriallp.com.ng,"CIT,VAT,WHT,CGT"
3770dc38-304b-4099-9a52-3d1299c25d73,RC-680968,1321766644012,Flour Mills Global NGO/Gte,Fintech,NGO/Gte,4553781606.21037,3292152013.29239,462931241.21563566,987645603.9877169,131686080.5316956,115,57327428.63631453,91792254.84088212,24-Aug-2018,2018,11-Dec-2024,Kaduna,Kafanchan,www.flourmillsglobalngo/gte.ng,"CIT,VAT,WHT,CGT"
f8855652-1f3f-47e4-a562-01d49d6ddf5a,RC-246942,6771071420442,Silverbird Global LLP,Agro,LLP,3423511758.5419188,3039736253.475037,339612785.92056286,911920876.0425111,121589450.13900149,219,17244631.58491026,221998881.4004269,04-Aug-2022,2022,21-Jul-2025,Oyo,Akinyele,www.silverbirdgloballlp.com.ng,"CIT,VAT,WHT,CGT"
70997e51-2877-46ed-8908-179351d092b0,RC-419504,0607882350243,Moniepoint Global LLP,Retail,LLP,170284740.4399588,92425161.02421258,20459717.08127603,27727548.307263773,0.0,440,147177927.5461079,3059274.9366429686,11-Jul-2011,2011,02-Aug-2025,Rivers,Ikwerre,www.moniepointgloballlp.com.ng,"CIT,VAT,WHT,CGT"
f27ce877-4772-4531-a5aa-0f8233e05a11,RC-644790,6682125002472,Mikano West Africa Ltd,Fintech,Ltd,2670506998.665015,1918176099.4410923,284215674.79454017,575452829.8323276,76727043.9776437,1078,324441383.9152829,129312410.99530894,21-May-2023,2023,12-Oct-2025,Rivers,Okrika,www.mikanowestafricaltd.com.ng,"CIT,VAT,WHT,CGT"
057d1c70-91c0-49a7-b584-028905fcbeba,RC-573051,0380778273665,Rack Centre Logistics Ltd,Retail,Ltd,4042512967.9558024,2732967842.0249634,813109805.108399,819890352.607489,109318713.68099853,385,92725347.08171524,43581422.49270799,12-Aug-2016,2016,28-Dec-2025,Edo,Oredo,www.rackcentrelogisticsltd.com.ng,"CIT,VAT,WHT,CGT"
ed0e56f0-6170-454f-a64e-2c9d72b588e8,RC-201894,5764522546406,Opay Industries LLP,Manufacturing,LLP,3604170663.861508,3086805979.804255,563962126.0624677,926041793.9412764,123472239.1921702,159,34057287.66941444,85024717.38137013,30-Aug-2023,2023,28-Aug-2024,Kano,Kano Municipal,www.opayindustriesllp.com.ng,"CIT,VAT,WHT,CGT"
53b2d158-b077-4f5d-a158-7673aa4cf7f3,RC-133068,5481373211363,Access Bank Services PLC,Retail,PLC,3279674927.4987206,1934037315.1331336,400856476.15349644,580211194.5399401,77361492.60532534,443,34032881.204176836,139688820.2057809,29-Nov-2016,2016,01-Jul-2024,Anambra,Onitsha North,www.accessbankservicesplc.ng,"CIT,VAT,WHT,CGT"
5ab61ae1-f1fc-4f9c-be80-254c81daeae0,RC-254364,0442168134046,Flour Mills Services Ltd,Tech,Ltd,380317536.87187356,328589014.72221583,89270671.69200362,98576704.41666475,13143560.588888634,659,37798573.9617801,11784476.621911157,20-Sep-2018,2018,24-Apr-2025,Lagos,Oshodi-Isolo,www.flourmillsservicesltd.net.ng,"CIT,VAT,WHT,CGT"
ab2adffe-c213-4ee5-b945-c91b9e98624b,RC-179929,2784101671285,Semicolon Africa Services Ltd,Energy,Ltd,3231453040.7490354,2138812201.0764315,523880817.5453045,641643660.3229294,85552488.04305726,391,135749346.54164183,28783767.502354547,28-Feb-2012,2012,19-Mar-2024,Plateau,Jos South,www.semicolonafricaservicesltd.com.ng,"CIT,VAT,WHT,CGT"
e3f61286-e29d-42f7-8597-bd4f9865f031,RC-954782,5375808608680,PiggyVest Networks LLP,Energy,LLP,4182210868.885423,2698982007.0190034,553925377.6026175,809694602.105701,107959280.28076014,689,254671447.24497285,184144905.36341402,18-Aug-2012,2012,27-Apr-2025,Oyo,Akinyele,www.piggyvestnetworksllp.com.ng,"CIT,VAT,WHT,CGT"
289aa11b-7fa7-47b4-9414-05e07bad63bb,RC-516570,3455858716630,ABC Transport West Africa Ltd,Agro,Ltd,4081629736.914986,2100906320.0615087,581637811.3258984,630271896.0184525,84036252.80246034,922,48613598.41689741,9346949.52143839,03-Nov-2018,2018,23-Feb-2024,Kaduna,Kafanchan,www.abctransportwestafricaltd.net.ng,"CIT,VAT,WHT,CGT"
a3fbed98-7dbb-4b45-981a-ceaf5bf46b1c,RC-448502,0430750138855,PiggyVest Ventures Ltd,Tech,Ltd,2981205847.294611,2364423980.2278523,656284475.2847323,709327194.0683557,94576959.20911409,627,246450392.38728362,113468542.67295748,07-Jul-2019,2019,12-Sep-2024,Rivers,Port Harcourt,www.piggyvestventuresltd.com.ng,"CIT,VAT,WHT,CGT"
532cec8a-324a-4c8b-aa5e-2bc19d77f671,RC-896538,0464225557068,GTCO Systems NGO/Gte,Energy,NGO/Gte,3149014350.363934,1689001185.9094784,760737816.2352681,506700355.7728435,67560047.43637913,379,186707932.19826567,115532597.00261603,11-Jun-2023,2023,28-Apr-2025,Rivers,Port Harcourt,www.gtcosystemsngo/gte.org.ng,"CIT,VAT,WHT,CGT"
48de0596-0c78-40e1-b04a-fa66256d4208,RC-779812,3281771663302,Spar West Africa PLC,Fintech,PLC,680527207.6717535,638969904.1770953,59036158.31429801,191690971.2531286,25558796.16708381,990,319997704.0270067,21849462.1127158,20-Aug-2023,2023,05-Nov-2024,Ogun,Abeokuta North,www.sparwestafricaplc.com.ng,"CIT,VAT,WHT,CGT"
45962f6b-fde2-47da-bb0a-59da1907854f,RC-625171,1461764027645,GIG Logistics Technologies NGO/Gte,Agro,NGO/Gte,890631552.0922796,800907591.8004243,174646659.63449237,240272277.5401273,32036303.672016975,1098,63415861.97972913,32522391.01207689,29-Jun-2021,2021,07-Dec-2025,Akwa Ibom,Ikot Ekpene,www.giglogisticstechnologiesngo/gte.org.ng,"CIT,VAT,WHT,CGT"
a330d292-e86f-481d-bdd3-17bd820f9ce6,RC-880058,7214260405884,Andela Global NGO/Gte,Agro,NGO/Gte,1810337073.6858869,1255392197.0620263,164711318.75536925,376617659.1186079,50215687.88248105,1061,361378091.80921185,77511098.82424921,25-Aug-2013,2013,10-Jul-2024,Delta,Sapele,www.andelaglobalngo/gte.org.ng,"CIT,VAT,WHT,CGT"
3535339c-ceb9-4682-8312-73a71a7a0333,RC-185974,0312113105357,UBA Group LLP,Agro,LLP,1982409367.590864,1908125546.5019588,356229760.0141332,572437663.9505876,76325021.86007835,465,91101627.93717487,91655090.75199094,13-Sep-2014,2014,17-Jul-2025,Rivers,Okrika,www.ubagroupllp.com.ng,"CIT,VAT,WHT,CGT"
0c4caeb3-ee6a-4a77-9279-dca46c7b827a,RC-668435,2555326586867,AltSchool West Africa NGO/Gte,Manufacturing,NGO/Gte,4763508946.175652,4252234550.603154,399906973.9650271,1275670365.180946,170089382.02412617,499,70617470.21206498,19971912.380770907,11-Feb-2012,2012,20-Oct-2025,Kano,Nasarawa,www.altschoolwestafricango/gte.org.ng,"CIT,VAT,WHT,CGT"
e4bdedd3-d75d-4f26-a9d8-eb742ef01954,RC-583368,4417258273806,Galaxy Backbone Systems NGO/Gte,Tech,NGO/Gte,1044464709.8093971,715753848.3560057,167002392.94917208,214726154.5068017,28630153.934240226,446,212017651.48444614,30238292.981966626,21-Oct-2018,2018,24-Jul-2024,Abuja (FCT),Gwagwalada,www.galaxybackbonesystemsngo/gte.org.ng,"CIT,VAT,WHT,CGT"
fafed813-9047-4555-aa1d-2abdc4d2252c,RC-671320,2784456411334,Andela Ventures PLC,Fintech,PLC,2964981364.55631,1586978119.438568,617794075.9071969,476093435.83157045,63479124.777542725,63,23493840.43174717,37259290.55662766,23-Sep-2015,2015,12-Oct-2024,Rivers,Ikwerre,www.andelaventuresplc.ng,"CIT,VAT,WHT,CGT"
1778dc80-04b2-4fd4-bb49-2af74abb8492,RC-382201,8224586646013,MainOne Networks PLC,Fintech,PLC,3571681079.0487657,3370723843.8147163,690271711.7722833,1011217153.1444149,134828953.75258866,407,151124174.98454577,36899468.22231735,14-Mar-2012,2012,19-Jan-2025,Enugu,Udi,www.mainonenetworksplc.com.ng,"CIT,VAT,WHT,CGT"
00b7f4d0-96a7-4f36-8016-955c669c1b04,RC-268489,8620718771614,Moniepoint Industries LLP,Agro,LLP,2022633482.34279,1974368344.358349,190623451.4338185,592310503.3075047,78974733.77433397,415,184174100.55610088,39292407.04531868,26-Nov-2017,2017,07-Jun-2025,Enugu,Enugu North,www.moniepointindustriesllp.com.ng,"CIT,VAT,WHT,CGT"
6908aeca-1e48-4932-9510-6a5a41739096,RC-193032,0356626051525,Andela Industries Ltd,Retail,Ltd,4504104244.334411,3808147767.686731,642217534.6366197,1142444330.3060193,152325910.70746922,781,328450001.65977174,181452149.3305398,17-Jul-2013,2013,12-Feb-2025,Ogun,Abeokuta North,www.andelaindustriesltd.net.ng,"CIT,VAT,WHT,CGT"
b629135f-b52f-4bd0-a3ad-0a7e0d60bb8f,RC-753721,4505568171477,Sterling Nigeria Ltd,Fintech,Ltd,4456239958.647574,2819592982.7963567,642694155.5682112,845877894.838907,112783719.31185427,914,414507254.4668297,76594095.4908345,16-Mar-2022,2022,14-Mar-2025,Lagos,Ifako-Ijaiye,www.sterlingnigerialtd.net.ng,"CIT,VAT,WHT,CGT"
719c76af-03f3-4044-b68c-55f15eba491c,RC-670060,1025420051135,Galaxy Backbone Networks Ltd,Retail,Ltd,554726849.8964185,488964209.26828456,45911568.545714214,146689262.78048536,19558568.370731384,771,135845383.88729942,34285218.43994555,13-Jun-2018,2018,21-Jul-2025,Kwara,Ilorin West,www.galaxybackbonenetworksltd.com.ng,"CIT,VAT,WHT,CGT"
788863f4-97d7-4baa-9ed6-3a54bd7a0a5e,RC-282064,8654405016713,Genesis Group Systems Ltd,Retail,Ltd,2798182488.6195955,1698192752.5657868,305476736.38122845,509457825.76973605,67927710.10263148,44,12773974.800445579,62280281.09105547,16-Jul-2015,2015,12-Aug-2024,Abuja (FCT),Bwari,www.genesisgroupsystemsltd.com.ng,"CIT,VAT,WHT,CGT"
ebfdef4a-8de4-44d1-9632-c5a0f42aa85f,RC-836688,7766127263461,Dangote Sugar Services Ltd,Manufacturing,Ltd,4011623199.2228584,2331774792.8820014,902247892.7687453,699532437.8646004,93270991.71528006,820,53296512.315082595,41734953.21011905,24-Oct-2017,2017,25-Sep-2025,Lagos,Kosofe,www.dangotesugarservicesltd.net.ng,"CIT,VAT,WHT,CGT"
5d6b19f2-c4f5-4342-8139-97431ab9dc14,RC-925390,3032614117220,Jumia Solutions LLP,Retail,LLP,3771311684.692799,3626430638.438382,611954493.8705608,1087929191.5315146,145057225.53753528,56,11384666.48779147,2788844.620936404,03-Dec-2011,2011,01-Nov-2024,Akwa Ibom,Eket,www.jumiasolutionsllp.com.ng,"CIT,VAT,WHT,CGT"
9dab5889-356c-485d-bb8a-fb5780c092e0,RC-484562,0685118324454,Flutterwave Enterprises NGO/Gte,Tech,NGO/Gte,1719184168.6058617,940856108.7078203,173279428.5055578,282256832.61234605,37634244.34831281,350,150251514.6035549,43396386.405770056,13-Oct-2016,2016,04-Jul-2024,Plateau,Jos North,www.flutterwaveenterprisesngo/gte.org.ng,"CIT,VAT,WHT,CGT"
a06b8649-c53f-4512-81a6-c0ae36472ba0,RC-687692,3604782100647,MainOne Resources LLP,Agro,LLP,2641208788.078201,1688796761.4448447,372370989.91064835,506639028.4334534,67551870.45779379,154,55986214.75551163,104664940.94234438,19-Feb-2019,2019,09-Aug-2025,Kaduna,Kaduna North,www.mainoneresourcesllp.com.ng,"CIT,VAT,WHT,CGT"
49798ffc-b4ca-4756-9d4d-6681bb2b0875,RC-306135,2307246046602,Cadbury West Africa NGO/Gte,Fintech,NGO/Gte,4297080550.895094,2286054608.920406,514393345.059657,685816382.6761217,91442184.35681623,929,229896840.88069895,35537329.94342415,14-Dec-2013,2013,13-Nov-2024,Lagos,Agege,www.cadburywestafricango/gte.org.ng,"CIT,VAT,WHT,CGT"
16bb5648-9277-4a7a-87bd-5cc0b6a663ae,RC-815823,0724853564717,GTCO Nigeria LLP,Manufacturing,LLP,4748523089.920455,2691920726.5758204,1138186611.5795815,807576217.9727461,107676829.06303282,442,28174064.86990926,50679254.56459463,24-Jan-2017,2017,29-Sep-2025,Lagos,Oshodi-Isolo,www.gtconigeriallp.com.ng,"CIT,VAT,WHT,CGT"
376ed43d-3f99-4fa4-8b56-6598540756a8,RC-854793,0432114272802,TotalEnergies Nigeria PLC,Agro,PLC,4356845234.860073,2253124691.728182,605719039.8072822,675937407.5184546,90124987.66912727,953,40429404.080563895,42021259.46174127,08-Apr-2024,2024,16-Jan-2025,Kano,Nasarawa,www.totalenergiesnigeriaplc.ng,"CIT,VAT,WHT,CGT"
5a8a54bf-a219-4b4d-9353-3ff11aae1bc2,RC-919133,3341724000413,FBN Systems NGO/Gte,Fintech,NGO/Gte,2757389463.242722,1420841220.130378,306780439.51659155,426252366.0391134,56833648.80521512,828,169974853.64882547,47700641.50442695,16-Feb-2020,2020,28-Jul-2025,Lagos,Agege,www.fbnsystemsngo/gte.org.ng,"CIT,VAT,WHT,CGT"
81e3c300-cd44-4f7d-a96f-41dc0f5f3bc4,RC-855915,3370757020557,Sterling Holdings Ltd,Manufacturing,Ltd,3564384927.7761307,3031393133.654917,367962613.98931736,909417940.096475,121255725.34619667,410,110585905.31309499,219997342.82826138,05-Dec-2023,2023,28-Mar-2025,Edo,Egor,www.sterlingholdingsltd.com.ng,"CIT,VAT,WHT,CGT"
faffe263-cef9-439b-9558-11c1c02adb66,RC-981871,8643085040668,GTBank Global Ltd,Manufacturing,Ltd,1755000133.865681,1422128145.5827715,235089193.5074541,426638443.67483145,56885125.82331086,964,131210937.83853453,30264601.054385066,12-Mar-2025,2025,02-Nov-2025,Lagos,Agege,www.gtbankgloballtd.com.ng,"CIT,VAT,WHT,CGT"
1e1feffb-184e-48b6-8011-98939009113d,RC-254734,4372178881117,OPay Industries Ltd,Energy,Ltd,2010892469.1845756,1033123949.9735925,369287753.5772191,309937184.99207777,41324957.9989437,248,27959903.156519406,77214517.26412123,23-Mar-2017,2017,16-Nov-2025,Ogun,Abeokuta North,www.opayindustriesltd.net.ng,"CIT,VAT,WHT,CGT"
35454f95-8c2c-40d5-8040-0f20d082c4a3,RC-910075,1135161210684,Slot Enterprises Ltd,Retail,Ltd,4931010575.450708,4323682421.67691,1000846248.1041028,1297104726.503073,172947296.86707643,962,455589947.2687992,247112332.42649925,28-Apr-2023,2023,22-Mar-2024,Lagos,Eti-Osa,www.slotenterprisesltd.com.ng,"CIT,VAT,WHT,CGT"
482b4fc2-c076-4637-a567-cba7c8c7a089,RC-178775,3400500135005,SevenUp Holdings Ltd,Retail,Ltd,286273886.9373864,231587764.1668757,60515790.34176086,69476329.2500627,9263510.566675028,563,178396301.40726238,15382334.631719958,05-Jun-2015,2015,09-Feb-2024,Lagos,Ikeja,www.sevenupholdingsltd.com.ng,"CIT,VAT,WHT,CGT"
711c32a5-2b28-4d60-809c-7ae3ed306a7b,RC-225043,7287386542010,Andela Industries NGO/Gte,Manufacturing,NGO/Gte,530457940.3829156,288517040.614698,96212719.49123873,86555112.1844094,11540681.62458792,492,21515775.95062913,4642625.286713733,16-Dec-2025,2025,06-Aug-2025,Kano,Tarauni,www.andelaindustriesngo/gte.ng,"CIT,VAT,WHT,CGT"
f6c2b306-25a0-4060-baf9-7fc270990535,RC-577090,1551517776021,Pointek Resources PLC,Tech,PLC,4693617241.964784,4129359312.6538987,1157328919.343604,1238807793.7961695,165174372.50615594,78,24914907.34001628,261367482.75475588,05-Jun-2024,2024,28-Apr-2025,Rivers,Eleme,www.pointekresourcesplc.ng,"CIT,VAT,WHT,CGT"
ce65f9ab-596c-4f7c-a265-213eabadcf25,RC-662704,3218066042347,Galaxy Backbone Technologies Ltd,Agro,Ltd,4012924641.148205,2679170267.724949,846074720.6547871,803751080.3174846,107166810.70899796,962,317428550.14036494,94513063.35443333,03-Mar-2022,2022,03-Feb-2024,Ogun,Abeokuta South,www.galaxybackbonetechnologiesltd.net.ng,"CIT,VAT,WHT,CGT"
d37c1683-508a-4502-8313-437f90071833,RC-732734,6745068418450,Spar Global PLC,Energy,PLC,869827961.0832543,637060081.1491569,182713629.92789915,191118024.34474707,25482403.245966278,926,253000777.21035907,33207670.623528086,23-Mar-2024,2024,10-Sep-2025,Delta,Uyo,www.sparglobalplc.com.ng,"CIT,VAT,WHT,CGT"
9b32f723-bff1-4171-9fcc-2db50a453f72,RC-219471,0062284145128,BUA Cement Services LLP,Agro,LLP,739042254.5602182,683148977.0535742,99283866.79604802,204944693.11607227,27325959.082142968,1034,64276345.61816131,31722233.035794992,08-Oct-2019,2019,05-Jul-2025,Kano,Nasarawa,www.buacementservicesllp.com.ng,"CIT,VAT,WHT,CGT"
c9eea5e9-bfa6-4084-8765-3531912e9d03,RC-131415,3613365515375,Galaxy Backbone Nigeria NGO/Gte,Tech,NGO/Gte,1488310389.490776,993098106.8531764,249550889.8267294,297929432.0559529,39723924.27412706,231,57988379.01076006,37058167.2940887,13-Dec-2012,2012,13-Oct-2024,Anambra,Awka South,www.galaxybackbonenigeriango/gte.org.ng,"CIT,VAT,WHT,CGT"
70a4cc1f-cd85-4dd8-8c9f-783aecd976cf,RC-159114,3587750601727,Stanbic Ventures PLC,Retail,PLC,1227153947.8359125,872393143.4046581,236482489.30530155,261717943.0213974,34895725.736186326,975,97635333.2099174,21073226.43685278,19-Aug-2020,2020,22-Aug-2024,Ogun,Abeokuta South,www.stanbicventuresplc.com.ng,"CIT,VAT,WHT,CGT"
7070b88d-3edb-434d-881f-cfed8187952c,RC-147276,2410252577026,Glovo Holdings PLC,Retail,PLC,3306290912.801067,3046178858.163323,633960143.7699263,913853657.4489969,121847154.32653292,1194,357282224.2458434,147926127.65017563,12-Feb-2020,2020,13-Oct-2025,Anambra,Nnewi North,www.glovoholdingsplc.com.ng,"CIT,VAT,WHT,CGT"
300fcf46-e87c-4c01-8f64-abed420feaeb,RC-783145,5250087534503,Elizade Industries PLC,Energy,PLC,2530074942.38531,2163052118.277952,386223952.6574089,648915635.4833857,86522084.73111808,358,127747488.52943459,160874763.9439777,09-Jul-2021,2021,18-Dec-2025,Kano,Kano Municipal,www.elizadeindustriesplc.ng,"CIT,VAT,WHT,CGT"
be51387c-5105-44cd-ad91-82261d262dbf,RC-440383,1875724215662,Dangote Sugar West Africa LLP,Fintech,LLP,3371554124.9203196,2490584270.8525147,301908098.86469454,747175281.2557544,99623370.83410059,935,454092646.0162636,147498966.46402475,17-Feb-2013,2013,14-Jul-2025,Kwara,Ilorin East,www.dangotesugarwestafricallp.com.ng,"CIT,VAT,WHT,CGT"
f96e7ffd-f828-43dc-8366-3e25a0fbd1c7,RC-802811,6622383827765,TotalEnergies Systems NGO/Gte,Retail,NGO/Gte,3273758392.2476864,1770900909.5350275,263448810.28710574,531270272.8605082,70836036.3814011,400,98119230.39911892,7817587.899793187,06-Aug-2013,2013,29-Oct-2024,Abuja (FCT),Kwali,www.totalenergiessystemsngo/gte.org.ng,"CIT,VAT,WHT,CGT"
3e41d26a-d345-4df4-8c11-b6a07f025512,RC-897146,1452061245540,Zenith Bank Nigeria NGO/Gte,Tech,NGO/Gte,2065799540.6038213,1143536230.7563899,400698656.63008726,343060869.22691697,45741449.2302556,981,216798808.47040385,36735667.36176502,05-Feb-2015,2015,25-Nov-2024,Oyo,Ibadan North,www.zenithbanknigeriango/gte.ng,"CIT,VAT,WHT,CGT"
2649678b-1bc8-465a-8e9b-edf9e3a5e4e5,RC-639522,1881816800124,Zenith Nigeria PLC,Fintech,PLC,111114885.05970767,105672876.51301144,13158129.286841735,31701862.95390343,4226915.060520458,52,1986145.3071531504,4953874.571700626,21-Apr-2023,2023,09-Nov-2025,Oyo,Ibadan South-West,www.zenithnigeriaplc.com.ng,"CIT,VAT,WHT,CGT"
42cc8cd8-165d-4422-8bc1-e3fdb7b5097b,RC-648170,5832463446853,MTN Resources LLP,Retail,LLP,1002050944.7686208,639082846.9494328,181922811.9278733,191724854.08482984,25563313.877977315,585,57705695.10799346,12198652.515603306,17-Sep-2017,2017,31-May-2024,Oyo,Egbeda,www.mtnresourcesllp.com.ng,"CIT,VAT,WHT,CGT"
3bb118b3-47b8-4e00-b959-80096f61d572,RC-764429,3148775248475,Semicolon Africa Nigeria NGO/Gte,Energy,NGO/Gte,3338957199.1991644,1860794450.970665,617384191.8148388,558238335.2911994,74431778.0388266,333,48582351.07217079,41135486.49614996,22-Nov-2023,2023,30-Jun-2025,Oyo,Ibadan South-West,www.semicolonafricanigeriango/gte.org.ng,"CIT,VAT,WHT,CGT"
88a6f517-5b4d-4a74-a81e-54bdbdc528f8,RC-734265,1681011773110,TotalEnergies Group LLP,Manufacturing,LLP,850289305.4963655,783346341.6794311,99017176.37480886,235003902.50382933,31333853.667177245,832,362034732.82607967,51588712.174186565,13-Dec-2020,2020,13-Feb-2024,Ogun,Ijebu Ode,www.totalenergiesgroupllp.com.ng,"CIT,VAT,WHT,CGT"
da408abf-e57f-4ff5-9a85-7f2b2cf245af,RC-215869,5714168230500,Kuda Ventures NGO/Gte,Energy,NGO/Gte,720492108.9152377,471855035.4130044,109606089.5680785,141556510.6239013,18874201.416520175,1170,316427586.6619909,31573009.087291,05-Aug-2015,2015,27-May-2025,Oyo,Ibadan South-West,www.kudaventuresngo/gte.ng,"CIT,VAT,WHT,CGT"
640ba938-1454-4e16-a956-27909c9503f9,RC-451185,7565826514618,Nigerian Breweries Industries PLC,Tech,PLC,2861385074.5738373,1827810266.3909626,588776083.8990071,548343079.9172888,73112410.6556385,456,122399818.77723232,78845877.01972744,26-Apr-2016,2016,27-Oct-2025,Lagos,Alimosho,www.nigerianbreweriesindustriesplc.com.ng,"CIT,VAT,WHT,CGT"
293a1716-5058-4cb1-ae55-f02ac1210d75,RC-713185,0448146355043,NLNG Global PLC,Tech,PLC,4498997946.233378,3000741668.3535657,646333548.3274807,900222500.5060697,120029666.73414263,385,15415236.320533594,147847216.6911122,24-Jun-2025,2025,24-May-2024,Anambra,Idemili South,www.nlngglobalplc.ng,"CIT,VAT,WHT,CGT"
4e089ade-a96e-4072-a07f-18c8a09d275a,RC-982748,1702450727557,Oando Group NGO/Gte,Energy,NGO/Gte,967449262.8358179,735824207.4437497,164396265.01866323,220747262.23312488,29432968.29774999,606,85942092.7708794,31616898.224808868,21-Jul-2019,2019,27-Aug-2025,Oyo,Ibadan North,www.oandogroupngo/gte.org.ng,"CIT,VAT,WHT,CGT"
a82a4be4-8089-4074-b7c3-33843ec2f102,RC-814845,0061745282625,Andela Systems LLP,Agro,LLP,4482806254.345309,2587457813.698628,572369914.1513988,776237344.1095884,103498312.54794513,729,344140839.719898,96439810.10333347,13-Jan-2019,2019,20-Jul-2024,Kwara,Ilorin East,www.andelasystemsllp.com.ng,"CIT,VAT,WHT,CGT"
94c5dea3-b0a3-46ca-950f-6489ce5d316a,RC-219560,0753523152856,GTBank Services LLP,Agro,LLP,1928878876.480182,1650927101.990217,430008080.4000949,495278130.5970651,66037084.07960868,603,228641712.63742167,14205869.287089013,05-Jun-2023,2023,06-Jun-2024,Ogun,Ijebu Ode,www.gtbankservicesllp.com.ng,"CIT,VAT,WHT,CGT"
722e84be-6e2f-4532-88f5-d27f0be67ba1,RC-391778,3016847565777,Palmpay Industries NGO/Gte,Manufacturing,NGO/Gte,4120333544.1893744,2967111574.1181636,919396543.3378056,890133472.2354491,118684462.96472655,999,253699457.65572348,111849374.92156798,27-Oct-2018,2018,29-Feb-2024,Anambra,Awka South,www.palmpayindustriesngo/gte.org.ng,"CIT,VAT,WHT,CGT"
9b7454a8-9168-4a13-8f1b-a49524c7df73,RC-597705,5066676610246,FBN Global Ltd,Tech,Ltd,2894458642.5788465,2721845595.787454,426287902.20856774,816553678.7362362,108873823.83149816,1158,183954990.54823607,49723751.574911036,10-Nov-2023,2023,06-Apr-2025,Lagos,Ifako-Ijaiye,www.fbngloballtd.com.ng,"CIT,VAT,WHT,CGT"
a39f5fac-e591-4a0a-a3d3-e070f8802f0a,RC-786850,5053620472776,FBN Industries PLC,Fintech,PLC,2926334547.6622806,2006221504.4064403,318859012.21811837,601866451.3219321,80248860.17625761,734,159984587.55634928,69268658.44110261,22-Sep-2022,2022,20-Apr-2024,Plateau,Jos South,www.fbnindustriesplc.ng,"CIT,VAT,WHT,CGT"
ba771586-3a00-44fe-881d-e34eb314595f,RC-975838,4751415635275,Flour Mills Global LLP,Retail,LLP,713531693.0445952,463491653.06058705,150543034.62029004,139047495.9181761,18539666.12242348,532,97959802.82863732,16558434.028263105,21-Aug-2023,2023,25-Dec-2025,Lagos,Agege,www.flourmillsgloballlp.com.ng,"CIT,VAT,WHT,CGT"
55f4cd96-e82b-48cf-bbd0-186e11b1d27e,RC-405516,7861554127318,Jumia Services Ltd,Energy,Ltd,4839738430.1765995,2695321874.734333,785030778.1499984,808596562.4202999,107812874.98937333,592,127815545.42273338,185830632.67493993,30-Jan-2020,2020,11-Jan-2026,Anambra,Awka South,www.jumiaservicesltd.net.ng,"CIT,VAT,WHT,CGT"
39fcbd8d-8f9b-499f-87ff-ee9effaba2df,RC-944701,5172368234735,Pointek Technologies LLP,Agro,LLP,1052340106.5979297,876024311.0778296,218806144.30633014,262807293.32334888,35040972.443113185,1097,455577457.88821024,12079378.95434062,27-Sep-2014,2014,28-Aug-2024,Lagos,Ifako-Ijaiye,www.pointektechnologiesllp.com.ng,"CIT,VAT,WHT,CGT"
bd7242ec-c6c4-4307-9e2b-aa5982602596,RC-421437,8861505818500,Union Bank Systems Ltd,Energy,Ltd,1372084656.6561966,694750412.6579803,189919775.3429061,208425123.7973941,27790016.506319214,259,101316305.96741426,35634641.284238935,27-Jun-2025,2025,12-Feb-2024,Lagos,Lagos Island,www.unionbanksystemsltd.net.ng,"CIT,VAT,WHT,CGT"
af7dbb2f-022e-422f-91ce-90c36929614b,RC-114647,3150432226172,Spar Technologies PLC,Fintech,PLC,404171457.377762,205776528.08180857,68360076.5774044,61732958.42454257,8231061.123272343,949,447408856.0010639,3501749.692467577,02-Mar-2019,2019,30-Aug-2024,Enugu,Enugu North,www.spartechnologiesplc.ng,"CIT,VAT,WHT,CGT"
2e36fd12-1aab-4ad4-b0b4-18f1c1ac8195,RC-924384,8416857385184,MTN West Africa NGO/Gte,Retail,NGO/Gte,2862467322.4867797,1793002972.8324404,469319207.82882327,537900891.849732,71720118.91329762,510,92985451.22944686,42238406.529159166,08-Nov-2011,2011,30-Oct-2024,Oyo,Akinyele,www.mtnwestafricango/gte.org.ng,"CIT,VAT,WHT,CGT"
88f7b739-36bf-4782-9cd4-f7e7a4ef3e75,RC-454433,8367867800705,GIG Logistics Nigeria LLP,Energy,LLP,1971543866.5839577,1342684875.8584816,414314434.0149241,402805462.75754446,53707395.034339264,1179,561786865.0003799,80727010.40644349,10-Jun-2014,2014,03-Mar-2025,Kaduna,Kafanchan,www.giglogisticsnigeriallp.com.ng,"CIT,VAT,WHT,CGT"
968371a4-2944-43d6-a004-646be41eae3a,RC-513168,5122627661010,Dangote Sugar Services PLC,Agro,PLC,2770362055.3824487,1920504548.2477639,536447266.8295601,576151364.4743291,76820181.92991056,685,139889637.035921,104285370.82907249,10-Feb-2015,2015,04-Nov-2025,Abuja (FCT),Bwari,www.dangotesugarservicesplc.com.ng,"CIT,VAT,WHT,CGT"
62fda728-a06a-4ce9-8e9d-d23a9edcf835,RC-506952,0085204525868,Peace Mass Resources PLC,Energy,PLC,2744162775.9916973,1629529092.8241744,530053772.5621997,488858727.8472523,65181163.71296698,335,55897669.52580407,88483330.86576073,05-Apr-2024,2024,05-Oct-2025,Abuja (FCT),Kuje,www.peacemassresourcesplc.com.ng,"CIT,VAT,WHT,CGT"
6309f797-2cdb-417a-b1f4-56c09d8d0579,RC-594345,7531323640461,Paystack Resources Ltd,Retail,Ltd,2220153082.7776594,1903741376.2038915,540374954.0617719,571122412.8611674,76149655.04815567,440,206488072.98991677,129400834.97127281,21-Aug-2011,2011,21-May-2024,Ogun,Abeokuta South,www.paystackresourcesltd.net.ng,"CIT,VAT,WHT,CGT"
34fb5c4f-bdd8-4e9f-a0ad-2796b3cdf0e4,RC-449575,4368565836848,Decagon Systems NGO/Gte,Tech,NGO/Gte,3435672425.049551,3025228499.6990576,408842818.8834504,907568549.9097172,121009139.9879623,87,27896922.768908195,101778551.93790035,20-Mar-2017,2017,03-Apr-2025,Akwa Ibom,Eket,www.decagonsystemsngo/gte.ng,"CIT,VAT,WHT,CGT"
d3b5c0fe-1916-4937-815f-df06ea9a7cbf,RC-920577,5141311360244,Genesis Group Holdings Ltd,Tech,Ltd,554329688.2470889,393890765.1412628,116892680.56462424,118167229.54237884,15755630.605650514,736,22581595.081846662,15916678.365064414,25-Jun-2015,2015,25-Jun-2024,Lagos,Agege,www.genesisgroupholdingsltd.com.ng,"CIT,VAT,WHT,CGT"
08fdd264-ab6e-4a25-9e93-b09dadc8a02a,RC-611166,1147128311612,Oando Logistics Ltd,Tech,Ltd,4275239690.5189776,4242949922.77566,716169182.810815,1272884976.8326979,169717996.91102642,1014,443608625.27428055,103873151.80673128,06-Feb-2024,2024,07-Aug-2025,Akwa Ibom,Ikot Ekpene,www.oandologisticsltd.net.ng,"CIT,VAT,WHT,CGT"
83baa360-89aa-4be4-b55b-c011c011d84b,RC-473229,7321217385017,Peace Mass Nigeria LLP,Tech,LLP,4380355626.585089,3817785117.8567386,528036919.6895869,1145335535.3570216,152711404.71426955,640,25711628.897397354,257518861.24172866,26-Mar-2023,2023,02-Jan-2026,Kano,Tarauni,www.peacemassnigeriallp.com.ng,"CIT,VAT,WHT,CGT"
466922a5-3e44-4b61-865f-756e37778978,RC-864049,5040706088265,Honeywell Solutions NGO/Gte,Energy,NGO/Gte,3151064823.1157994,2865745360.1268234,584468431.8372924,859723608.038047,114629814.40507294,710,114157799.10226801,161618917.06620455,01-May-2015,2015,10-Sep-2024,Ogun,Sagamu,www.honeywellsolutionsngo/gte.ng,"CIT,VAT,WHT,CGT"
af1e3936-c41d-433e-a157-d5a5aa5a9315,RC-580771,8010872034618,Mikano Ventures LLP,Tech,LLP,3001961085.7558947,2644602411.4412837,406053090.29650503,793380723.4323851,105784096.45765135,1132,35778297.700013086,117365956.01218997,13-Jan-2012,2012,19-Nov-2025,Ogun,Abeokuta South,www.mikanoventuresllp.com.ng,"CIT,VAT,WHT,CGT"
d8a220e8-3b5e-4bdf-853c-b632e9eef031,RC-665572,8458137403238,Zenith Resources PLC,Agro,PLC,3106761428.712994,2545591328.35385,403683534.85716796,763677398.5061549,101823653.13415399,537,102096325.20876926,127868065.90313481,30-Oct-2016,2016,09-Oct-2024,Enugu,Enugu North,www.zenithresourcesplc.com.ng,"CIT,VAT,WHT,CGT"
b7a6ed6a-de40-4062-8820-82e72d23a9db,RC-322724,1338853826413,Shoprite Nigeria LLP,Manufacturing,LLP,1569622559.9038868,921333263.8649085,292040140.86322737,276399979.1594725,36853330.55459634,596,219309603.6439572,15649000.71079886,31-Jan-2015,2015,14-Jan-2025,Abuja (FCT),Gwagwalada,www.shopritenigeriallp.com.ng,"CIT,VAT,WHT,CGT"
708b3d5d-9ff0-4fa9-93c0-2c2ce7c8d13e,RC-163750,0414658513783,Coscharis Solutions LLP,Agro,LLP,3003041065.0498676,1546863597.5208862,608678548.3269308,464059079.2562658,61874543.90083545,629,19558695.91894966,68753537.99720559,30-Aug-2015,2015,04-Oct-2025,Plateau,Jos South,www.coscharissolutionsllp.com.ng,"CIT,VAT,WHT,CGT"
e35e220b-b02a-4903-b04a-368e5ddbb2c0,RC-440760,2706713753724,Eroton Technologies Ltd,Tech,Ltd,1150339853.4029622,658227103.9611576,263415532.45828697,197468131.18834725,26329084.158446305,795,188089256.93920422,27774797.119891748,19-Dec-2021,2021,07-Nov-2025,Kwara,Offa,www.erotontechnologiesltd.com.ng,"CIT,VAT,WHT,CGT"
9e9db447-0e36-4a92-9a48-130be217e1a8,RC-920891,1240252763252,Mikano Services NGO/Gte,Manufacturing,NGO/Gte,1512896539.2406368,1187259608.5626972,227120758.2403263,356177882.56880915,47490384.34250789,669,110435526.41367038,72586370.09144926,12-May-2013,2013,17-Sep-2024,Enugu,Enugu North,www.mikanoservicesngo/gte.org.ng,"CIT,VAT,WHT,CGT"
e2603639-c6bf-4851-90c5-c6c4b39445f8,RC-926309,8168545182471,Union Bank Nigeria NGO/Gte,Agro,NGO/Gte,3205579538.3115296,2125634614.765718,568699156.2760409,637690384.4297154,85025384.59062873,369,119175868.7134944,89684538.851203,22-Jul-2020,2020,24-Jun-2024,Abuja (FCT),Abuja Municipal,www.unionbanknigeriango/gte.org.ng,"CIT,VAT,WHT,CGT"
66aceb07-da3d-4dc8-b005-36988642c2eb,RC-554416,4062341237148,Mikano Nigeria Ltd,Fintech,Ltd,3447535536.482684,2349635115.634503,663679768.8820682,704890534.6903509,93985404.62538011,1044,385645552.8843882,27745365.155042518,01-Aug-2014,2014,28-Oct-2025,Ogun,Sagamu,www.mikanonigerialtd.com.ng,"CIT,VAT,WHT,CGT"
46f56b52-1a11-45e7-8a26-a6281b61f184,RC-318212,1222105134042,Flour Mills Holdings LLP,Manufacturing,LLP,423497254.74266666,369978081.93112797,38852953.82514436,110993424.57933839,14799123.27724512,781,85511873.20076807,8418001.966318695,30-Nov-2020,2020,07-Jun-2025,Oyo,Ibadan North,www.flourmillsholdingsllp.com.ng,"CIT,VAT,WHT,CGT"
c28bef11-3f1b-4b7e-a6fa-8d8c6e56bc3f,RC-183132,3001580440144,Coscharis Resources PLC,Energy,PLC,4095041588.0060344,3941366221.818701,557922513.7829453,1182409866.5456102,157654648.87274805,1150,385970505.03900135,118973726.24438015,19-Sep-2016,2016,13-Jul-2025,Plateau,Barkin Ladi,www.coscharisresourcesplc.ng,"CIT,VAT,WHT,CGT"
a236adf5-4e07-432a-8bbb-ed05f09f1b08,RC-534464,1331007201628,Silverbird Solutions NGO/Gte,Retail,NGO/Gte,3485421021.821247,2126275911.664635,837714815.0008734,637882773.4993905,85051036.4665854,480,205789052.0121862,96008065.84210785,08-Jun-2019,2019,08-Feb-2024,Kano,Kano Municipal,www.silverbirdsolutionsngo/gte.ng,"CIT,VAT,WHT,CGT"
811302e6-f507-430a-8ca2-9f4b086fe816,RC-756244,4751622065732,ABC Transport Ventures PLC,Energy,PLC,2886042122.110734,2194865239.888246,614739037.0156355,658459571.9664738,87794609.59552984,1192,42800794.48498251,142171058.8920093,17-Jan-2017,2017,10-May-2024,Edo,Egor,www.abctransportventuresplc.ng,"CIT,VAT,WHT,CGT"
53be7450-369c-4b66-8b3f-0b66b3c594c2,RC-845521,1416828830183,Cadbury Holdings PLC,Retail,PLC,2111932290.6480527,2008779250.0389183,364197494.8770353,602633775.0116755,80351170.00155674,290,90686463.00456499,98351091.18874294,15-Sep-2022,2022,27-Oct-2024,Kano,Kano Municipal,www.cadburyholdingsplc.ng,"CIT,VAT,WHT,CGT"
2a1d67d5-4a0c-44b9-8ff2-11d495d2027b,RC-237067,6515578266813,Filmhouse Logistics Ltd,Fintech,Ltd,4133334695.894341,3697957486.9092064,921445685.1822621,1109387246.0727618,147918299.47636825,675,216747441.0935293,89087580.55024213,30-Oct-2013,2013,21-Feb-2025,Anambra,Awka South,www.filmhouselogisticsltd.com.ng,"CIT,VAT,WHT,CGT"
9bbafc05-46e4-4041-94d2-6ee3a5750a50,RC-920984,6251578762537,Ardova Systems NGO/Gte,Energy,NGO/Gte,812626317.8169329,738548140.3090044,170773543.71046177,221564442.09270132,29541925.61236018,970,329362783.55247647,47531286.35378601,03-Dec-2015,2015,11-Apr-2024,Anambra,Idemili South,www.ardovasystemsngo/gte.org.ng,"CIT,VAT,WHT,CGT"
20569756-d78a-4324-a4c7-2d9177484314,RC-429251,1234377367862,OPay Global Ltd,Agro,Ltd,1756763906.5301561,1195855146.9721785,392537322.50726235,358756544.0916535,47834205.87888714,799,134264904.93282682,57082091.04733116,14-Jan-2022,2022,19-Apr-2025,Akwa Ibom,Eket,www.opaygloballtd.com.ng,"CIT,VAT,WHT,CGT"
0db00531-0445-4051-8fe0-600fcfa423b1,RC-611285,8717635682360,Cadbury Services Ltd,Manufacturing,Ltd,3565229727.3285236,2616789246.988905,713730971.5951527,785036774.0966715,104671569.8795562,123,29227608.91560627,142637433.57375154,01-Dec-2011,2011,31-Aug-2024,Enugu,Enugu North,www.cadburyservicesltd.net.ng,"CIT,VAT,WHT,CGT"
832b5f63-8131-44d7-b59b-e115f092d932,RC-976956,3536087320085,Eroton Industries LLP,Agro,LLP,4991789158.916312,4184305246.394146,1216414595.4020486,1255291573.9182436,167372209.85576585,663,229774271.60711846,91079177.24709003,11-Dec-2016,2016,28-Jan-2026,Oyo,Ibadan South-West,www.erotonindustriesllp.com.ng,"CIT,VAT,WHT,CGT"
c8acc055-df72-424d-986c-f2c1392a586b,RC-579430,4007551058238,Moniepoint Services LLP,Manufacturing,LLP,1449010092.7169785,1104567752.8333592,256437039.70906824,331370325.8500078,44182710.11333437,91,43674911.46280913,50358037.20530047,14-Jul-2017,2017,29-Jun-2024,Enugu,Enugu North,www.moniepointservicesllp.com.ng,"CIT,VAT,WHT,CGT"
0e42185f-5f5c-4b43-b1b4-334d89834f97,RC-783121,0767471657623,Cadbury Ventures NGO/Gte,Tech,NGO/Gte,3058130459.7185163,2713926518.1199975,632222604.2629825,814177955.4359993,108557060.7247999,739,295879247.60537744,202385948.67678857,02-Mar-2012,2012,22-Feb-2024,Anambra,Onitsha North,www.cadburyventuresngo/gte.ng,"CIT,VAT,WHT,CGT"
ecf556b3-bcde-4ac7-bac2-4c3c8f9c5155,RC-752724,0611300044461,Seplat Systems NGO/Gte,Agro,NGO/Gte,421218478.0360521,213394410.72592413,68528467.594872,64018323.21777724,8535776.429036966,594,107652435.27304198,5267224.114237227,09-Aug-2022,2022,25-Aug-2024,Enugu,Udi,www.seplatsystemsngo/gte.org.ng,"CIT,VAT,WHT,CGT"
5e318d20-8518-455c-884f-01521d9740ee,RC-842041,6383652374585,FBN Global PLC,Retail,PLC,4982890135.506719,4142457481.0477247,470328007.4144623,1242737244.3143175,165698299.241909,627,105448626.82188596,215705770.34621698,25-Sep-2017,2017,01-Mar-2024,Abuja (FCT),Gwagwalada,www.fbnglobalplc.ng,"CIT,VAT,WHT,CGT"
2f4042c1-a098-4982-9ff1-01f6a1fccc42,RC-134396,1353783140024,Flutterwave Ventures PLC,Energy,PLC,3730092355.282628,3009989588.412398,808237862.2420231,902996876.5237193,120399583.53649592,605,26897382.846385412,168346521.4355809,06-Jan-2020,2020,27-Oct-2024,Ogun,Abeokuta North,www.flutterwaveventuresplc.ng,"CIT,VAT,WHT,CGT"
ac4d978b-7fc7-41b1-b298-6575ede52691,RC-808310,6735884876817,BUA Industries PLC,Tech,PLC,4667156925.49222,3192646772.729105,1136863708.150219,957794031.8187314,127705870.9091642,814,324361288.64602447,155140779.60213196,25-Sep-2024,2024,09-Apr-2024,Plateau,Barkin Ladi,www.buaindustriesplc.com.ng,"CIT,VAT,WHT,CGT"
bc2b4ebf-20c0-45ac-b9b6-92395c90569c,RC-862583,5027386204800,Stanbic Global LLP,Fintech,LLP,2145748176.0570421,1681387094.680779,344831044.7636512,504416128.4042337,67255483.78723116,212,41055084.65202473,100934092.77085508,02-Feb-2014,2014,15-Oct-2025,Enugu,Udi,www.stanbicgloballlp.com.ng,"CIT,VAT,WHT,CGT"
5415151f-a7e3-492e-b6f0-3db7c2277c43,RC-626676,3666308403257,GTCO Resources LLP,Tech,LLP,844470015.6480595,653594401.3098389,193935105.7087596,196078320.39295167,26143776.052393556,929,104539100.27052589,13490302.805562705,23-Sep-2025,2025,17-Jun-2025,Ogun,Sagamu,www.gtcoresourcesllp.com.ng,"CIT,VAT,WHT,CGT"
4be5895e-7580-423d-b96b-ae700122aed0,RC-420939,4315710767367,GIG Logistics Networks NGO/Gte,Tech,NGO/Gte,2844844386.8686953,1969817172.9771786,250773644.5060865,590945151.8931535,78792686.91908714,334,74485060.93593624,27127014.475845035,10-Aug-2017,2017,05-Sep-2024,Rivers,Okrika,www.giglogisticsnetworksngo/gte.org.ng,"CIT,VAT,WHT,CGT"
bb7d6248-d1f1-411a-97f1-bada445474aa,RC-797648,0283642804125,TotalEnergies West Africa Ltd,Manufacturing,Ltd,3585747106.761706,2961653839.1614037,581862984.4496703,888496151.7484211,118466153.56645615,52,8463436.124364797,25547589.01943674,09-Apr-2012,2012,31-Aug-2024,Delta,Warri South,www.totalenergieswestafricaltd.com.ng,"CIT,VAT,WHT,CGT"
807be140-6af9-4f6d-80fb-c86396d3a8a5,RC-463895,3640885771802,Access Enterprises Ltd,Agro,Ltd,3913187658.3609943,2753501227.7784033,456145601.0942277,826050368.333521,110140049.11113614,1175,198917042.552754,19109493.625800826,20-Oct-2014,2014,16-Aug-2025,Lagos,Kosofe,www.accessenterprisesltd.net.ng,"CIT,VAT,WHT,CGT"
4c98be4a-fa22-4f8a-abed-38c6ef713879,RC-317905,4085760312021,Paystack Resources NGO/Gte,Manufacturing,NGO/Gte,2042261116.1567287,1491695878.0333908,321702129.3790483,447508763.4100172,59667835.12133563,1069,231628620.3516875,61782192.58308115,24-Aug-2014,2014,14-Aug-2024,Kaduna,Zaria,www.paystackresourcesngo/gte.ng,"CIT,VAT,WHT,CGT"
0b0dfc76-8e4c-488a-8183-529c6b04b050,RC-865205,0557236423111,Elizade Services LLP,Energy,LLP,4524213594.725211,3710946255.4807973,520875901.093708,1113283876.6442392,148437850.2192319,390,183089400.16922083,17132481.491674267,21-Oct-2017,2017,30-Aug-2024,Kaduna,Zaria,www.elizadeservicesllp.com.ng,"CIT,VAT,WHT,CGT"
ba5280d8-8898-4b49-8b81-b4c1282327b5,RC-725351,4532845383821,Eroton Solutions PLC,Fintech,PLC,2552338516.430409,2116768443.2980063,613288172.0490481,635030532.9894018,84670737.73192026,829,315101600.1625145,149885840.81483984,05-Oct-2024,2024,11-Dec-2025,Kwara,Ilorin East,www.erotonsolutionsplc.ng,"CIT,VAT,WHT,CGT"
48f60287-0b3a-4e2e-9bbd-fce022ef7d1d,RC-529820,4337347403180,First Bank Networks LLP,Energy,LLP,1084831116.890418,718133579.1961632,183547596.91106737,215440073.75884894,28725343.167846527,290,113869589.24787718,28663294.84281137,28-Aug-2021,2021,04-Oct-2024,Plateau,Jos North,www.firstbanknetworksllp.com.ng,"CIT,VAT,WHT,CGT"
adc5d216-cd14-4435-8f66-435e2b54f3d9,RC-162531,2537237268815,Flour Mills Ventures Ltd,Fintech,Ltd,1745293120.1329098,1269297965.876174,211656491.5947319,380789389.7628522,50771918.63504696,468,62707374.31796608,65343831.20883504,20-Feb-2012,2012,11-Feb-2025,Anambra,Onitsha North,www.flourmillsventuresltd.com.ng,"CIT,VAT,WHT,CGT"
c07a993f-e8b0-4fb3-9480-514703966cee,RC-337213,5838616575887,MainOne Nigeria Ltd,Energy,Ltd,1654111769.9263573,1279159282.9378743,352068145.11844265,383747784.88136226,51166371.31751497,283,128553458.63099335,60701136.95171235,28-May-2023,2023,04-Nov-2025,Anambra,Onitsha North,www.mainonenigerialtd.com.ng,"CIT,VAT,WHT,CGT"
976228be-a885-4584-b955-4f3393ffee89,RC-520817,5784203124667,Oando Nigeria NGO/Gte,Fintech,NGO/Gte,2664966160.129841,2290739834.9127383,294229969.68834317,687221950.4738215,91629593.39650953,701,85997798.41031481,78652625.15272214,10-Feb-2013,2013,23-Jun-2025,Lagos,Mushin,www.oandonigeriango/gte.ng,"CIT,VAT,WHT,CGT"
50d422f8-7cd4-45fa-ad19-bb36814913d5,RC-906036,2383866545215,First Bank Enterprises PLC,Agro,PLC,850664958.9358891,778020830.9210536,191792061.37239158,233406249.27631608,31120833.236842148,33,4559000.762061099,12232356.570325924,25-Jul-2019,2019,03-Aug-2024,Plateau,Jos South,www.firstbankenterprisesplc.ng,"CIT,VAT,WHT,CGT"
280c2981-852e-4995-aa2f-c7685774b1e9,RC-626988,7804307436574,Silverbird Systems NGO/Gte,Fintech,NGO/Gte,4275257437.5305777,2543498337.2087126,692853450.7331767,763049501.1626137,101739933.4883485,1170,471824694.92889106,168894846.93104553,08-Mar-2013,2013,10-Feb-2024,Plateau,Barkin Ladi,www.silverbirdsystemsngo/gte.ng,"CIT,VAT,WHT,CGT"
27aac9aa-9c58-4f94-96c0-ae893227ff77,RC-475381,6828854844472,NLNG Services LLP,Manufacturing,LLP,3566667790.662798,2825054278.0758266,668942487.7117548,847516283.422748,113002171.12303306,710,118594736.42667928,161297241.88411233,09-Jan-2017,2017,23-Dec-2025,Plateau,Jos South,www.nlngservicesllp.com.ng,"CIT,VAT,WHT,CGT"
41fa7ef8-1fb9-44e7-bb89-30fba856fc14,RC-846660,5176050384454,GIG Logistics Solutions LLP,Energy,LLP,4938714026.806192,2658360463.7342625,838501578.9976565,797508139.1202787,106334418.5493705,1037,333198942.31275517,25095726.536346827,06-Mar-2019,2019,15-Dec-2024,Lagos,Kosofe,www.giglogisticssolutionsllp.com.ng,"CIT,VAT,WHT,CGT"
08596cfd-b4c2-4501-a809-210356d4151a,RC-199528,1675004246272,Sterling Bank West Africa PLC,Fintech,PLC,2741344776.843979,1598742128.4932191,662953506.6626225,479622638.5479657,63949685.13972877,295,108952895.23563148,20605386.428428166,02-Jun-2022,2022,15-Dec-2024,Abuja (FCT),Kwali,www.sterlingbankwestafricaplc.com.ng,"CIT,VAT,WHT,CGT"
ac4e5f97-f795-4de4-a818-e327a270972a,RC-752337,3038088241070,Slot Ventures Ltd,Fintech,Ltd,1313906243.1749954,1283725714.8543296,313620777.4465754,385117714.4562989,51349028.594173186,516,208286807.28787303,39129439.64341202,14-Oct-2020,2020,20-Nov-2024,Kano,Nasarawa,www.slotventuresltd.net.ng,"CIT,VAT,WHT,CGT"
319839b4-57f0-4db6-8f50-2aad1c3259ce,RC-773637,0887030432436,Andela Technologies LLP,Retail,LLP,1282148885.0839849,956993860.9185047,158200810.33703005,287098158.2755514,38279754.43674019,403,106713091.08238356,55235936.22908147,30-Oct-2025,2025,20-Dec-2025,Lagos,Ifako-Ijaiye,www.andelatechnologiesllp.com.ng,"CIT,VAT,WHT,CGT"
d0315151-2890-4584-9157-c2c54aac3237,RC-526893,2283376053652,Moniepoint Logistics LLP,Fintech,LLP,1318978796.9575708,1139096136.4136505,260765163.81858712,341728840.92409515,45563845.45654602,637,92867474.36223279,71871509.62787637,10-Dec-2017,2017,05-Feb-2024,Kwara,Offa,www.moniepointlogisticsllp.com.ng,"CIT,VAT,WHT,CGT"
a61a24bc-e821-4b60-8d07-a8724a953fae,RC-456219,4101305060135,TotalEnergies West Africa LLP,Retail,LLP,3030170341.348892,2985315778.1653376,678396008.4253917,895594733.4496013,119412631.1266135,1183,464769287.1042614,199302668.38057798,16-Aug-2013,2013,16-Apr-2024,Kwara,Offa,www.totalenergieswestafricallp.com.ng,"CIT,VAT,WHT,CGT"
9bd6659f-921a-47af-bba7-92b955e207d4,RC-812763,3555647077757,Access Systems PLC,Retail,PLC,2884714647.1131463,2081466700.717883,451485283.3273574,624440010.2153649,83258668.02871533,495,144330096.82051152,68146160.92341949,27-Jul-2020,2020,06-Feb-2024,Anambra,Onitsha North,www.accesssystemsplc.ng,"CIT,VAT,WHT,CGT"
96427c83-1b66-473a-a6e8-ab1e752ba828,RC-484680,1510366702251,Glovo Nigeria Ltd,Tech,Ltd,3328899106.6327877,3243999603.788881,703717430.5306492,973199881.1366642,129759984.15155524,123,55179463.876630545,171136429.08537376,28-Nov-2018,2018,07-Mar-2025,Kwara,Offa,www.glovonigerialtd.net.ng,"CIT,VAT,WHT,CGT"
e489336d-76b8-4685-9686-c1e944229d8e,RC-213071,0362411327120,Palmpay Technologies NGO/Gte,Manufacturing,NGO/Gte,720111116.2124813,625877426.5461359,140458978.26360196,187763227.96384075,25035097.061845437,272,82146862.28207345,5699564.573249838,13-Jul-2012,2012,25-Mar-2025,Rivers,Okrika,www.palmpaytechnologiesngo/gte.ng,"CIT,VAT,WHT,CGT"
4a19d23f-2764-4106-95e0-df78fac27354,RC-717311,1650102522825,Coscharis Industries PLC,Fintech,PLC,369539271.6792047,358136704.3061709,44866251.92717609,107441011.29185127,14325468.172246836,787,198497843.8327649,24490873.44911493,03-Apr-2012,2012,05-Sep-2025,Abuja (FCT),Abuja Municipal,www.coscharisindustriesplc.com.ng,"CIT,VAT,WHT,CGT"
123ddff0-d0bd-496f-94af-22a05f7976a2,RC-352484,4260708306072,MTN Networks PLC,Retail,PLC,3539539704.876148,2009573759.5546377,445928249.7360558,602872127.8663913,80382950.3821855,536,22218799.12203624,73610722.41805156,01-Sep-2024,2024,04-Jun-2024,Lagos,Surulere,www.mtnnetworksplc.com.ng,"CIT,VAT,WHT,CGT"
819da066-f5c0-4684-8263-ac5209fd3967,RC-527025,8363553412265,Access Systems NGO/Gte,Retail,NGO/Gte,4503563685.522062,2689333036.4119787,764451110.5477222,806799910.9235936,107573321.45647915,430,47850045.27522856,175481358.9559832,05-Nov-2013,2013,28-Dec-2025,Delta,Ughelli North,www.accesssystemsngo/gte.ng,"CIT,VAT,WHT,CGT"
0c89922c-4df8-4461-a394-46af4547e8ba,RC-355349,1617150505601,Zenith Bank Services LLP,Fintech,LLP,3693319458.9593744,2540981707.0655613,649482437.7834861,762294512.1196684,101639268.28262246,1053,122968668.80296928,157363916.2234767,19-Sep-2018,2018,14-Jun-2025,Lagos,Agege,www.zenithbankservicesllp.com.ng,"CIT,VAT,WHT,CGT"
edae0ce8-6273-4476-b8da-918f9d0e86da,RC-256894,7874485150214,Flutterwave West Africa PLC,Fintech,PLC,3072699148.4347625,1857200119.5665596,708953689.3740609,557160035.8699678,74288004.78266238,184,72379819.44014367,102380368.65949298,23-Feb-2011,2011,04-Jul-2025,Oyo,Akinyele,www.flutterwavewestafricaplc.com.ng,"CIT,VAT,WHT,CGT"
d7597cb3-af71-4745-9fec-f2e5c2f66660,RC-685729,1048464507382,Ibeto Services PLC,Energy,PLC,2683532810.878379,2435576139.448512,498772938.9596962,730672841.8345536,97423045.57794048,581,280188674.500015,53737262.286714576,07-Apr-2016,2016,07-Jan-2026,Lagos,Alimosho,www.ibetoservicesplc.ng,"CIT,VAT,WHT,CGT"
c4f35b37-440b-44d4-812e-bb6aa5fd6fa4,RC-457918,6352807616745,OPay Industries NGO/Gte,Energy,NGO/Gte,4822066766.0545435,3285813843.394604,1198791810.1669936,985744153.0183812,131432553.73578417,1055,251677934.61335722,219940801.15170902,26-Mar-2013,2013,27-Aug-2024,Anambra,Onitsha North,www.opayindustriesngo/gte.ng,"CIT,VAT,WHT,CGT"
e71b27e4-4d10-4e8d-9aa1-0137354fed11,RC-127701,5470063081836,Flour Mills Global PLC,Manufacturing,PLC,3751753614.6787353,2481772167.0313315,587677390.9561113,744531650.1093994,99270886.68125327,578,242480538.81283706,34704322.742884316,14-Jan-2024,2024,05-Aug-2024,Delta,Ughelli North,www.flourmillsglobalplc.ng,"CIT,VAT,WHT,CGT"
d23b3cad-4cd2-47ea-84fb-6589e7796bf7,RC-943806,8817758844816,Dangote Sugar Holdings Ltd,Manufacturing,Ltd,1736522949.7212405,1323655492.4451265,389327318.4989426,397096647.733538,52946219.69780506,712,314093564.7900846,95574389.7382942,24-May-2021,2021,16-Jun-2024,Edo,Ikpoba-Okha,www.dangotesugarholdingsltd.net.ng,"CIT,VAT,WHT,CGT"
6aa1de3c-50ab-443e-9562-542dc40d5310,RC-533599,6123482002518,Spar Nigeria NGO/Gte,Retail,NGO/Gte,800508793.4891163,704248421.2263318,75515576.85580608,211274526.36789954,28169936.849053275,1010,69877161.85803288,38759785.933987424,08-May-2020,2020,11-Feb-2025,Enugu,Udi,www.sparnigeriango/gte.ng,"CIT,VAT,WHT,CGT"
8e95f119-ddc4-46f0-b2dd-cc41ff99f345,RC-433617,7510757216431,Semicolon Africa Nigeria Ltd,Agro,Ltd,3706089104.8476,2855264300.3769484,509935395.66003466,856579290.1130844,114210572.01507793,48,13337687.657211721,123909437.67641675,22-Aug-2011,2011,19-Nov-2025,Edo,Ikpoba-Okha,www.semicolonafricanigerialtd.com.ng,"CIT,VAT,WHT,CGT"
b37ebc0a-7f45-4fb1-a801-2b08a0bf05dd,RC-159407,5526184636558,Rack Centre Solutions NGO/Gte,Retail,NGO/Gte,1886829950.779669,1471410009.7620308,174512421.09012583,441423002.92860925,58856400.39048123,835,89602934.29354444,19724107.334170394,27-May-2012,2012,20-Oct-2025,Ogun,Sagamu,www.rackcentresolutionsngo/gte.ng,"CIT,VAT,WHT,CGT"
87e13c35-886d-47c8-aca3-3018443e2c2c,RC-770377,8204763521442,GTCO Networks PLC,Agro,PLC,491014297.03058577,444854047.7349503,104560287.64261824,133456214.32048509,17794161.909398012,62,18881456.46577624,550110.183792238,01-Aug-2018,2018,12-Aug-2025,Anambra,Onitsha North,www.gtconetworksplc.ng,"CIT,VAT,WHT,CGT"
4f90182c-0a73-488f-b821-5e81b9d057fe,RC-761948,5720873175523,Peace Mass Global Ltd,Manufacturing,Ltd,2435829274.3954396,2417529897.647399,265584632.96799338,725258969.2942196,96701195.90589596,136,14956243.628158154,155901410.70599845,22-Oct-2016,2016,18-Jul-2025,Lagos,Lagos Island,www.peacemassgloballtd.net.ng,"CIT,VAT,WHT,CGT"
ad5fc7ac-e4e7-4e8f-83e8-a32a115baded,RC-198452,2114882716337,Sterling Bank Systems Ltd,Retail,Ltd,3607527852.061877,1825463940.2695618,349327403.0542333,547639182.0808685,73018557.61078247,766,94258658.56664175,4731745.419215955,23-Nov-2021,2021,01-Oct-2025,Plateau,Barkin Ladi,www.sterlingbanksystemsltd.com.ng,"CIT,VAT,WHT,CGT"
b69ab117-7214-4005-8945-1637b41354b9,RC-789352,2455145024713,Zenith Bank Enterprises Ltd,Retail,Ltd,3947538665.0470543,3705695935.665815,405552007.53508323,1111708780.6997445,148227837.4266326,431,211483406.1559902,258264165.02305144,16-Feb-2015,2015,29-May-2025,Enugu,Udi,www.zenithbankenterprisesltd.net.ng,"CIT,VAT,WHT,CGT"
1a55d2c0-4e8b-4e63-b86b-b2250655bf68,RC-780834,7657362618005,Ardova Holdings Ltd,Agro,Ltd,4266186604.8437114,3536174795.12377,767547253.1589048,1060852438.5371311,141446991.8049508,1198,444229117.19817996,18213265.08618523,18-May-2016,2016,20-Jul-2025,Kano,Gwale,www.ardovaholdingsltd.com.ng,"CIT,VAT,WHT,CGT"
2eb31231-32f3-4a21-ac80-34dfd8db0611,RC-676465,6070320646627,Ibeto Technologies Ltd,Manufacturing,Ltd,1766100782.6729517,1403616054.590268,392632826.2473506,421084816.3770804,56144642.183610715,473,131381045.68687458,78544457.93927927,19-Mar-2021,2021,10-Sep-2025,Abuja (FCT),Abaji,www.ibetotechnologiesltd.net.ng,"CIT,VAT,WHT,CGT"
7be5b5c0-19cc-4974-99ad-74baa9b4ec7b,RC-655315,2137786117648,Ibeto Technologies NGO/Gte,Manufacturing,NGO/Gte,2813741038.262815,1938879557.6771874,470379911.961555,581663867.3031563,77555182.3070875,1094,60094078.979664914,20275289.23229593,14-Dec-2025,2025,13-Mar-2025,Rivers,Obio-Akpor,www.ibetotechnologiesngo/gte.ng,"CIT,VAT,WHT,CGT"
20f360fb-8208-483c-a607-7232a67bd048,RC-518038,1214732258220,Flour Mills Group PLC,Manufacturing,PLC,2619703050.790431,2557730352.1870093,536994395.6408471,767319105.6561028,102309214.08748038,122,38542737.26405996,16475981.452486893,18-Mar-2014,2014,05-May-2024,Plateau,Jos South,www.flourmillsgroupplc.ng,"CIT,VAT,WHT,CGT"
a7f66e72-7505-4614-bca8-64b1590088fb,RC-271685,1847783814845,Shoprite Solutions NGO/Gte,Energy,NGO/Gte,1694165972.896404,1074910679.2969263,421831598.362018,322473203.7890779,42996427.17187705,964,301396589.4058096,51060546.06967422,22-Sep-2014,2014,13-May-2024,Enugu,Nsukka,www.shopritesolutionsngo/gte.org.ng,"CIT,VAT,WHT,CGT"
375df32f-ae56-46df-a343-fe5cc0b2f840,RC-906688,3234032080478,Konga Nigeria LLP,Manufacturing,LLP,139893183.68414837,89427409.93144323,20285708.63417126,26828222.979432967,0.0,429,92477684.06026411,4721283.131572949,30-Jun-2023,2023,12-Aug-2024,Abuja (FCT),Abuja Municipal,www.konganigeriallp.com.ng,"CIT,VAT,WHT,CGT"
1da575ea-f0d7-47cf-9311-702ae21c3098,RC-958950,2556415580527,Elizade Enterprises LLP,Manufacturing,LLP,429805696.17434835,265436983.67130348,106388791.77197273,79631095.10139105,10617479.346852139,462,100370040.7773973,6901485.129453129,01-Jul-2016,2016,05-Jun-2025,Kaduna,Kaduna North,www.elizadeenterprisesllp.com.ng,"CIT,VAT,WHT,CGT"
b0b1221d-d153-467d-835a-269281d85dcf,RC-596673,8300111622475,GTCO Global PLC,Manufacturing,PLC,1889836324.8305712,1744650348.4415996,390696236.0469418,523395104.5324799,69786013.93766399,511,169754305.50137988,40794769.24654907,10-Sep-2023,2023,30-Jan-2024,Anambra,Awka South,www.gtcoglobalplc.com.ng,"CIT,VAT,WHT,CGT"
88b6ad52-948e-4c5a-ad92-150479c5fffd,RC-622031,3878100078511,Silverbird Networks PLC,Manufacturing,PLC,861246024.0235661,570864934.8099438,190935751.0043618,171259480.44298312,22834597.392397754,223,24917093.05840199,3686207.2106677815,14-Mar-2024,2024,17-Jun-2025,Lagos,Agege,www.silverbirdnetworksplc.ng,"CIT,VAT,WHT,CGT"
72853246-e182-438c-b942-80f627b2d9ed,RC-496489,7605536234210,OPay Enterprises LLP,Tech,LLP,1428487866.135352,1296264711.4333227,190675168.7745638,388879413.4299968,51850588.45733291,201,63460128.494414546,80141484.27736713,02-Apr-2013,2013,12-Dec-2024,Abuja (FCT),Kuje,www.opayenterprisesllp.com.ng,"CIT,VAT,WHT,CGT"
36eac18a-bdf1-442b-8d61-9a5761abf88c,RC-454855,5781442113826,Palmpay Holdings LLP,Energy,LLP,4959843917.060422,4276592476.379339,846036411.9210924,1282977742.9138017,171063699.05517358,297,104133079.59111312,156080628.91737798,25-Jun-2018,2018,19-Nov-2024,Plateau,Jos North,www.palmpayholdingsllp.com.ng,"CIT,VAT,WHT,CGT"
14fec2fa-212e-4c1f-879a-d82bd909e1ba,RC-103190,5242511617053,MTN Solutions LLP,Manufacturing,LLP,4512363598.738181,3652780751.869892,483138633.2742244,1095834225.5609677,146111230.0747957,654,310731682.5710612,191717895.2068445,14-Nov-2011,2011,17-Jan-2026,Anambra,Onitsha North,www.mtnsolutionsllp.com.ng,"CIT,VAT,WHT,CGT"
5db9ad94-a008-482c-bc0c-a480f2fbc7be,RC-752669,7308867025131,Sterling Bank Industries LLP,Retail,LLP,4965375251.104869,4889196334.533576,1093437203.689323,1466758900.3600729,195567853.38134304,721,174712207.82540092,94215209.56577925,18-Jul-2013,2013,05-Feb-2025,Lagos,Eti-Osa,www.sterlingbankindustriesllp.com.ng,"CIT,VAT,WHT,CGT"
744de69e-237a-41d2-bdca-73cc7ea77512,RC-500707,0337430661472,GTBank Logistics PLC,Agro,PLC,2319798673.2933216,1557220414.3890789,278279982.2888897,467166124.31672364,62288816.575563155,754,199058804.61129805,109145820.98745644,14-Apr-2018,2018,14-Jun-2024,Abuja (FCT),Kuje,www.gtbanklogisticsplc.ng,"CIT,VAT,WHT,CGT"
efc18cde-1d05-4c6e-afaa-2c330b48384f,RC-643147,0427616888024,GTCO Nigeria NGO/Gte,Tech,NGO/Gte,1385958118.632839,1039464573.2695007,243913026.51834378,311839371.9808502,41578582.93078003,1087,445387646.3981919,54317749.383665964,02-Oct-2018,2018,26-Oct-2024,Ogun,Sagamu,www.gtconigeriango/gte.org.ng,"CIT,VAT,WHT,CGT"
b2c0c0ac-e924-4239-81e9-393276864694,RC-978698,0186720565161,Semicolon Logistics NGO/Gte,Fintech,NGO/Gte,204667657.86226153,131686367.81175064,37118521.63834031,39505910.343525186,5267454.712470026,550,174729132.15161487,4803047.443873338,15-Aug-2011,2011,31-Aug-2025,Lagos,Agege,www.semicolonlogisticsngo/gte.org.ng,"CIT,VAT,WHT,CGT"
1d897901-9d94-4c14-864f-993169672ee6,RC-652710,1533416870231,Coscharis Logistics Ltd,Retail,Ltd,1244744635.235353,938977977.7491767,188025812.0219056,281693393.324753,37559119.10996707,287,49579072.399428144,42380806.49751399,10-Jul-2023,2023,05-Aug-2024,Abuja (FCT),Gwagwalada,www.coscharislogisticsltd.com.ng,"CIT,VAT,WHT,CGT"
4ce88cd0-3a49-4604-b8c4-96428f507254,RC-484878,5421473818818,Elizade Global Ltd,Retail,Ltd,1691583913.1212337,1186431854.7770019,381713383.2360286,355929556.4331005,47457274.19108008,462,222000553.25443867,53973508.75113157,24-Jul-2023,2023,01-Aug-2025,Kaduna,Kafanchan,www.elizadegloballtd.com.ng,"CIT,VAT,WHT,CGT"
f5dc1a18-b1e3-43d2-b7cc-2e41efe015e7,RC-155664,4018460107005,Spar Ventures NGO/Gte,Tech,NGO/Gte,1296686485.1946847,843618565.1033953,120156741.9594092,253085569.53101858,33744742.60413581,26,7781021.107694925,58145496.582778774,30-Aug-2020,2020,15-Nov-2024,Lagos,Agege,www.sparventuresngo/gte.org.ng,"CIT,VAT,WHT,CGT"
5069ed2a-a509-4e2a-a1d2-6a5a02362de4,RC-168871,0205366830704,Slot Enterprises LLP,Tech,LLP,4726121341.300027,2430476971.658697,589580066.8816702,729143091.4976091,97219078.8663479,331,146275641.17495275,177821515.31495827,02-Dec-2021,2021,29-Apr-2025,Ogun,Sagamu,www.slotenterprisesllp.com.ng,"CIT,VAT,WHT,CGT"
906ec6b2-77c2-4180-babf-9acf2a5989cc,RC-889381,8731578642656,Airtel Holdings LLP,Agro,LLP,1958766601.389922,1767930257.1866896,257786741.19428423,530379077.1560069,70717210.28746758,1162,76047356.53740746,101442391.55087058,16-Aug-2025,2025,08-Feb-2025,Edo,Ikpoba-Okha,www.airtelholdingsllp.com.ng,"CIT,VAT,WHT,CGT"
5d5970ff-7a9a-4572-9104-5f1b58100c6f,RC-932160,7284516543671,Glovo Ventures Ltd,Agro,Ltd,575955331.5391283,390509690.53532976,111895608.09928809,117152907.16059892,15620387.62141319,31,1617211.804076026,17204670.442924395,01-Apr-2013,2013,24-Jul-2025,Ogun,Abeokuta North,www.glovoventuresltd.net.ng,"CIT,VAT,WHT,CGT"
5d7d11e9-0d64-4dd8-8e4a-fda43edc9d8c,RC-438684,3085025073637,UBA Ventures NGO/Gte,Retail,NGO/Gte,2594995353.009701,1903394967.3364344,218919300.0152715,571018490.2009302,76135798.69345738,939,224486460.6897973,101202118.07152402,16-Mar-2019,2019,03-Feb-2025,Kwara,Ilorin East,www.ubaventuresngo/gte.org.ng,"CIT,VAT,WHT,CGT"
ccaa92d3-e6a1-4e2b-a818-1815fe9090c3,RC-302924,4245422517778,GIG Logistics Ventures NGO/Gte,Retail,NGO/Gte,4945886731.295597,3972840551.709051,751594896.6777976,1191852165.5127153,158913622.06836206,758,193815635.76928082,228950592.55553696,22-Jan-2016,2016,04-Oct-2025,Abuja (FCT),Gwagwalada,www.giglogisticsventuresngo/gte.org.ng,"CIT,VAT,WHT,CGT"
dcab518e-332c-4706-b3d6-ec4d3a6b1472,RC-485836,7874406581678,Honeywell Global PLC,Fintech,PLC,2184327971.891793,1943844703.5121174,396487888.91659415,583153411.0536352,77753788.14048469,287,61818782.681047335,63271162.579275735,23-Nov-2025,2025,13-Nov-2025,Anambra,Onitsha North,www.honeywellglobalplc.com.ng,"CIT,VAT,WHT,CGT"
16b0e0dc-d088-4e61-96ad-fe6860f6ceb2,RC-234815,0162252841877,Elizade Global LLP,Tech,LLP,849173912.7345958,476275213.00467736,143486813.65768576,142882563.9014032,19051008.520187095,737,153586916.26997343,3296523.929250565,03-Aug-2013,2013,26-Aug-2024,Enugu,Udi,www.elizadegloballlp.com.ng,"CIT,VAT,WHT,CGT"
2acf4d60-7ec8-4b02-a6fa-5abc72855ba3,RC-810336,5220110007244,Sterling West Africa NGO/Gte,Fintech,NGO/Gte,814909688.3763571,411149334.8375496,189503659.2140692,123344800.45126489,16445973.393501986,131,24584969.536015272,11582899.56547198,18-Sep-2020,2020,22-May-2025,Delta,Uyo,www.sterlingwestafricango/gte.ng,"CIT,VAT,WHT,CGT"
4a033550-f54b-4cc2-a276-25db0ce98720,RC-527839,8781064007316,Sterling Global PLC,Fintech,PLC,2255094164.200701,1534426407.8420768,287529299.8447926,460327922.35262305,61377056.31368307,637,240159262.39081433,1474939.7594483392,06-Apr-2013,2013,02-Jan-2025,Edo,Ikpoba-Okha,www.sterlingglobalplc.com.ng,"CIT,VAT,WHT,CGT"
5f63654b-d670-4aff-9312-db985b59a316,RC-211768,5441280870148,Flour Mills Nigeria PLC,Manufacturing,PLC,4980765893.505499,4388254124.690722,604039925.576714,1316476237.4072168,175530164.9876289,214,60530139.37956778,310509702.7247038,04-Jan-2019,2019,27-Jul-2025,Ogun,Ijebu Ode,www.flourmillsnigeriaplc.com.ng,"CIT,VAT,WHT,CGT"
b0059d71-8fa5-41d6-b34f-ad6eb3269b04,RC-991772,7707214825285,Kuda Logistics NGO/Gte,Tech,NGO/Gte,3814620629.3016567,1915775644.668042,794354437.1782737,574732693.4004126,76631025.78672168,1020,453001290.2924318,47810517.83660867,17-Jul-2013,2013,13-Jan-2025,Edo,Egor,www.kudalogisticsngo/gte.org.ng,"CIT,VAT,WHT,CGT"
ec83912b-f9d7-42d5-b454-5a52ebe24599,RC-316936,7501473482435,Palmpay Systems LLP,Tech,LLP,1187724509.4112191,888879563.5987375,148548536.51777855,266663869.07962123,35555182.5439495,304,65712285.58457474,22386673.365012825,09-Jan-2024,2024,10-Feb-2025,Kano,Kano Municipal,www.palmpaysystemsllp.com.ng,"CIT,VAT,WHT,CGT"
c44a9811-eb1a-46fc-b495-c1be4ab436b3,RC-742309,6701185854006,Dangote Ventures Ltd,Retail,Ltd,1301993965.0659587,1173191220.5304701,262500897.00966495,351957366.159141,46927648.8212188,586,202275115.0799204,63068040.214274816,10-Aug-2019,2019,17-Jun-2025,Anambra,Nnewi North,www.dangoteventuresltd.com.ng,"CIT,VAT,WHT,CGT"
ff431483-aaba-4724-9dde-515a38dacec3,RC-370030,2066576437647,Rack Centre Holdings Ltd,Fintech,Ltd,3291070721.0031796,2779980246.9442334,797016135.831527,833994074.08327,111199209.87776934,172,17682037.224152885,52899042.32652805,20-Jun-2014,2014,10-Oct-2025,Plateau,Barkin Ladi,www.rackcentreholdingsltd.net.ng,"CIT,VAT,WHT,CGT"
bda7b8cb-c95a-41d2-98f0-68c900abe9ec,RC-972992,3147278873135,Mikano Networks LLP,Retail,LLP,3952952372.2111363,2706845335.688038,664601390.1646397,812053600.7064114,108273813.42752151,944,293782657.4946639,35153167.37018297,01-Dec-2025,2025,13-Jun-2025,Oyo,Ibadan North,www.mikanonetworksllp.com.ng,"CIT,VAT,WHT,CGT"
e77fb654-ba7c-48e0-b94f-918104f69716,RC-808002,6106221062281,GTBank Global NGO/Gte,Energy,NGO/Gte,788700284.5481691,562674378.4260484,81562519.1868203,168802313.5278145,22506975.137041938,811,94666559.19824429,37637371.69985168,22-Jul-2014,2014,08-May-2025,Kaduna,Kafanchan,www.gtbankglobalngo/gte.ng,"CIT,VAT,WHT,CGT"
23e7b625-0889-432d-92a6-87bd619ec161,RC-146193,1447314026845,Eroton Group Ltd,Agro,Ltd,4840311007.1510315,4214875265.1574426,838678580.3690963,1264462579.5472326,168595010.6062977,615,150606563.16281506,291399565.3427638,08-Dec-2016,2016,20-Jun-2024,Oyo,Akinyele,www.erotongroupltd.net.ng,"CIT,VAT,WHT,CGT"
670f3bab-4e2f-4f0e-9129-066696bfa5c0,RC-892690,3186555832542,Access Bank Logistics NGO/Gte,Retail,NGO/Gte,2647016450.9290423,1398519815.2386835,575025330.05874,419555944.571605,55940792.60954734,583,89028488.67605402,38918932.948392265,09-Apr-2016,2016,11-Nov-2024,Rivers,Ikwerre,www.accessbanklogisticsngo/gte.org.ng,"CIT,VAT,WHT,CGT"
f0c558cf-1d39-4ea3-9a7a-b55fa5b5e262,RC-800167,4344463026800,Nestle Nigeria NGO/Gte,Fintech,NGO/Gte,3529582021.645778,2631588114.0749707,314522084.5902667,789476434.2224911,105263524.56299883,1193,144720155.4654603,166346651.2759964,03-Nov-2016,2016,26-Apr-2024,Kaduna,Kaduna North,www.nestlenigeriango/gte.ng,"CIT,VAT,WHT,CGT"
f50ce29a-2df2-427c-ac8d-b53c27391dfd,RC-429031,6067643705455,FBN Industries LLP,Agro,LLP,248912208.45636743,204644311.08313215,46581208.793946795,61393293.32493964,8185772.443325286,688,89451489.64952722,9640395.030506799,10-Jul-2020,2020,17-Jan-2026,Anambra,Onitsha North,www.fbnindustriesllp.com.ng,"CIT,VAT,WHT,CGT"
036ed3e8-8fee-4796-809b-91d5e23b84ce,RC-662334,4353681740408,MainOne Enterprises PLC,Manufacturing,PLC,497972335.8618001,370686190.15973294,107437010.58844197,111205857.04791988,14827447.606389318,622,285905216.8310418,18598745.107958615,14-Jul-2021,2021,04-Jul-2024,Oyo,Egbeda,www.mainoneenterprisesplc.ng,"CIT,VAT,WHT,CGT"
9ca5241b-6211-4ce6-b2c6-0eb0b2fb8963,RC-266482,0646606302810,Galaxy Backbone Services Ltd,Agro,Ltd,3082285398.658759,2038084359.161709,273215729.7949919,611425307.7485127,81523374.36646837,869,91864022.59777483,16750282.71832918,30-Mar-2017,2017,23-Sep-2024,Delta,Uyo,www.galaxybackboneservicesltd.net.ng,"CIT,VAT,WHT,CGT"
85e1de1c-e647-4493-84cd-e4b6e92f3478,RC-560517,1101663257515,SevenUp Solutions LLP,Agro,LLP,1445181570.3738194,839121309.6002241,136618207.52071872,251736392.88006723,33564852.38400897,266,9947969.654728023,5257758.51709549,11-Sep-2016,2016,02-Nov-2025,Delta,Warri South,www.sevenupsolutionsllp.com.ng,"CIT,VAT,WHT,CGT"
8857529b-c339-462e-a2af-f084ed211b92,RC-405600,0112121863828,GTBank Holdings LLP,Energy,LLP,1195786561.7405589,798055349.292452,256220135.5977175,239416604.78773558,31922213.97169808,298,11232698.44031861,23810320.67015673,17-May-2011,2011,12-Oct-2025,Enugu,Nsukka,www.gtbankholdingsllp.com.ng,"CIT,VAT,WHT,CGT"
befc6e10-f6ee-4f53-8ea2-ab6c2a608abc,RC-499569,6386530275658,Peace Mass Industries NGO/Gte,Agro,NGO/Gte,2756095433.935671,1585534264.8315701,369831901.0345759,475660279.44947106,63421370.59326281,395,149108478.05157477,12948032.960051637,25-Jan-2021,2021,14-May-2024,Lagos,Eti-Osa,www.peacemassindustriesngo/gte.ng,"CIT,VAT,WHT,CGT"
15c88c9f-0f53-4243-82d4-6fa635c768be,RC-433459,7004284651821,Semicolon Africa Resources NGO/Gte,Fintech,NGO/Gte,4617809481.358097,4075579727.872851,370829263.7032965,1222673918.3618553,163023189.11491403,780,74781136.11025538,170237763.4786929,15-Apr-2016,2016,16-May-2024,Ogun,Ijebu Ode,www.semicolonafricaresourcesngo/gte.ng,"CIT,VAT,WHT,CGT"
9f8c35cd-25e5-4df1-bf30-119b4fb55f17,RC-294091,0738643133251,Ardova Systems PLC,Energy,PLC,827820591.9120234,792624599.7743268,165164516.62401918,237787379.93229803,31704983.990973074,323,94409311.54758525,18858577.27604805,10-Mar-2025,2025,11-Oct-2024,Kwara,Ilorin East,www.ardovasystemsplc.com.ng,"CIT,VAT,WHT,CGT"
7104ffce-da3d-4db7-b19b-cc40dd6a5211,RC-331270,3381336561485,Moniepoint West Africa NGO/Gte,Tech,NGO/Gte,203410494.73593715,191154720.76160058,46239569.45126148,57346416.228480175,7646188.830464023,757,209327558.1710137,3119746.6187014957,10-May-2011,2011,14-Oct-2024,Anambra,Onitsha North,www.moniepointwestafricango/gte.ng,"CIT,VAT,WHT,CGT"
b4814854-c68b-40ff-b8a9-551bf50f47d7,RC-799212,6383458313232,Spar Industries PLC,Tech,PLC,476376070.28065664,396241722.0574194,68429079.91039205,118872516.61722583,15849668.882296776,519,48645537.00937365,13793623.493570559,09-Jul-2021,2021,04-Dec-2024,Plateau,Jos North,www.sparindustriesplc.ng,"CIT,VAT,WHT,CGT"
9817a3ec-439f-4de3-a564-5ce1ae51173d,RC-726301,2374247536015,Access Enterprises PLC,Fintech,PLC,2093290731.8845937,1878388896.7115016,313908239.493247,563516669.0134505,75135555.86846006,715,57105452.94750218,34744054.473141894,20-Nov-2023,2023,17-Jul-2025,Kaduna,Kaduna South,www.accessenterprisesplc.com.ng,"CIT,VAT,WHT,CGT"
b05096bd-63bc-41b7-a3ff-83272ad871e1,RC-783376,6646318634004,TotalEnergies Resources NGO/Gte,Energy,NGO/Gte,1004794024.5151252,735811503.1862649,238928909.00915474,220743450.95587945,29432460.127450597,229,99423720.54697864,47021781.951895826,03-Jan-2025,2025,04-Jul-2025,Rivers,Eleme,www.totalenergiesresourcesngo/gte.org.ng,"CIT,VAT,WHT,CGT"
0abcb17b-43c0-4c05-a38c-0cc66fb67eea,RC-584615,6814336407482,Zenith Bank Resources PLC,Manufacturing,PLC,843548550.8690711,610026364.1968362,96553204.99287237,183007909.25905088,24401054.567873448,798,103684392.41694349,24274277.30966939,01-Jul-2022,2022,03-Jun-2025,Ogun,Abeokuta South,www.zenithbankresourcesplc.ng,"CIT,VAT,WHT,CGT"
423f0b4c-ab3f-4022-8041-04de46ffee50,RC-806409,6648570131161,TotalEnergies Services NGO/Gte,Retail,NGO/Gte,788538009.5111313,580484838.8911728,65521474.95912071,174145451.6673518,23219393.55564691,156,28539392.243429,37103199.24191364,29-May-2012,2012,24-Jul-2024,Oyo,Egbeda,www.totalenergiesservicesngo/gte.ng,"CIT,VAT,WHT,CGT"
d817d9f7-fbdf-4118-8522-ca25424adbb5,RC-676663,5428317245023,Interswitch Nigeria PLC,Energy,PLC,1291480086.8418643,1207843262.2929316,217727452.2972148,362352978.68787944,48313730.491717264,279,19980863.87754687,60164186.102501586,30-Mar-2012,2012,08-Apr-2024,Abuja (FCT),Gwagwalada,www.interswitchnigeriaplc.com.ng,"CIT,VAT,WHT,CGT"
24f203f2-74fd-4142-beab-a92ea44cf166,RC-904606,6086131604848,ABC Transport West Africa LLP,Fintech,LLP,3688908782.5224648,2330887245.3252053,404723535.9348132,699266173.5975616,93235489.81300822,215,76133569.05328877,163408839.15569004,23-Nov-2012,2012,24-Jan-2026,Oyo,Ibadan North,www.abctransportwestafricallp.com.ng,"CIT,VAT,WHT,CGT"
9bf0e8d8-515c-4355-8120-1b0c21a842f4,RC-836752,0463182004260,TotalEnergies Services Ltd,Retail,Ltd,1999871500.973454,1021132081.2535442,161459721.17615485,306339624.3760632,40845283.25014177,497,189937825.4856923,70159421.76708634,15-Oct-2024,2024,19-Jul-2024,Abuja (FCT),Bwari,www.totalenergiesservicesltd.com.ng,"CIT,VAT,WHT,CGT"
1aff68d6-aeb8-4b04-a937-328c04a50ad7,RC-409169,1226612237875,NLNG Enterprises Ltd,Agro,Ltd,3074597806.1455064,3056014171.066322,733966521.8516619,916804251.3198966,122240566.84265287,658,37323756.47440308,40886167.03356898,15-Feb-2012,2012,05-May-2025,Kano,Kano Municipal,www.nlngenterprisesltd.com.ng,"CIT,VAT,WHT,CGT"
536b22f2-14f0-4068-bae7-e753bf1a45c5,RC-700963,2873615140075,BUA Group Ltd,Fintech,Ltd,258633372.98182735,175004237.3729144,44285430.23641781,52501271.21187432,7000169.494916576,79,18181200.555883147,10943046.247481283,06-Feb-2013,2013,21-May-2024,Kano,Nasarawa,www.buagroupltd.com.ng,"CIT,VAT,WHT,CGT"
09e106f8-4547-40d3-995a-05e7e5c29a4a,RC-464183,7547323371312,Decagon Networks Ltd,Fintech,Ltd,2380580538.458568,2027357394.0627906,340273045.3717121,608207218.2188371,81094295.76251163,149,74241058.4142299,104155376.70414811,28-Apr-2016,2016,06-Jul-2024,Edo,Egor,www.decagonnetworksltd.net.ng,"CIT,VAT,WHT,CGT"
82efb626-2a49-412b-97d0-ca644dc70386,RC-114787,6621186587547,Semicolon Africa Networks LLP,Manufacturing,LLP,1337899617.5174496,1011302550.3584529,148637287.57277825,303390765.10753584,40452102.01433812,901,122937440.43840395,44483773.17285301,27-May-2016,2016,01-Dec-2024,Kwara,Offa,www.semicolonafricanetworksllp.com.ng,"CIT,VAT,WHT,CGT"
d5774fcc-9040-48b8-8f9b-dc76c18c137a,RC-217789,3551878607823,Elizade Logistics Ltd,Manufacturing,Ltd,4058139399.403771,3845027800.303188,524622255.46092045,1153508340.0909562,153801112.01212752,18,2056971.2043439352,211607103.51110023,04-Jan-2024,2024,10-Jun-2025,Delta,Warri South,www.elizadelogisticsltd.net.ng,"CIT,VAT,WHT,CGT"
f1716046-42d3-40a3-a91f-a895dca266bc,RC-242041,6654870232406,PiggyVest Industries LLP,Retail,LLP,2055868965.3640354,1054022042.4546489,170455369.65913296,316206612.73639464,42160881.69818596,509,28479081.092664383,3082318.1749650603,25-Jul-2012,2012,07-Feb-2024,Rivers,Ikwerre,www.piggyvestindustriesllp.com.ng,"CIT,VAT,WHT,CGT"
7da739e4-c6a0-4367-a068-9e260c5cf785,RC-644877,2028224802566,Sterling Holdings LLP,Fintech,LLP,4007619041.011829,2426700641.3390546,799182339.475691,728010192.4017164,97068025.65356219,330,20168964.204058204,37198130.381512925,26-Oct-2021,2021,15-Mar-2025,Lagos,Lagos Island,www.sterlingholdingsllp.com.ng,"CIT,VAT,WHT,CGT"
50388385-d298-4840-a7a7-62313d235377,RC-131370,5018816843502,Rack Centre Systems Ltd,Retail,Ltd,1044810759.5834002,562803442.199741,140398215.92562154,168841032.6599223,22512137.68798964,506,67052818.92613105,34212935.62953062,16-Apr-2022,2022,22-Nov-2025,Ogun,Sagamu,www.rackcentresystemsltd.net.ng,"CIT,VAT,WHT,CGT"
0a1eea4b-f6f7-4bd1-88db-5b66f7398bf0,RC-297039,0475104076283,UBA West Africa Ltd,Manufacturing,Ltd,654165054.7363703,436178898.8632023,162237584.6162994,130853669.65896067,17447155.95452809,368,155964126.55484593,2532456.868577706,11-Apr-2021,2021,10-Apr-2024,Lagos,Surulere,www.ubawestafricaltd.com.ng,"CIT,VAT,WHT,CGT"
95e4174f-e738-4d9b-abf5-53c709a33022,RC-378919,2714035557268,Nigerian Breweries Industries NGO/Gte,Retail,NGO/Gte,2345434503.269977,1257828746.7922406,463624105.0539724,377348624.03767216,50313149.871689625,881,250273475.8370928,48204033.50221545,20-Mar-2015,2015,29-Jun-2025,Ogun,Ijebu Ode,www.nigerianbreweriesindustriesngo/gte.org.ng,"CIT,VAT,WHT,CGT"
e6374f2d-336b-401e-abfd-fc17f93d42d6,RC-666131,8231531781740,MTN Services Ltd,Manufacturing,Ltd,710137611.165971,647053414.4781942,112889958.82923397,194116024.34345827,25882136.57912777,354,18430048.613543075,1726516.8588630378,25-Aug-2017,2017,12-Mar-2025,Kano,Kano Municipal,www.mtnservicesltd.net.ng,"CIT,VAT,WHT,CGT"
7306b9f2-d154-4c5c-ae6f-492ffe9646b2,RC-237615,0602316301301,Spar Enterprises NGO/Gte,Manufacturing,NGO/Gte,1177587673.7642884,1152541772.1300395,253808086.3640256,345762531.6390118,46101670.88520158,997,49822639.39432411,34928552.876526795,24-Sep-2019,2019,20-May-2024,Lagos,Mushin,www.sparenterprisesngo/gte.ng,"CIT,VAT,WHT,CGT"
3130089a-3348-4a8f-bbf7-114b7f557f8b,RC-655309,7648115188684,Access Bank Enterprises NGO/Gte,Fintech,NGO/Gte,3300693840.9138393,2507944340.7890234,576668654.251451,752383302.236707,100317773.63156094,58,22911437.775422897,13847854.962400224,04-May-2023,2023,18-Dec-2025,Lagos,Surulere,www.accessbankenterprisesngo/gte.ng,"CIT,VAT,WHT,CGT"
cec50874-b5c6-43b2-9f49-b4d8de82bb5e,RC-445703,7658707467177,Nestle Global Ltd,Manufacturing,Ltd,3760959747.237708,3508419041.139416,642437207.7972186,1052525712.3418248,140336761.64557666,956,380515309.72896385,247075235.95755816,22-Feb-2015,2015,18-Jul-2024,Kano,Nasarawa,www.nestlegloballtd.net.ng,"CIT,VAT,WHT,CGT"
20ce5069-68ec-45ae-abc3-8a4dead9ee9c,RC-345642,0303203877425,TotalEnergies Technologies LLP,Manufacturing,LLP,3639993586.2603316,3528544044.860818,715988430.9526677,1058563213.4582453,141141761.79443273,395,38802958.41829824,254417942.07784435,07-Jan-2023,2023,23-May-2025,Kaduna,Kafanchan,www.totalenergiestechnologiesllp.com.ng,"CIT,VAT,WHT,CGT"
30e809a2-1e84-45a3-b293-1cd23baa34a6,RC-130161,5122875738628,Dangote Sugar Resources NGO/Gte,Energy,NGO/Gte,1253359008.4945107,720005383.0007288,192461622.50912163,216001614.90021864,28800215.320029154,800,299857746.1537621,3634845.008380394,14-Jan-2017,2017,05-Nov-2024,Kaduna,Kaduna South,www.dangotesugarresourcesngo/gte.ng,"CIT,VAT,WHT,CGT"
3f48c688-b9ec-42c6-984e-ea8eb4e2be10,RC-765021,4523006218074,Opay Solutions Ltd,Fintech,Ltd,4737283054.350229,3643806990.485953,847986960.9094186,1093142097.1457858,145752279.6194381,522,138185132.892124,256895030.13015193,12-Nov-2023,2023,31-Aug-2024,Kwara,Offa,www.opaysolutionsltd.com.ng,"CIT,VAT,WHT,CGT"
81d2262a-61f4-4402-a59a-16e51c60057d,RC-854487,7380405424183,ABC Transport Global NGO/Gte,Energy,NGO/Gte,4777976290.254053,2797987581.0552154,1060994168.849084,839396274.3165646,111919503.24220861,127,4353381.78515973,83690912.44576165,29-Sep-2022,2022,12-Apr-2024,Anambra,Awka South,www.abctransportglobalngo/gte.ng,"CIT,VAT,WHT,CGT"
bd60bf8a-7801-4529-b2dd-219dbdc582b8,RC-428368,6338588671822,Honeywell Ventures NGO/Gte,Tech,NGO/Gte,80908309.54188675,78189673.31170483,19512040.954890154,23456901.99351145,0.0,84,12641396.42937672,5368164.229682766,28-Feb-2018,2018,29-Jul-2024,Anambra,Idemili South,www.honeywellventuresngo/gte.org.ng,"CIT,VAT,WHT,CGT"
544c666d-439c-4f1b-8568-fa9d134c4766,RC-168014,7155118675568,Filmhouse Holdings Ltd,Tech,Ltd,3409707822.8880897,2206933163.2236295,703567556.7324477,662079948.9670888,88277326.52894518,357,133236124.73938778,110986039.31660321,25-Nov-2023,2023,31-Jul-2025,Lagos,Oshodi-Isolo,www.filmhouseholdingsltd.com.ng,"CIT,VAT,WHT,CGT"
8a50b753-c49e-4d23-984f-afc198d415c9,RC-853703,0105015042470,Semicolon Africa Networks Ltd,Tech,Ltd,4068167138.4351263,2585086257.7776637,898606409.8155476,775525877.333299,103403450.31110655,1161,455007129.7952256,175039500.11318284,30-Mar-2019,2019,06-Apr-2024,Lagos,Alimosho,www.semicolonafricanetworksltd.com.ng,"CIT,VAT,WHT,CGT"
c82a9efd-02a2-4522-813d-2a201ea2791b,RC-121212,2014555828437,Zenith West Africa PLC,Tech,PLC,34776112.814110816,21144971.70974924,8190273.533389906,0.0,0.0,378,19606574.72898164,220811.55712985448,24-Apr-2013,2013,15-Mar-2024,Kwara,Ilorin West,www.zenithwestafricaplc.ng,"CIT,VAT,WHT,CGT"
d5139083-70aa-4c64-84dc-c49c73fe7ebd,RC-637242,7134541034126,Opay Resources Ltd,Fintech,Ltd,3860454239.940776,3172959542.478337,545932304.8838109,951887862.7435011,126918381.69913347,174,22695825.110061888,181697281.7561959,26-Feb-2018,2018,22-Jun-2025,Anambra,Onitsha North,www.opayresourcesltd.com.ng,"CIT,VAT,WHT,CGT"
4a304745-685c-45c4-aab0-6a1fb631a780,RC-447645,3628631078461,ABC Transport Global Ltd,Manufacturing,Ltd,500252512.5067542,387609629.62334484,120833027.86803344,116282888.88700345,15504385.184933795,946,114427410.20990345,1895985.907713164,02-Mar-2015,2015,19-Sep-2025,Lagos,Mushin,www.abctransportgloballtd.net.ng,"CIT,VAT,WHT,CGT"
6a1c3948-d754-4a5b-baa3-93ab77ff8389,RC-711154,6275857358674,FBN Group NGO/Gte,Tech,NGO/Gte,1539551981.7882676,1441112015.6150508,228237701.5660808,432333604.68451524,57644480.624602035,78,20764208.63991035,100680678.95679705,20-Nov-2017,2017,04-Oct-2024,Lagos,Lagos Island,www.fbngroupngo/gte.org.ng,"CIT,VAT,WHT,CGT"
4e242bc8-a826-4125-8bf3-55c4d64a9cbc,RC-376969,7645701076468,SevenUp Services LLP,Manufacturing,LLP,2866565200.101906,1562190713.9501235,439964354.3633259,468657214.1850371,62487628.558004946,288,32106818.055596963,95055726.56037745,15-Jun-2014,2014,26-Jun-2025,Ogun,Abeokuta North,www.sevenupservicesllp.com.ng,"CIT,VAT,WHT,CGT"
69a89b51-b324-4aa8-804a-008a04c311f9,RC-115221,2325343544403,Opay Holdings NGO/Gte,Tech,NGO/Gte,4475203074.712706,3209056148.847987,365994790.67037505,962716844.6543962,128362245.95391949,1009,364812559.36994237,220038790.60046685,17-Feb-2014,2014,18-Jun-2025,Kwara,Ilorin West,www.opayholdingsngo/gte.ng,"CIT,VAT,WHT,CGT"
0852d56e-47e1-493f-a6a0-c25ff26dac23,RC-981058,6710486870066,Elizade Systems NGO/Gte,Retail,NGO/Gte,4083102825.996538,2285542624.75995,683772992.2516855,685662787.4279851,91421704.990398,34,4566805.204352998,156528427.39957932,14-Jun-2013,2013,21-Jul-2024,Lagos,Alimosho,www.elizadesystemsngo/gte.org.ng,"CIT,VAT,WHT,CGT"
3287e7ea-1cc8-4d19-b313-c4b2d5c53a6a,RC-976497,0437736802340,Coscharis Resources LLP,Manufacturing,LLP,3489718368.3703055,2022783722.69312,759931178.8617011,606835116.807936,80911348.9077248,103,39713458.29808915,75583138.3972142,03-Dec-2024,2024,14-Jan-2025,Rivers,Okrika,www.coscharisresourcesllp.com.ng,"CIT,VAT,WHT,CGT"
820d9d8b-3351-4ba2-9f81-25316f632009,RC-830689,0035536256525,Spar Group PLC,Fintech,PLC,4706692965.016749,2400396752.8007226,802670411.710955,720119025.8402168,96015870.11202891,1182,230711921.0385532,142271946.2834157,23-Sep-2019,2019,30-Apr-2024,Anambra,Awka South,www.spargroupplc.com.ng,"CIT,VAT,WHT,CGT"
56f23c4e-a041-4b4d-b485-a277eedbb92d,RC-365127,6001167356862,BUA Cement Industries NGO/Gte,Energy,NGO/Gte,4251381503.131401,3376786124.159295,910143093.6914015,1013035837.2477884,135071444.9663718,387,171055000.01241645,67795224.4850902,26-Sep-2017,2017,06-Mar-2025,Lagos,Alimosho,www.buacementindustriesngo/gte.ng,"CIT,VAT,WHT,CGT"
1c068149-9b18-43e8-b317-b109ba356321,RC-447713,8650054365850,PiggyVest Technologies LLP,Manufacturing,LLP,2247862613.3075304,1950426009.7273245,534755029.7851994,585127802.9181973,78017040.38909298,159,77780185.74312295,12340248.878710356,04-Sep-2022,2022,30-Sep-2024,Abuja (FCT),Gwagwalada,www.piggyvesttechnologiesllp.com.ng,"CIT,VAT,WHT,CGT"
52d8bae8-be59-498e-8ef3-4fcb2f6ced8c,RC-347482,0060172001627,Honeywell Enterprises NGO/Gte,Retail,NGO/Gte,1935543035.0729504,1869447445.7167654,438688432.1732073,560834233.7150296,74777897.82867062,351,62258963.130259775,76246289.08428001,17-Feb-2021,2021,28-Jun-2025,Ogun,Ijebu Ode,www.honeywellenterprisesngo/gte.ng,"CIT,VAT,WHT,CGT"
6014bd50-3452-48b2-9268-58596540ef1b,RC-529283,0233336753283,GIG Logistics West Africa LLP,Agro,LLP,2314064519.3849883,1771965468.8639276,469989094.2903985,531589640.65917826,70878618.7545571,625,163518520.97207958,64016618.584184244,10-Dec-2018,2018,10-Dec-2025,Plateau,Jos South,www.giglogisticswestafricallp.com.ng,"CIT,VAT,WHT,CGT"
ef5f944d-21c2-45fd-a84e-833fe5f897cb,RC-155389,8334165480061,TotalEnergies Nigeria LLP,Fintech,LLP,869431015.5976923,478431894.3743789,167577551.79679763,143529568.31231368,19137275.77497516,41,2011935.3794202548,550567.807893809,24-Feb-2023,2023,14-Mar-2024,Rivers,Okrika,www.totalenergiesnigeriallp.com.ng,"CIT,VAT,WHT,CGT"
420d3bf1-6d67-4673-a61f-3522138a1805,RC-552534,2462016265551,Andela Ventures Ltd,Agro,Ltd,3340729129.1146765,2478398560.576618,297558817.1794876,743519568.1729854,99135942.42306472,1127,112927678.7882669,12420656.969268605,29-May-2014,2014,16-Jun-2024,Kaduna,Kaduna North,www.andelaventuresltd.net.ng,"CIT,VAT,WHT,CGT"
ae55f0cb-d60a-432e-8b22-42ac9a620e92,RC-762646,1431545547706,GTCO Resources NGO/Gte,Fintech,NGO/Gte,3979847280.410478,3531299440.452172,894360483.9185154,1059389832.1356515,141251977.61808687,375,70038146.0304559,77798691.31720626,07-Oct-2014,2014,23-Jul-2024,Enugu,Nsukka,www.gtcoresourcesngo/gte.org.ng,"CIT,VAT,WHT,CGT"
ac8dccd2-79d1-4e90-a77a-519e45519058,RC-869186,8604202508175,Ardova Logistics PLC,Fintech,PLC,2816803103.164848,1561298984.1581197,452977806.72654134,468389695.24743587,62451959.36632479,314,155395021.132021,55753953.62126817,23-Dec-2019,2019,30-Jul-2025,Anambra,Onitsha North,www.ardovalogisticsplc.com.ng,"CIT,VAT,WHT,CGT"
bb10f689-60f4-4430-b20d-94f671672b33,RC-389103,4107074603056,Semicolon Africa Enterprises PLC,Retail,PLC,3629289679.127929,2187758269.56012,685303686.3087947,656327480.868036,87510330.78240481,862,203029006.41583,18216119.8127902,29-Jan-2011,2011,26-Nov-2024,Enugu,Enugu North,www.semicolonafricaenterprisesplc.ng,"CIT,VAT,WHT,CGT"
9e441841-7097-4f21-b578-f9a0f50ef21b,RC-718600,4582862853572,Eroton Services Ltd,Fintech,Ltd,1481209400.2121296,990564774.0613503,320535411.9940401,297169432.21840507,39622590.96245401,1198,558632577.2199427,24540965.830606416,25-Sep-2024,2024,20-Nov-2024,Delta,Ughelli North,www.erotonservicesltd.com.ng,"CIT,VAT,WHT,CGT"
64218892-0a03-491d-b7d3-96ff1e373d15,RC-681577,4528424640843,Opay Networks NGO/Gte,Energy,NGO/Gte,4598774578.638054,2862795933.966175,950905375.9712819,858838780.1898525,114511837.358647,1097,381101196.7660672,198589834.8335308,29-Jul-2018,2018,21-Feb-2024,Enugu,Udi,www.opaynetworksngo/gte.org.ng,"CIT,VAT,WHT,CGT"
5996b461-4983-4ff1-9dc6-6b11087f7dbd,RC-832431,3482726838083,Decagon Ventures LLP,Tech,LLP,3426938351.109707,2826408671.096357,641997839.7014652,847922601.328907,113056346.84385428,611,149979625.34165055,24988916.0525335,19-Dec-2014,2014,22-May-2025,Rivers,Port Harcourt,www.decagonventuresllp.com.ng,"CIT,VAT,WHT,CGT"
7e7d3e85-7564-4913-be66-67fe82324d89,RC-156498,1236150337161,Chi Nigeria Ltd,Manufacturing,Ltd,2277755647.3015504,1840494951.8116376,555956958.3440197,552148485.5434912,73619798.07246551,129,47899147.38587762,8096439.092678394,21-Feb-2016,2016,27-Mar-2025,Ogun,Ijebu Ode,www.chinigerialtd.com.ng,"CIT,VAT,WHT,CGT"
b06585ce-7bb9-4bc2-83f9-595b66e5a48d,RC-835936,0044072028310,GTCO Ventures PLC,Tech,PLC,70635416.64182384,61365060.369784,9182348.867135765,18409518.1109352,0.0,594,268594522.62426037,1613615.5254562441,24-Jul-2024,2024,02-Aug-2025,Lagos,Eti-Osa,www.gtcoventuresplc.com.ng,"CIT,VAT,WHT,CGT"
6e1b8fde-36f6-4d01-9cce-50f2e7fb45ef,RC-644803,3725437182730,Stanbic Ventures LLP,Agro,LLP,2262636369.368791,2113665670.3276489,432856694.4783174,634099701.0982946,84546626.81310596,1149,157179224.90809882,115945030.65636696,16-Mar-2020,2020,27-Dec-2024,Lagos,Mushin,www.stanbicventuresllp.com.ng,"CIT,VAT,WHT,CGT"
00ab170b-ccff-4d31-9dbd-995bd91e77fa,RC-540595,6012075684762,MTN Enterprises PLC,Fintech,PLC,3982621905.244265,3105347893.672692,550147234.2700008,931604368.1018075,124213915.74690768,943,283702099.5970211,75834108.75535506,18-Jun-2018,2018,07-Jan-2026,Kaduna,Zaria,www.mtnenterprisesplc.ng,"CIT,VAT,WHT,CGT"
1c06d04f-9170-469d-b9d2-b8b1da8f87fe,RC-106798,8262000056066,Dangote Networks Ltd,Energy,Ltd,2519153616.495436,2030110312.6209648,310073486.6741182,609033093.7862895,81204412.50483859,929,452787627.62810016,30733949.606858753,02-Oct-2021,2021,30-Jun-2025,Lagos,Kosofe,www.dangotenetworksltd.net.ng,"CIT,VAT,WHT,CGT"
3388ab96-4957-43c9-94e4-a549740e99c8,RC-775519,0072832482512,Honeywell Group NGO/Gte,Energy,NGO/Gte,1180679139.8387196,1126603709.1918485,145603936.45061803,337981112.75755453,45064148.36767394,78,38767084.47573403,47981617.08317473,18-Oct-2013,2013,14-Dec-2025,Lagos,Surulere,www.honeywellgroupngo/gte.ng,"CIT,VAT,WHT,CGT"
12492305-f9c5-466b-a046-0c9be90f5680,RC-207300,6824210005270,GTBank Nigeria LLP,Retail,LLP,3843012739.1764455,3609953548.2147374,366902582.1641062,1082986064.4644213,144398141.9285895,552,41660794.71036327,251685423.30876938,09-Jul-2012,2012,03-Sep-2025,Edo,Egor,www.gtbanknigeriallp.com.ng,"CIT,VAT,WHT,CGT"
c785369d-98f8-46b5-8168-fb68a136a480,RC-107664,7518173744014,Peace Mass Ventures Ltd,Fintech,Ltd,720172423.7826953,527845132.53410554,153259393.70154187,158353539.76023164,21113805.30136422,845,406685662.28659576,35833197.23405111,13-Nov-2013,2013,08-Jan-2026,Lagos,Surulere,www.peacemassventuresltd.com.ng,"CIT,VAT,WHT,CGT"
241f7e4e-5865-4207-bae3-bda8249596af,RC-413320,4371436241602,Silverbird Technologies LLP,Energy,LLP,4846787483.963449,3011945659.982329,983564326.5955065,903583697.9946986,120477826.39929315,975,399522300.644202,196298860.08782288,31-May-2016,2016,23-Feb-2024,Kano,Nasarawa,www.silverbirdtechnologiesllp.com.ng,"CIT,VAT,WHT,CGT"
f48a23af-bb28-4ebf-a31e-3a59c3b62ecb,RC-444520,1423443254208,Chi Solutions PLC,Retail,PLC,1993929966.7953744,1794533951.6478515,270616335.86946654,538360185.4943554,71781358.06591406,548,51612192.29598934,109698152.61158581,21-Apr-2011,2011,06-Aug-2024,Kwara,Ilorin East,www.chisolutionsplc.com.ng,"CIT,VAT,WHT,CGT"
8221023d-e5a2-43b3-8d25-fd89514606b8,RC-516456,2706116268153,Galaxy Backbone Solutions PLC,Energy,PLC,4931113500.963321,3139333900.639227,623907721.4855533,941800170.191768,125573356.02556908,640,267583090.49786627,160533064.12787867,25-Mar-2021,2021,27-Apr-2024,Kano,Gwale,www.galaxybackbonesolutionsplc.com.ng,"CIT,VAT,WHT,CGT"
38b274d8-8302-49ef-b77b-2e4e13c5fca8,RC-726668,5843163470556,Kuda West Africa NGO/Gte,Energy,NGO/Gte,174046193.1924068,126181993.47652401,22970401.757974334,37854598.0429572,5047279.739060961,481,210633416.18070212,3114557.7725484576,05-Feb-2015,2015,09-Aug-2024,Enugu,Nsukka,www.kudawestafricango/gte.ng,"CIT,VAT,WHT,CGT"
35da4ab8-25b5-4bf1-a5ee-f2a7f022a5e1,RC-564818,3236026762115,Filmhouse Enterprises Ltd,Energy,Ltd,3893277378.5388446,2667504926.4899793,404383558.81435555,800251477.9469937,106700197.05959918,246,91996845.11664985,163167329.8882644,23-Dec-2019,2019,23-Dec-2024,Delta,Ughelli North,www.filmhouseenterprisesltd.net.ng,"CIT,VAT,WHT,CGT"
f5f67257-0ccd-454a-9712-909551b021b1,RC-935974,5176714342447,Palmpay Services NGO/Gte,Manufacturing,NGO/Gte,2087477838.5544367,1831673353.3560472,359017168.485752,549502006.0068141,73266934.1342419,891,113196117.37920722,103879219.57213463,02-Feb-2012,2012,10-Jun-2025,Edo,Ikpoba-Okha,www.palmpayservicesngo/gte.ng,"CIT,VAT,WHT,CGT"
11286967-69d4-4412-b249-302ca435e9ce,RC-511153,8613412318147,GTCO Logistics PLC,Agro,PLC,1598568916.3718963,1200097170.9166977,267592631.36133245,360029151.27500933,48003886.83666791,174,55583642.6042798,70388748.30513367,21-Jun-2025,2025,20-Jun-2024,Kano,Gwale,www.gtcologisticsplc.ng,"CIT,VAT,WHT,CGT"
6deee484-01f4-4789-86f1-6f523c683985,RC-792833,4465307127228,Mikano Nigeria LLP,Manufacturing,LLP,3911942788.2142487,3533466415.4841037,348041060.0502618,1060039924.645231,141338656.61936414,428,120567038.44195922,105083518.57091959,06-Jul-2022,2022,11-Jan-2025,Rivers,Port Harcourt,www.mikanonigeriallp.com.ng,"CIT,VAT,WHT,CGT"
1384e9a8-319d-475b-be17-de0626332ade,RC-989221,8028653817622,Rack Centre Nigeria NGO/Gte,Manufacturing,NGO/Gte,203309687.94723263,131799506.84725353,16938198.199053086,39539852.054176055,5271980.273890141,1086,193133200.1411894,267248.7540552013,03-Mar-2021,2021,23-Aug-2024,Ogun,Sagamu,www.rackcentrenigeriango/gte.ng,"CIT,VAT,WHT,CGT"
bb932353-cbe5-43ff-9efd-89bf92f85fb1,RC-297436,2565522670727,GTCO Industries PLC,Agro,PLC,2643294985.53536,1509552665.961557,533106574.273588,452865799.78846705,60382106.638462275,770,245670170.38964486,64330994.4299473,06-Aug-2020,2020,19-Jun-2025,Anambra,Nnewi North,www.gtcoindustriesplc.ng,"CIT,VAT,WHT,CGT"
8fd65c97-b84f-4480-bdab-5f35c34245b0,RC-175475,4860533402232,ABC Transport West Africa NGO/Gte,Energy,NGO/Gte,1503047943.6190336,1116590075.879853,126806054.32851562,334977022.7639559,44663603.03519412,833,103581322.40079819,24819503.89691763,11-May-2019,2019,28-Mar-2024,Edo,Egor,www.abctransportwestafricango/gte.org.ng,"CIT,VAT,WHT,CGT"
dc6429b1-4ff4-4bda-a361-6804786b2431,RC-568668,3421484541835,GTBank Systems NGO/Gte,Manufacturing,NGO/Gte,4559638295.207001,2358251256.5080714,738997832.5961767,707475376.9524214,94330050.26032285,91,14238210.962029751,12588356.549666101,31-Aug-2025,2025,15-Mar-2024,Lagos,Ikeja,www.gtbanksystemsngo/gte.org.ng,"CIT,VAT,WHT,CGT"
da205a3c-1c03-447e-9940-ec05da1df4a5,RC-315981,4375565036545,Sterling Logistics Ltd,Energy,Ltd,2284896497.616732,1163357197.302703,500796111.22468793,349007159.19081086,46534287.89210812,769,168118257.65969753,2237662.876621628,22-Sep-2014,2014,02-Dec-2025,Delta,Sapele,www.sterlinglogisticsltd.com.ng,"CIT,VAT,WHT,CGT"
48a122d2-afc1-4cc0-8198-056bfa2e84b3,RC-989130,5680512365140,Flutterwave Industries LLP,Fintech,LLP,128260256.94307216,111919593.25208233,17243081.30400281,33575877.975624695,4476783.730083293,100,13878531.436577236,6158688.646118968,24-Sep-2021,2021,28-Oct-2025,Plateau,Jos South,www.flutterwaveindustriesllp.com.ng,"CIT,VAT,WHT,CGT"
22eb95e2-039c-4834-a70b-fa056d47c80a,RC-913568,0327780470327,Ibeto Holdings NGO/Gte,Manufacturing,NGO/Gte,1604279715.1273096,1405912414.2126591,370899808.65601414,421773724.2637977,56236496.56850637,876,328225053.0138862,95934139.40274385,25-Dec-2021,2021,15-Jul-2024,Ogun,Ijebu Ode,www.ibetoholdingsngo/gte.ng,"CIT,VAT,WHT,CGT"
8bf46188-0814-4607-9afb-828884255f9c,RC-556409,4258400824103,Jumia Technologies NGO/Gte,Retail,NGO/Gte,131786869.7096008,124464913.61192967,29777930.734525487,37339474.0835789,4978596.544477187,353,125058868.80956106,6474441.9003779655,03-Dec-2015,2015,17-Mar-2025,Rivers,Port Harcourt,www.jumiatechnologiesngo/gte.ng,"CIT,VAT,WHT,CGT"
98f6cd91-ad67-4879-b1c7-4ef8c3418d8c,RC-782448,4108733613620,Dangote Sugar Systems Ltd,Tech,Ltd,357375528.8381021,195504470.47216284,50197701.53053264,58651341.14164885,7820178.818886514,659,248300649.56822902,11644269.210286412,30-Aug-2016,2016,11-Apr-2024,Lagos,Ikeja,www.dangotesugarsystemsltd.com.ng,"CIT,VAT,WHT,CGT"
7a3baad4-68d3-4411-a2fb-fc3ed6249b06,RC-567189,3426615432543,Pointek Services NGO/Gte,Manufacturing,NGO/Gte,1055283771.2510942,995042264.3112133,195701229.97779444,298512679.293364,39801690.57244853,231,71665716.47149362,25334998.513827298,28-May-2011,2011,09-Feb-2024,Oyo,Akinyele,www.pointekservicesngo/gte.org.ng,"CIT,VAT,WHT,CGT"
0b2b44f0-9b56-42c7-a316-b7651b094cf9,RC-629638,1677477412027,FBN Services NGO/Gte,Energy,NGO/Gte,949547165.905334,915291696.9076561,200216953.69728026,274587509.0722968,36611667.87630624,1132,396036356.19173646,37794732.68975379,09-Jul-2025,2025,06-Nov-2024,Kaduna,Kafanchan,www.fbnservicesngo/gte.org.ng,"CIT,VAT,WHT,CGT"
de727e69-36b4-4a53-b0de-9fcfefd7a290,RC-654059,7406322056363,SevenUp Group LLP,Manufacturing,LLP,1980543670.6504192,1920915363.190075,206424685.52488473,576274608.9570224,76836614.527603,913,280460932.94428355,4550549.255963231,17-Nov-2022,2022,12-Feb-2025,Lagos,Oshodi-Isolo,www.sevenupgroupllp.com.ng,"CIT,VAT,WHT,CGT"
be92da5a-b0c4-4861-b812-015c1b3e5299,RC-665019,5136078732136,Union Bank Services Ltd,Fintech,Ltd,2757646835.586987,2695281574.8349037,526743032.58024573,808584472.450471,107811262.99339615,144,49629545.22154034,47678940.97825913,17-Aug-2016,2016,29-Sep-2025,Plateau,Jos North,www.unionbankservicesltd.com.ng,"CIT,VAT,WHT,CGT"
dd6d0612-887f-401e-81c7-adee593d179d,RC-293619,4156783180075,Opay Holdings LLP,Agro,LLP,2063178497.3836246,2027582271.5175548,183713720.59254575,608274681.4552664,81103290.86070219,1162,503821278.2724367,118499724.59956057,30-Aug-2025,2025,04-Mar-2024,Kaduna,Kaduna South,www.opayholdingsllp.com.ng,"CIT,VAT,WHT,CGT"
b77acc4a-52d7-4eec-b788-be6a8388b284,RC-914929,8521552124467,First Bank Global NGO/Gte,Manufacturing,NGO/Gte,1916899447.5210063,1136460928.1247258,463147806.1297929,340938278.43741775,45458437.12498903,528,40126811.163100906,65562152.04419852,19-Jun-2015,2015,04-May-2024,Kwara,Ilorin East,www.firstbankglobalngo/gte.org.ng,"CIT,VAT,WHT,CGT"
70186e63-48a3-4647-82de-3ad33e9c99c0,RC-817993,0261873650816,SevenUp Technologies PLC,Retail,PLC,3419982263.5380697,2556803917.4402537,759326768.0960586,767041175.232076,102272156.69761015,762,68025302.56397316,77339311.8272817,14-Feb-2015,2015,04-Apr-2025,Lagos,Eti-Osa,www.sevenuptechnologiesplc.ng,"CIT,VAT,WHT,CGT"
9d2acb67-62ab-4639-8895-2336b9274f01,RC-940699,0785186604780,Flour Mills Logistics NGO/Gte,Fintech,NGO/Gte,3277047320.401408,2021772296.0371163,802792737.7698296,606531688.8111348,80870891.84148465,521,148211024.59994859,33776274.84769341,22-Apr-2014,2014,17-Dec-2024,Enugu,Udi,www.flourmillslogisticsngo/gte.org.ng,"CIT,VAT,WHT,CGT"
4539efde-de24-4699-ae51-ee1fa27c423b,RC-725095,0243786561443,SevenUp Services NGO/Gte,Fintech,NGO/Gte,4587213529.497177,4439768368.035441,897057204.7346488,1331930510.4106324,177590734.72141767,306,122012117.60666026,10129308.364013907,31-Aug-2020,2020,05-Nov-2024,Delta,Sapele,www.sevenupservicesngo/gte.ng,"CIT,VAT,WHT,CGT"
f6b7f721-3c7a-40e7-895f-05259716b53f,RC-618767,8455175414661,Filmhouse Enterprises LLP,Retail,LLP,3255955448.624533,2080026960.9199667,780169330.8383229,624008088.27599,83201078.43679868,810,222375367.06696755,134722690.1429365,22-Apr-2020,2020,24-Jul-2024,Rivers,Obio-Akpor,www.filmhouseenterprisesllp.com.ng,"CIT,VAT,WHT,CGT"
f2282847-d507-4485-8afc-9de29f9b5463,RC-552326,7277763516817,Palmpay Enterprises LLP,Agro,LLP,2853026858.627085,1750144803.2956932,368261793.25418127,525043440.9887079,70005792.13182773,181,70353700.70883656,4733732.651639002,23-Sep-2014,2014,09-Jun-2025,Edo,Ikpoba-Okha,www.palmpayenterprisesllp.com.ng,"CIT,VAT,WHT,CGT"
2fbf2c33-0fdc-4b1c-bdb0-3bf3d880816e,RC-772494,5384544725504,PiggyVest West Africa PLC,Agro,PLC,3454405076.2480645,3189168436.399619,833369322.3251176,956750530.9198858,127566737.45598477,962,283778510.10467374,96936102.31984796,30-Aug-2015,2015,08-May-2025,Oyo,Akinyele,www.piggyvestwestafricaplc.ng,"CIT,VAT,WHT,CGT"
4d0917e7-b3c9-4ceb-8935-d753414bfa47,RC-395833,1767448523401,Globacom Holdings NGO/Gte,Fintech,NGO/Gte,602613207.2854867,345547385.1533315,87252944.29736458,103664215.54599945,13821895.40613326,1058,140586812.1544759,8299625.328913056,22-May-2016,2016,26-Dec-2025,Ogun,Sagamu,www.globacomholdingsngo/gte.ng,"CIT,VAT,WHT,CGT"
b8599505-7e0b-48cf-a818-4f5c06d868c4,RC-588362,0256304320537,Flutterwave Resources NGO/Gte,Agro,NGO/Gte,397133845.2774516,344637124.6753325,98302573.53083538,103391137.40259974,13785484.987013299,195,92909910.88520528,10444333.823495451,24-Nov-2021,2021,13-Aug-2024,Rivers,Eleme,www.flutterwaveresourcesngo/gte.org.ng,"CIT,VAT,WHT,CGT"
eaa1bf83-c4d4-43cc-b19d-0502eddbd5a2,RC-973909,6412833532066,Mikano Logistics PLC,Agro,PLC,4526210902.131129,4092054723.2102365,387105284.0736108,1227616416.9630709,163682188.92840946,850,152189710.5013649,256366611.29248333,06-Sep-2025,2025,31-Jul-2025,Enugu,Udi,www.mikanologisticsplc.com.ng,"CIT,VAT,WHT,CGT"
3f148f10-ad22-4411-b94e-9865213b4525,RC-184688,4633362880888,Paystack Enterprises LLP,Retail,LLP,4083883773.9693627,3213728348.3580313,486298398.28770685,964118504.5074093,128549133.93432125,1105,297383898.1139984,76820195.58318323,07-Nov-2011,2011,16-Jun-2025,Enugu,Nsukka,www.paystackenterprisesllp.com.ng,"CIT,VAT,WHT,CGT"
d9ebb56e-f5c7-474e-b0b2-a397006874c7,RC-177293,7844054800537,GTCO Enterprises PLC,Tech,PLC,980111602.4915466,911341882.3253554,204322761.13747826,273402564.6976066,36453675.29301422,622,72245803.97883768,11471874.322024418,18-Jun-2014,2014,25-Jan-2025,Lagos,Mushin,www.gtcoenterprisesplc.com.ng,"CIT,VAT,WHT,CGT"
5d31dc1b-b8fb-4650-8194-24ac367c17fb,RC-532340,6547346171818,MainOne Systems Ltd,Fintech,Ltd,2800636062.0339184,1463747723.6061292,414198462.03690034,439124317.0818387,58549908.94424517,386,189775412.25491405,46688044.31361188,10-Jun-2022,2022,03-Jun-2025,Abuja (FCT),Abaji,www.mainonesystemsltd.com.ng,"CIT,VAT,WHT,CGT"
6dfc44b3-f0dd-4b19-a527-54453a5010e1,RC-625212,7244562761866,Ibeto Nigeria LLP,Agro,LLP,2184334913.051736,2011382898.6755629,238374270.7767818,603414869.6026689,80455315.94702251,941,338255617.54845166,150154139.50864652,15-Mar-2019,2019,18-Oct-2025,Akwa Ibom,Eket,www.ibetonigeriallp.com.ng,"CIT,VAT,WHT,CGT"
366239a6-5cab-4e1f-a148-40a53a0b1509,RC-894941,7727416834058,Nigerian Breweries Technologies LLP,Tech,LLP,674694772.5888147,518074954.1147443,141036154.8665537,155422486.23442328,20722998.164589774,1129,539354055.8475792,5421544.6512236055,12-May-2014,2014,17-Jul-2025,Kano,Nasarawa,www.nigerianbreweriestechnologiesllp.com.ng,"CIT,VAT,WHT,CGT"
7ff6c220-9ac6-4ab4-b15a-ef60033eb0c2,RC-104118,3861330274545,Kuda Enterprises PLC,Manufacturing,PLC,1418364746.246521,999805674.0601764,276181390.3086686,299941702.2180529,39992226.96240705,79,15416941.93706049,52244809.048272625,25-Oct-2012,2012,28-Jun-2025,Lagos,Ikeja,www.kudaenterprisesplc.com.ng,"CIT,VAT,WHT,CGT"
a319d444-b18a-475b-afe3-38f3938f0f2a,RC-867402,0858034361404,Zenith Bank Resources NGO/Gte,Tech,NGO/Gte,1135032274.3649523,779796748.837587,235527792.3487106,233939024.65127608,31191869.953503482,999,349360082.50593764,2484404.4223233047,15-Aug-2017,2017,13-Apr-2024,Enugu,Enugu North,www.zenithbankresourcesngo/gte.org.ng,"CIT,VAT,WHT,CGT"
585b6616-7767-4be1-a1cd-7beda1d27ab2,RC-249726,0817854543460,Glovo Enterprises LLP,Energy,LLP,4980208855.751555,2984911897.0284953,538233795.6419448,895473569.1085485,119396475.88113981,426,21263399.45459682,1667556.5956868206,19-Jan-2022,2022,18-Nov-2025,Enugu,Nsukka,www.glovoenterprisesllp.com.ng,"CIT,VAT,WHT,CGT"
b86f51c6-5cc5-4f2a-b0f5-54bc5c348aad,RC-486887,6581557846565,Oando Resources NGO/Gte,Manufacturing,NGO/Gte,4402675652.9549055,2588877811.038927,616600401.3846719,776663343.311678,103555112.44155708,191,9360773.727959102,62485650.90899748,03-Sep-2025,2025,18-Dec-2024,Lagos,Kosofe,www.oandoresourcesngo/gte.org.ng,"CIT,VAT,WHT,CGT"
c963d76f-88ec-4e02-bbff-456a48333210,RC-214336,3054648132284,Chi Networks Ltd,Agro,Ltd,1753975023.3362021,1071455373.1053185,150984110.6755346,321436611.93159556,42858214.92421275,552,139050118.59133515,50736133.66403427,30-Oct-2018,2018,01-May-2025,Enugu,Enugu North,www.chinetworksltd.net.ng,"CIT,VAT,WHT,CGT"
146b8b20-9d38-46bb-bc45-190fa5743cc1,RC-270662,7013231235851,Mikano Enterprises NGO/Gte,Fintech,NGO/Gte,640631065.1995207,626072136.988081,137170088.6228136,187821641.09642428,25042885.479523238,974,335186525.48307735,40206790.75766501,04-Apr-2015,2015,18-Jul-2025,Akwa Ibom,Ikot Ekpene,www.mikanoenterprisesngo/gte.ng,"CIT,VAT,WHT,CGT"
f4d8caff-1be4-42b6-98b8-2f58c8349fdf,RC-795230,6335772314868,Sterling Logistics LLP,Manufacturing,LLP,3439802629.3960156,3330905409.970218,553547409.1388024,999271622.9910654,133236216.39880873,184,29367606.32041848,15620246.794883115,05-Aug-2015,2015,17-May-2024,Anambra,Awka South,www.sterlinglogisticsllp.com.ng,"CIT,VAT,WHT,CGT"
9466dd44-b1a4-4f98-9eb0-c99c58dff8d6,RC-209275,1845232544642,Interswitch West Africa NGO/Gte,Agro,NGO/Gte,1835504282.809473,1688914993.449353,290685727.1213145,506674498.0348059,67556599.73797412,578,35287323.64875946,87195217.19081205,18-Jan-2012,2012,17-Jan-2026,Delta,Warri South,www.interswitchwestafricango/gte.org.ng,"CIT,VAT,WHT,CGT"
f2e4433b-58e3-4f24-96a9-80ac7cc1b4d0,RC-983273,1076583104300,Interswitch Technologies LLP,Energy,LLP,446019866.04877025,388560922.26769614,39202906.00633534,116568276.68030883,15542436.890707847,635,205352742.24382716,6297762.978273144,22-May-2011,2011,02-Mar-2025,Anambra,Idemili South,www.interswitchtechnologiesllp.com.ng,"CIT,VAT,WHT,CGT"
4de2e969-5fa0-46f9-a460-ea3932839d58,RC-309577,0837084538787,Globacom Networks Ltd,Retail,Ltd,1873251522.7228575,1800985511.5696836,294038362.0105581,540295653.4709051,72039420.46278735,983,483959775.78066564,14170892.9887631,27-Feb-2012,2012,17-Aug-2024,Enugu,Udi,www.globacomnetworksltd.net.ng,"CIT,VAT,WHT,CGT"
92cd2c13-7189-4848-9f94-c5653ce37915,RC-387712,1525380282472,Rack Centre Systems LLP,Fintech,LLP,3572854203.4091587,3354625324.075181,588887669.9325342,1006387597.2225542,134185012.96300724,6,1417006.2452160378,82580264.40153375,03-Mar-2022,2022,26-Jan-2026,Rivers,Port Harcourt,www.rackcentresystemsllp.com.ng,"CIT,VAT,WHT,CGT"
143652f0-8604-474d-84ce-e0c59f0ae15a,RC-282820,6634135877563,NLNG Technologies NGO/Gte,Energy,NGO/Gte,2183287147.417003,1761733734.0022233,416389235.55016667,528520120.20066696,70469349.36008893,931,440395595.36752576,33730773.27001851,15-Jun-2016,2016,24-Mar-2025,Abuja (FCT),Kwali,www.nlngtechnologiesngo/gte.org.ng,"CIT,VAT,WHT,CGT"
796dcb80-860f-4c11-a2de-f1b3d94919f5,RC-891548,1113160511034,GTCO Holdings Ltd,Tech,Ltd,3432674802.092703,2461068749.524408,670729567.0354733,738320624.8573223,98442749.98097631,665,134846787.29372257,87100611.70320672,03-Dec-2023,2023,20-Apr-2024,Anambra,Idemili South,www.gtcoholdingsltd.com.ng,"CIT,VAT,WHT,CGT"
74fb9543-93ba-444f-b777-9be2b9251845,RC-518160,5377061102152,GTBank Nigeria NGO/Gte,Tech,NGO/Gte,547410886.7938579,358129472.62835383,58392293.46505771,107438841.78850615,14325178.905134154,146,68069195.38624266,1192557.080155838,12-May-2023,2023,25-Sep-2024,Lagos,Lagos Island,www.gtbanknigeriango/gte.ng,"CIT,VAT,WHT,CGT"
e22609fb-8e06-43a4-8971-d4785ce81232,RC-191306,8770650358543,Sterling Bank Solutions Ltd,Tech,Ltd,1732140935.5908651,1065484771.0084453,352815521.7517543,319645431.30253357,42619390.84033781,116,27295636.426608264,13572678.380673861,25-Dec-2013,2013,27-Feb-2025,Abuja (FCT),Gwagwalada,www.sterlingbanksolutionsltd.com.ng,"CIT,VAT,WHT,CGT"
0e5d73d5-ef5f-4486-8578-89dce21f26ea,RC-880349,7526476578651,Seplat Logistics Ltd,Energy,Ltd,3652673014.7894626,2342218039.840881,884768567.8256757,702665411.9522642,93688721.59363523,24,1791743.5269039795,24178899.044663772,22-Apr-2012,2012,11-Jan-2026,Edo,Oredo,www.seplatlogisticsltd.com.ng,"CIT,VAT,WHT,CGT"
f58aefe0-2a2a-48ca-ba94-6ae12a853965,RC-280780,0810817127644,First Bank Ventures LLP,Fintech,LLP,4646575945.9951725,2550877069.0461674,453036342.7652986,765263120.7138501,102035082.76184669,826,238591253.21972194,131888319.98257932,02-Feb-2018,2018,27-May-2025,Lagos,Agege,www.firstbankventuresllp.com.ng,"CIT,VAT,WHT,CGT"
4d1f8f9d-798c-495f-ad85-b604f00dd4b0,RC-117673,5663244075647,Sterling Group Ltd,Fintech,Ltd,9106277.199834682,7805395.629015834,1936064.6471631,0.0,0.0,1069,315767441.6233085,217430.6504484773,18-Jul-2018,2018,06-Jul-2024,Ogun,Ijebu Ode,www.sterlinggroupltd.net.ng,"CIT,VAT,WHT,CGT"
fade9a77-c991-4e6b-98e2-bb881b583370,RC-450897,2552375480608,Moniepoint West Africa PLC,Fintech,PLC,4111917795.396101,2844299742.3580823,525794305.8399604,853289922.7074246,113771989.6943233,1088,75975112.95329227,52887855.70051171,01-Jan-2019,2019,12-Nov-2025,Akwa Ibom,Eket,www.moniepointwestafricaplc.com.ng,"CIT,VAT,WHT,CGT"
9ddeaa46-2b28-46e1-a290-4ccb7d8d45ba,RC-315100,1635770515807,Glovo Enterprises Ltd,Agro,Ltd,1393131014.4656522,866080453.8923799,159651871.3927253,259824136.16771394,34643218.15569519,323,91537460.20656566,25008125.574194517,06-Nov-2022,2022,08-Apr-2025,Plateau,Jos South,www.glovoenterprisesltd.com.ng,"CIT,VAT,WHT,CGT"
3f9e36f7-9bf6-4701-85db-bff6a269b39e,RC-796905,4632344713611,ABC Transport Global PLC,Tech,PLC,667089829.1380751,550904123.8120582,92914111.62320785,165271237.14361745,22036164.952482328,982,79522972.21374638,20827145.964752026,10-Jan-2013,2013,24-Feb-2024,Kwara,Ilorin East,www.abctransportglobalplc.ng,"CIT,VAT,WHT,CGT"
bc07fe87-c716-46ab-8b83-0dc1119121bb,RC-702628,4421752175741,UBA Solutions Ltd,Manufacturing,Ltd,3762952404.99317,2968575497.9456053,640355559.2082862,890572649.3836815,118743019.91782421,309,133776408.5987252,105855033.62718238,09-Aug-2018,2018,17-Feb-2025,Kaduna,Kaduna North,www.ubasolutionsltd.net.ng,"CIT,VAT,WHT,CGT"
36376e2a-8e0e-4148-93a8-06a0affadd12,RC-274578,1336118002050,FBN Solutions NGO/Gte,Agro,NGO/Gte,914383195.6510408,750073508.5723654,87222991.0358119,225022052.5717096,30002940.342894617,660,161457759.11532518,43132252.43362395,12-Sep-2016,2016,27-Oct-2025,Ogun,Abeokuta North,www.fbnsolutionsngo/gte.ng,"CIT,VAT,WHT,CGT"
43d2eb8a-4c95-4542-b983-05e93d4bb8cf,RC-326077,6121445113565,Coscharis Resources NGO/Gte,Energy,NGO/Gte,867173918.486098,852436056.015766,141923068.6251675,255730816.8047298,34097442.24063064,747,217301920.2689752,58789114.43185225,18-Feb-2013,2013,29-Dec-2025,Lagos,Ifako-Ijaiye,www.coscharisresourcesngo/gte.ng,"CIT,VAT,WHT,CGT"
e0144d79-6e9b-487d-952d-d3897461e595,RC-969056,1235564506087,Mikano Networks PLC,Manufacturing,PLC,2118009090.0586026,1455640267.310357,241260614.1506303,436692080.1931071,58225610.692414284,819,264405784.0597743,67240044.28802778,12-Apr-2013,2013,20-Aug-2024,Enugu,Nsukka,www.mikanonetworksplc.com.ng,"CIT,VAT,WHT,CGT"
0c9be035-5320-4d29-bd8d-2e351f1dd3e2,RC-639003,6275417502813,OPay Solutions LLP,Energy,LLP,4904023090.859401,3188718477.3988614,932267099.2503293,956615543.2196584,127548739.09595446,687,46019209.46403744,182208452.4292927,02-Jan-2023,2023,11-Dec-2024,Lagos,Ikeja,www.opaysolutionsllp.com.ng,"CIT,VAT,WHT,CGT"
c0b78a11-c3b3-4a6a-89f0-62efe1191f2a,RC-705390,6648673647632,First Bank Systems Ltd,Agro,Ltd,2609360492.119683,2247128396.2171545,497793048.43492144,674138518.8651463,89885135.84868619,780,107742844.37332445,135526654.15283033,13-May-2018,2018,18-Jun-2024,Lagos,Alimosho,www.firstbanksystemsltd.net.ng,"CIT,VAT,WHT,CGT"
5519ae9e-f6bd-42da-b42b-2d36f7849d56,RC-185954,0272421781138,Dangote Sugar Logistics LLP,Manufacturing,LLP,2550058199.849082,2008986903.0696466,420930316.35355216,602696070.9208939,80359476.12278587,907,249586023.76761335,77643178.7039476,17-Dec-2023,2023,24-Mar-2024,Delta,Uyo,www.dangotesugarlogisticsllp.com.ng,"CIT,VAT,WHT,CGT"
e999a468-3ec1-4ec1-b552-b632bc894abc,RC-783982,3621265005851,UBA Resources NGO/Gte,Agro,NGO/Gte,4802348244.797493,3146485449.341262,532342149.77394974,943945634.8023785,125859417.97365047,259,100921968.15940231,146569336.74562052,21-Oct-2014,2014,19-Sep-2024,Abuja (FCT),Kuje,www.ubaresourcesngo/gte.ng,"CIT,VAT,WHT,CGT"
4bf52f37-bf3c-4313-a07a-18e7214e03ad,RC-617922,1626005746033,PiggyVest Logistics PLC,Retail,PLC,1208739021.8823788,874996773.1601601,119284871.23414826,262499031.948048,34999870.926406406,595,87475569.64962944,54845646.54598407,05-Jun-2019,2019,20-Nov-2024,Lagos,Surulere,www.piggyvestlogisticsplc.com.ng,"CIT,VAT,WHT,CGT"
3423150c-46bc-4fb7-bc95-4fffa6942683,RC-367589,2418247231332,Nigerian Breweries Group PLC,Tech,PLC,1576474982.074936,821540961.5837834,231389332.5003961,246462288.475135,32861638.463351335,18,3431386.928873183,47682409.27459576,02-Sep-2014,2014,06-Oct-2025,Lagos,Agege,www.nigerianbreweriesgroupplc.com.ng,"CIT,VAT,WHT,CGT"
53af13de-6ad1-4e99-ba05-dc3735facf98,RC-786966,7517882850771,Dangote Group PLC,Fintech,PLC,1475203062.0189164,1106171530.9511976,354089193.8682694,331851459.28535926,44246861.238047905,1166,161634442.2129782,57008194.06120596,06-Apr-2017,2017,31-Mar-2024,Oyo,Egbeda,www.dangotegroupplc.com.ng,"CIT,VAT,WHT,CGT"
de6336f2-f900-4d86-adb8-ff215bdd80ce,RC-599345,8853342064076,Pointek Industries Ltd,Manufacturing,Ltd,1877649723.1440222,1250573198.8583481,249619426.783139,375171959.65750444,50022927.954333924,443,156736735.73379317,26115065.09118591,04-Oct-2022,2022,20-Feb-2024,Lagos,Kosofe,www.pointekindustriesltd.net.ng,"CIT,VAT,WHT,CGT"
39dab919-6e1e-49e8-8f2b-9a35989d2884,RC-561883,5387771756725,Sterling Bank Industries PLC,Tech,PLC,1372850269.2034252,1216612486.854827,134781385.24105805,364983746.05644804,48664499.47419308,913,214381457.7943222,58890282.24404996,25-Apr-2015,2015,17-Apr-2024,Anambra,Idemili South,www.sterlingbankindustriesplc.com.ng,"CIT,VAT,WHT,CGT"
4ca67ce2-e2b6-400b-93c4-dac757291c05,RC-914571,8833668375511,Dangote Holdings LLP,Energy,LLP,289024489.5521594,194648384.1229682,55721572.62413228,58394515.23689046,7785935.364918728,513,247263458.32954702,13575746.541934222,28-Oct-2017,2017,04-Jul-2024,Edo,Egor,www.dangoteholdingsllp.com.ng,"CIT,VAT,WHT,CGT"
c4f39c11-7d32-4a14-9545-3143871c5479,RC-433719,2324288433437,Coscharis Systems NGO/Gte,Fintech,NGO/Gte,329093438.7314532,200686886.8880433,39362866.758837424,60206066.06641299,8027475.475521733,400,188955556.5371271,14833437.01840031,13-Jan-2025,2025,09-Jan-2026,Rivers,Obio-Akpor,www.coscharissystemsngo/gte.org.ng,"CIT,VAT,WHT,CGT"
2291cfa4-1592-45b5-acdd-1336ba2f362b,RC-422960,1481075130354,GIG Logistics Group PLC,Retail,PLC,2740960055.0961623,1681998246.738872,321935857.0823552,504599474.0216616,67279929.86955488,710,335935515.40849555,113825014.062993,12-Oct-2018,2018,01-Aug-2024,Abuja (FCT),Kuje,www.giglogisticsgroupplc.com.ng,"CIT,VAT,WHT,CGT"
eb61a174-4f0d-4058-aa73-f0d11d61acbd,RC-717294,6538735545681,Cadbury Networks NGO/Gte,Energy,NGO/Gte,689169442.1489698,544031904.5518687,121927541.244492,163209571.3655606,21761276.182074748,405,177051538.86396968,27563505.832320973,27-Apr-2022,2022,08-Oct-2025,Plateau,Jos South,www.cadburynetworksngo/gte.ng,"CIT,VAT,WHT,CGT"
0f8f8403-592d-489b-bb4f-6eedd01bf86a,RC-744905,3574823086223,Nestle Ventures PLC,Energy,PLC,4798497740.528104,4024080440.0357676,969432570.8124669,1207224132.0107303,160963217.6014307,339,84832643.11707135,111529764.53844075,12-Oct-2013,2013,30-Sep-2024,Plateau,Jos North,www.nestleventuresplc.com.ng,"CIT,VAT,WHT,CGT"
18860faa-30ad-420b-b269-ab7ad29ba9e8,RC-373297,6266644037228,Chi Enterprises LLP,Fintech,LLP,2119944849.1486773,1604401465.5789812,525335243.2825319,481320439.6736943,64176058.623159245,1196,370735508.6265846,116494074.07881132,14-Oct-2019,2019,05-Dec-2024,Lagos,Mushin,www.chienterprisesllp.com.ng,"CIT,VAT,WHT,CGT"
76949393-2469-4537-b494-f1eb20ff760a,RC-498910,2856381387480,Konga Systems Ltd,Tech,Ltd,2454189036.990884,2412302155.906482,589821445.326723,723690646.7719446,96492086.2362593,80,38847910.61596267,91289660.1810375,26-Aug-2014,2014,17-Feb-2024,Kano,Kano Municipal,www.kongasystemsltd.com.ng,"CIT,VAT,WHT,CGT"
d80e43f7-103b-44fb-935c-348e0eecce97,RC-466010,1433104133035,Coscharis Networks Ltd,Tech,Ltd,1568792536.268961,1128877623.0072525,361491639.21398455,338663286.9021757,45155104.9202901,909,133232071.4066864,8474092.60696067,14-Dec-2024,2024,16-May-2024,Kano,Tarauni,www.coscharisnetworksltd.com.ng,"CIT,VAT,WHT,CGT"
e3d24479-9479-4612-9eaa-1717cc87e864,RC-402700,2480622754310,Konga Resources NGO/Gte,Agro,NGO/Gte,3492531579.0282183,1977871241.6521695,623066483.7150885,593361372.4956508,79114849.66608678,1170,545989339.4541941,10658700.678064957,01-Aug-2021,2021,26-Aug-2024,Lagos,Agege,www.kongaresourcesngo/gte.ng,"CIT,VAT,WHT,CGT"
21138eae-a924-4f15-8380-d990bf4082f4,RC-460463,6870456461226,Opay Enterprises Ltd,Agro,Ltd,3907883373.0656404,2775242809.1473618,784560659.3766778,832572842.7442085,111009712.36589447,344,163065551.407963,50855923.194169655,06-Apr-2022,2022,18-Mar-2025,Kwara,Offa,www.opayenterprisesltd.com.ng,"CIT,VAT,WHT,CGT"
1cd9d794-fd77-4776-86e6-66365b4c0d8c,RC-792238,5571318651828,First Bank Logistics Ltd,Manufacturing,Ltd,3830464062.8468776,2313671851.818627,379556203.58001673,694101555.545588,92546874.07274507,162,58138550.70066658,139932042.7180545,24-Apr-2023,2023,13-Jul-2024,Oyo,Egbeda,www.firstbanklogisticsltd.net.ng,"CIT,VAT,WHT,CGT"
7bf7de73-b0d7-440a-8336-0b90785a68a5,RC-909837,6861621167736,Genesis Group Enterprises NGO/Gte,Manufacturing,NGO/Gte,656154020.2651706,616917329.8235198,133124968.35319178,185075198.94705594,24676693.192940794,931,350149435.5625412,32099370.732715048,28-Sep-2022,2022,16-Jun-2024,Delta,Warri South,www.genesisgroupenterprisesngo/gte.ng,"CIT,VAT,WHT,CGT"
20036c30-9a1c-4e3a-8b50-0f0196b7157f,RC-947770,1731776361210,Sterling Services LLP,Manufacturing,LLP,3988423298.553185,2239103399.612503,835786567.5731677,671731019.8837509,89564135.98450013,721,284585058.5932148,31652378.630512245,19-Nov-2018,2018,23-Jun-2024,Oyo,Ibadan North,www.sterlingservicesllp.com.ng,"CIT,VAT,WHT,CGT"
3b9feba3-f992-4223-84f6-3afc8ff24f90,RC-841679,5348838376564,Stanbic Services NGO/Gte,Fintech,NGO/Gte,1789019723.2886488,1585447214.5296402,212260715.03674883,475634164.358892,63417888.58118561,199,41195584.99657655,96409859.28853923,15-Jan-2024,2024,15-Dec-2024,Ogun,Abeokuta North,www.stanbicservicesngo/gte.ng,"CIT,VAT,WHT,CGT"
ef6c297d-7611-4a74-94b0-9032601f131a,RC-744443,6051777441313,PiggyVest Services PLC,Manufacturing,PLC,4544499780.308892,2957795064.1238294,613873284.1909913,887338519.2371488,118311802.56495318,730,36362022.61741311,61777118.81375337,28-Jan-2018,2018,01-Sep-2024,Rivers,Okrika,www.piggyvestservicesplc.com.ng,"CIT,VAT,WHT,CGT"
d0791377-04cd-4a3c-9b3c-01707e58c541,RC-686189,6657044421375,Silverbird West Africa PLC,Fintech,PLC,2633740592.602103,2249409088.56332,608410271.4900576,674822726.5689961,89976363.5425328,205,94812111.18752629,142670604.5103696,01-Jun-2021,2021,10-May-2025,Kaduna,Kafanchan,www.silverbirdwestafricaplc.ng,"CIT,VAT,WHT,CGT"
1bda27ec-29c3-46d7-bfe2-d838eac53150,RC-310518,3543828662550,Access Bank Industries LLP,Energy,LLP,3551657075.888449,2069394851.9550357,828402851.3236657,620818455.5865107,82775794.07820143,854,217761246.53229713,33490734.606370814,29-Apr-2011,2011,11-Jun-2025,Anambra,Awka South,www.accessbankindustriesllp.com.ng,"CIT,VAT,WHT,CGT"
d8d019d0-f171-44f9-b9fe-e422b8a1e96e,RC-158683,2862784052538,UBA Systems NGO/Gte,Retail,NGO/Gte,4308736932.51748,2570805805.368566,352501272.12251,771241741.6105698,102832232.21474265,775,198251955.6270701,165543728.88859156,18-Mar-2021,2021,25-May-2024,Abuja (FCT),Abuja Municipal,www.ubasystemsngo/gte.org.ng,"CIT,VAT,WHT,CGT"
d697da0f-1099-4129-b497-968b02aaecfa,RC-158611,5217888771242,Eroton Ventures Ltd,Fintech,Ltd,4532204334.599164,2399558308.311756,502298851.12582076,719867492.4935268,95982332.33247025,1001,453826185.2847209,167731505.29067236,30-May-2019,2019,27-May-2024,Kwara,Ilorin West,www.erotonventuresltd.com.ng,"CIT,VAT,WHT,CGT"
412231f9-e303-4235-b052-59ec7abb4caa,RC-680058,3580686348645,Andela Nigeria NGO/Gte,Manufacturing,NGO/Gte,2796029681.414044,1952319968.69872,592340722.0559394,585695990.6096159,78092798.7479488,918,283495601.54328823,77280322.18127263,14-Nov-2024,2024,19-Jan-2026,Abuja (FCT),Kuje,www.andelanigeriango/gte.ng,"CIT,VAT,WHT,CGT"
fe57d20b-c929-4b64-bb1c-f75c7cc8f70d,RC-500205,2027355586338,Eroton West Africa NGO/Gte,Tech,NGO/Gte,3629108839.550677,2934703503.7992716,680567447.2162502,880411051.1397815,117388140.15197086,924,51991675.60713548,156528876.16163543,01-Jan-2018,2018,11-Sep-2025,Oyo,Ibadan South-West,www.erotonwestafricango/gte.org.ng,"CIT,VAT,WHT,CGT"
08624717-2223-4601-b0c5-8c248f94cec2,RC-514284,2566461474441,AltSchool Systems PLC,Energy,PLC,4422478299.431035,3361087297.0109463,974445661.6288251,1008326189.1032839,134443491.88043785,950,380052166.35441196,18873301.087383214,01-Jun-2022,2022,23-Jul-2024,Akwa Ibom,Ikot Ekpene,www.altschoolsystemsplc.com.ng,"CIT,VAT,WHT,CGT"
5dc5ad7b-ba60-407e-b6c8-14afcd25a869,RC-753822,6422705348787,First Bank Holdings NGO/Gte,Energy,NGO/Gte,3860547489.541552,3136597062.490183,527121607.30225563,940979118.7470548,125463882.49960732,1087,417974006.6693761,181903212.45865732,20-Dec-2024,2024,12-Apr-2024,Lagos,Lagos Island,www.firstbankholdingsngo/gte.ng,"CIT,VAT,WHT,CGT"
f7fcad9c-8f68-4717-8dce-6048093b7eb8,RC-813934,2466088817156,Elizade Industries Ltd,Retail,Ltd,2916138544.870275,2337281323.500939,357710885.2978351,701184397.0502816,93491252.94003756,74,28092850.166819613,110539250.51777643,21-Nov-2013,2013,30-Jun-2025,Akwa Ibom,Eket,www.elizadeindustriesltd.net.ng,"CIT,VAT,WHT,CGT"
3f861e02-19c2-4507-ac02-d1904a30445d,RC-423738,6215508623426,MTN Nigeria LLP,Tech,LLP,4728304024.445274,2870568510.6099443,650274099.6796571,861170553.1829833,114822740.42439778,920,397651352.54863894,135867413.93721104,19-Apr-2022,2022,17-Nov-2024,Abuja (FCT),Kwali,www.mtnnigeriallp.com.ng,"CIT,VAT,WHT,CGT"
ba80d4da-67ff-4466-8f7d-f6547aad74b1,RC-990893,1514521181843,Ibeto Resources Ltd,Tech,Ltd,3160991711.354639,2076527374.6634486,747499336.8714007,622958212.3990345,83061094.98653795,271,61509778.79869352,111002578.05154453,07-Mar-2016,2016,20-Jun-2024,Abuja (FCT),Kwali,www.ibetoresourcesltd.com.ng,"CIT,VAT,WHT,CGT"
b060e3ef-670d-48c0-8cd3-e52a182b213b,RC-283075,0508574166745,Mikano Enterprises Ltd,Tech,Ltd,2915688445.176417,2741416549.632236,343086164.381078,822424964.8896707,109656661.98528944,97,40784336.703540795,178954861.98175278,06-May-2025,2025,31-Aug-2024,Edo,Ikpoba-Okha,www.mikanoenterprisesltd.net.ng,"CIT,VAT,WHT,CGT"
1d299e41-5e0e-429e-bb98-a5c54d284ae0,RC-132477,1671414328006,Oando West Africa NGO/Gte,Manufacturing,NGO/Gte,416303477.9026805,413622988.0220387,96937751.43781583,124086896.4066116,16544919.520881549,389,70307950.11903217,29281705.164035,15-May-2024,2024,21-Nov-2024,Lagos,Eti-Osa,www.oandowestafricango/gte.ng,"CIT,VAT,WHT,CGT"
c4f6d1aa-2bf9-418c-bcb5-414dda3be2de,RC-502698,4353286376852,Stanbic Industries LLP,Agro,LLP,3024837905.057462,2765062563.6850142,725593578.4528432,829518769.1055043,110602502.54740058,926,46772825.92855572,140142539.57565266,04-Dec-2024,2024,07-Nov-2024,Edo,Ikpoba-Okha,www.stanbicindustriesllp.com.ng,"CIT,VAT,WHT,CGT"
c256c5e4-8350-4753-aa50-92d7a1443bac,RC-534301,6502537621371,Sterling Enterprises NGO/Gte,Agro,NGO/Gte,1070036942.0649222,610049901.1253178,86076716.46208131,183014970.33759534,24401996.045012712,475,69941099.27715123,45712898.320810296,01-Sep-2019,2019,03-Jan-2026,Lagos,Eti-Osa,www.sterlingenterprisesngo/gte.ng,"CIT,VAT,WHT,CGT"
3533581b-e55b-4620-885e-ee5b1409a7ee,RC-380061,7508341521068,Peace Mass Networks Ltd,Retail,Ltd,2178644670.679935,1179362509.5303545,513331475.531526,353808752.85910636,47174500.38121418,292,38445533.423355624,3398307.518983917,21-May-2022,2022,22-Feb-2024,Plateau,Jos North,www.peacemassnetworksltd.net.ng,"CIT,VAT,WHT,CGT"
28b8f7a1-6c2a-489c-bdd7-4cc3bd7dc73c,RC-884980,2188683453037,PiggyVest Resources Ltd,Agro,Ltd,34652131.39526294,26573405.297121063,7159438.16191168,0.0,0.0,1026,430663888.2716468,1273875.593740745,31-May-2022,2022,13-May-2025,Edo,Ikpoba-Okha,www.piggyvestresourcesltd.net.ng,"CIT,VAT,WHT,CGT"
a0e3a7c7-8f39-4541-aa21-ac2c73c1df3a,RC-933084,5835270137575,Ibeto Technologies PLC,Agro,PLC,4508274202.276782,2915849921.753862,882325115.0856129,874754976.5261586,116633996.87015449,263,81683918.69238661,174037664.72855723,05-Jul-2019,2019,31-Dec-2024,Plateau,Jos South,www.ibetotechnologiesplc.com.ng,"CIT,VAT,WHT,CGT"
88be96d2-ccca-45f1-b219-7838b6bf8f5e,RC-638009,7800718046457,SevenUp Logistics NGO/Gte,Retail,NGO/Gte,4581111624.422713,2864944336.4559393,927398897.2821051,859483300.9367818,114597773.45823757,93,10805500.437193807,158961614.7604301,22-Dec-2019,2019,16-Mar-2025,Kano,Tarauni,www.sevenuplogisticsngo/gte.org.ng,"CIT,VAT,WHT,CGT"
08696ba5-4487-4632-9c85-c355c30f7862,RC-522723,8886848603444,Kuda Solutions Ltd,Retail,Ltd,3189312134.3671136,3117759481.1042757,728020330.320101,935327844.3312827,124710379.24417102,343,95929156.27901983,212870418.57739058,11-Mar-2023,2023,01-Jul-2024,Rivers,Eleme,www.kudasolutionsltd.com.ng,"CIT,VAT,WHT,CGT"
47b4cb32-2413-4d24-ba4c-1e5f484c1d06,RC-229711,0424338734773,ABC Transport Enterprises NGO/Gte,Fintech,NGO/Gte,4005392347.736198,3526087073.9377656,754928246.1436397,1057826122.1813296,141043482.95751062,900,247956759.31618458,155299371.25350195,27-Jun-2021,2021,11-Jul-2024,Edo,Egor,www.abctransportenterprisesngo/gte.ng,"CIT,VAT,WHT,CGT"
5671618e-b93d-45af-b7b8-56b4069cedfe,RC-442944,8812848557326,Interswitch Holdings LLP,Agro,LLP,1038397233.9045839,1019670658.0778215,215260563.3819191,305901197.42334646,40786826.32311286,50,23406238.974313177,31164703.317538515,13-Oct-2013,2013,19-Jun-2024,Lagos,Alimosho,www.interswitchholdingsllp.com.ng,"CIT,VAT,WHT,CGT"
5484c31d-4921-40ce-8efd-a6a4d59ef46b,RC-219608,7871287212121,Moniepoint Technologies Ltd,Fintech,Ltd,996588296.0505998,550048261.4689283,83295254.01410472,165014478.4406785,22001930.458757132,911,369954645.1813621,20937802.31134331,28-Dec-2018,2018,15-May-2025,Rivers,Ikwerre,www.moniepointtechnologiesltd.net.ng,"CIT,VAT,WHT,CGT"
1fdaf5d6-275f-4629-9027-5d616ec01466,RC-563222,3604216443745,Semicolon West Africa Ltd,Agro,Ltd,440883620.92650163,355118922.2615497,61692518.95733561,106535676.6784649,14204756.890461989,855,337668609.91317904,3481576.625727214,10-Jan-2026,2026,14-Apr-2024,Lagos,Lagos Island,www.semicolonwestafricaltd.com.ng,"CIT,VAT,WHT,CGT"
fac273b8-d73d-42c5-bd3d-b40095daa6b1,RC-518498,5330856504537,Chi Group Ltd,Retail,Ltd,2174483969.073277,1562269602.7220378,436032992.5725415,468680880.81661135,62490784.10888151,482,154983621.36607948,96741322.12243913,13-Jun-2024,2024,06-Mar-2025,Lagos,Oshodi-Isolo,www.chigroupltd.net.ng,"CIT,VAT,WHT,CGT"
5d478719-8cf5-446e-9ae3-de6478872a71,RC-252034,4458221302303,MTN Systems Ltd,Tech,Ltd,3532331642.473291,2105849330.1682506,469407288.95178473,631754799.0504751,84233973.20673002,397,53853358.90881523,111616615.4513134,05-Jan-2012,2012,02-Mar-2024,Kano,Gwale,www.mtnsystemsltd.com.ng,"CIT,VAT,WHT,CGT"
a0fe1c2a-6a6a-4431-8795-18efbe75fb48,RC-633193,6855685216047,Moniepoint Industries Ltd,Fintech,Ltd,1463866137.2528887,1349939001.4162955,299633655.0679634,404981700.4248887,53997560.05665182,1112,424903172.71362495,37691802.74522187,29-Jun-2015,2015,07-Nov-2025,Lagos,Ifako-Ijaiye,www.moniepointindustriesltd.com.ng,"CIT,VAT,WHT,CGT"
2e152581-8613-41a4-9df0-0bc6d5db8e64,RC-950867,6401432082232,Konga Holdings PLC,Energy,PLC,838190308.1835352,588164332.633334,119245704.7629171,176449299.7900002,23526573.30533336,938,409529855.95178586,14148793.224922216,08-Apr-2021,2021,09-Dec-2024,Delta,Ughelli North,www.kongaholdingsplc.com.ng,"CIT,VAT,WHT,CGT"
39d80b08-86d5-44b8-a781-7bc3fd09d0c1,RC-174365,1218575276363,Decagon Networks NGO/Gte,Agro,NGO/Gte,1430910840.9824104,738622136.7528602,219397253.08275628,221586641.02585804,29544885.47011441,512,17257804.908740446,31964479.42300294,23-Apr-2025,2025,13-Mar-2024,Abuja (FCT),Kuje,www.decagonnetworksngo/gte.ng,"CIT,VAT,WHT,CGT"
d6439a66-1ad3-45cb-bf44-3f77ec7fd1a0,RC-477087,0088025654153,Jumia Systems PLC,Agro,PLC,2106689948.5351837,1054568323.7261037,324947343.5237032,316370497.1178311,42182732.949044146,1025,276115170.8527327,60030575.90495431,12-Dec-2021,2021,05-Sep-2024,Edo,Egor,www.jumiasystemsplc.ng,"CIT,VAT,WHT,CGT"
98b41934-b85e-4387-9ab6-b70f7704eadf,RC-888922,8818633823015,Shoprite Nigeria Ltd,Energy,Ltd,243999435.0539559,197076341.40497932,47629497.81322169,59122902.42149379,7883053.656199173,690,291532897.0647837,7271902.4809087245,28-Jul-2018,2018,21-Jun-2025,Kwara,Ilorin East,www.shopritenigerialtd.net.ng,"CIT,VAT,WHT,CGT"
bb26f274-b330-465d-9f98-ed1037a1ce49,RC-798345,8617625250767,Interswitch Holdings NGO/Gte,Energy,NGO/Gte,614021416.3711388,610688495.8646364,49349679.75748475,183206548.75939092,24427539.834585458,337,130663377.80977347,29750400.40637176,01-Dec-2018,2018,26-Jul-2024,Rivers,Port Harcourt,www.interswitchholdingsngo/gte.org.ng,"CIT,VAT,WHT,CGT"
45598e42-1444-4a58-a6ed-35161517dd60,RC-411217,2065660344250,Chi Logistics Ltd,Fintech,Ltd,1344960272.8566651,1112769048.7819674,182637327.42727444,333830714.6345902,44510761.951278694,773,42149090.602357745,80623278.69762994,06-Mar-2011,2011,02-Jan-2025,Lagos,Surulere,www.chilogisticsltd.net.ng,"CIT,VAT,WHT,CGT"
f22f4480-6933-457e-85ea-f9f15e08e5f3,RC-574507,3686306163883,Coscharis Solutions Ltd,Tech,Ltd,2975328418.7283726,1687057397.2966585,360299495.52792203,506117219.1889975,67482295.89186634,559,156764729.28319103,121734032.47312853,29-Jul-2014,2014,03-May-2024,Kano,Nasarawa,www.coscharissolutionsltd.com.ng,"CIT,VAT,WHT,CGT"
ca0ce6a2-b7e3-4585-afd7-e196b266d693,RC-148527,0726512852530,Spar Resources PLC,Fintech,PLC,3360106468.5586853,1973660003.6331484,811022176.2961843,592098001.0899445,78946400.14532594,755,43914431.42626694,38897136.909615286,06-Mar-2023,2023,05-Jan-2026,Abuja (FCT),Abaji,www.sparresourcesplc.com.ng,"CIT,VAT,WHT,CGT"
9dcb5ebd-d23d-4cf7-b894-a79bc118afb3,RC-714555,8080177638308,PiggyVest Holdings LLP,Retail,LLP,4668790320.514876,3990896558.837005,980527867.1303405,1197268967.6511016,159635862.35348022,91,26950339.432582915,207816564.30744296,02-Dec-2015,2015,01-Aug-2024,Abuja (FCT),Kuje,www.piggyvestholdingsllp.com.ng,"CIT,VAT,WHT,CGT"
72850237-7177-4c34-8fe9-bca20bffbac8,RC-507914,5601667405255,Zenith Technologies PLC,Tech,PLC,591224921.5299169,429156139.16357756,67810040.99816549,128746841.74907327,17166245.566543102,1153,538550726.1161786,31154766.294413745,23-Aug-2019,2019,09-May-2025,Kaduna,Kaduna South,www.zenithtechnologiesplc.com.ng,"CIT,VAT,WHT,CGT"
89c1ff52-968c-46e9-ab7a-5a2ed96e605c,RC-808731,3372558282054,Rack Centre Resources LLP,Energy,LLP,3810197932.7226667,3547444281.5375323,594332655.4080353,1064233284.4612596,141897771.26150128,508,86337214.67775331,223687299.86943862,02-Jun-2021,2021,18-Oct-2024,Lagos,Agege,www.rackcentreresourcesllp.com.ng,"CIT,VAT,WHT,CGT"
2ff166d7-5219-4fe5-aa6b-34aa4c3e36fd,RC-934509,1161043530335,Eroton West Africa Ltd,Agro,Ltd,2642562081.6459446,2465805295.5495853,298166895.0446575,739741588.6648756,98632211.82198341,50,23913055.67947881,154012688.34751147,05-Sep-2014,2014,08-Jul-2025,Lagos,Ifako-Ijaiye,www.erotonwestafricaltd.net.ng,"CIT,VAT,WHT,CGT"
1a66185e-53e5-4021-842f-d64ceb51e34f,RC-760157,6787778544333,Airtel Systems LLP,Tech,LLP,1891357463.8258545,1258050979.4531007,300697515.22820926,377415293.83593017,50322039.178124025,693,36368651.32353946,25022243.65743486,16-Jan-2022,2022,02-Feb-2025,Kano,Nasarawa,www.airtelsystemsllp.com.ng,"CIT,VAT,WHT,CGT"
b76f3295-fee9-4734-9b6a-5805cfc9f9d1,RC-526648,6378414018835,SevenUp Logistics PLC,Tech,PLC,4438842341.3255,2614452913.4951897,548650597.9341311,784335874.0485569,104578116.53980759,414,32537819.670126602,128908466.45240763,19-Jun-2018,2018,12-Oct-2025,Delta,Uyo,www.sevenuplogisticsplc.com.ng,"CIT,VAT,WHT,CGT"
a4095cfa-ccd0-4420-8dbd-82b067a02101,RC-485719,4826870556745,Jumia Logistics NGO/Gte,Agro,NGO/Gte,2489573551.752821,1663418844.4147794,505222988.5108813,499025653.3244338,66536753.77659118,1004,200427768.12571624,105342458.85814373,19-Jul-2012,2012,24-Aug-2024,Ogun,Sagamu,www.jumialogisticsngo/gte.ng,"CIT,VAT,WHT,CGT"
25c3cb19-a6b4-4ab7-97f2-7366d080e4dc,RC-434229,6505168333378,Seplat Group NGO/Gte,Retail,NGO/Gte,3210876624.0380387,2004240819.0300784,372997870.70452714,601272245.7090235,80169632.76120314,447,176330728.63368514,37727776.632864095,30-Jul-2017,2017,10-Aug-2024,Ogun,Sagamu,www.seplatgroupngo/gte.org.ng,"CIT,VAT,WHT,CGT"
957fce0e-812f-458f-acc8-824d64164d89,RC-179587,8068053814687,Palmpay Enterprises NGO/Gte,Fintech,NGO/Gte,612700605.8522027,375762306.05261666,59304313.87732933,112728691.81578499,15030492.242104666,345,137612899.51979953,16857703.18613084,27-Sep-2022,2022,19-Feb-2024,Oyo,Ibadan South-West,www.palmpayenterprisesngo/gte.org.ng,"CIT,VAT,WHT,CGT"
c4f49b34-903e-499b-a2eb-6669a3523402,RC-117917,3445318613011,Coscharis Holdings Ltd,Tech,Ltd,4256411068.0919685,2558773314.054607,369561191.93529946,767631994.216382,102350932.56218427,1061,309119105.0437292,79071875.58392629,02-Nov-2011,2011,30-Jun-2025,Ogun,Sagamu,www.coscharisholdingsltd.net.ng,"CIT,VAT,WHT,CGT"
59b78109-6b85-47fa-8670-71499edaf84b,RC-395388,1428082604262,Galaxy Backbone Global LLP,Agro,LLP,479062888.5836106,356512415.58731985,87470353.46407159,106953724.67619595,14260496.623492794,790,97920684.1739394,14436711.938609125,23-Nov-2023,2023,09-Aug-2024,Abuja (FCT),Abaji,www.galaxybackbonegloballlp.com.ng,"CIT,VAT,WHT,CGT"
14bb3ec0-84b8-4a06-9f3c-dcec9005b98d,RC-239497,3515034654627,FBN Holdings LLP,Fintech,LLP,4033732765.6700277,3886642002.9964976,535301624.48549694,1165992600.8989491,155465680.1198599,137,5903195.286789287,190827311.56332782,01-Oct-2014,2014,13-Jun-2024,Edo,Oredo,www.fbnholdingsllp.com.ng,"CIT,VAT,WHT,CGT"
4b5d404f-7166-4eb3-ae05-8b79a12c9c7a,RC-729666,5255745112165,Chi Group LLP,Fintech,LLP,3189030297.527822,2185198589.356054,260217707.46888867,655559576.8068161,87407943.57424216,376,20922426.834545407,103263594.6445106,13-Sep-2012,2012,18-Mar-2024,Rivers,Port Harcourt,www.chigroupllp.com.ng,"CIT,VAT,WHT,CGT"
22340ab5-cf5c-40ff-b46e-cd96ba3223ef,RC-998253,8381288461732,ABC Transport Systems Ltd,Fintech,Ltd,3248053241.911806,1833032317.4605358,778671936.5506107,549909695.2381607,73321292.69842143,63,15865186.323659504,125086921.76430222,21-Jun-2014,2014,10-Oct-2024,Lagos,Mushin,www.abctransportsystemsltd.net.ng,"CIT,VAT,WHT,CGT"
ced96216-39be-4146-8777-75c6064c385f,RC-600934,4435876247464,Ardova Industries PLC,Agro,PLC,3152934686.9852824,3005671841.2808075,267593614.3917011,901701552.3842422,120226873.6512323,84,40513742.585770205,131656486.88664855,22-Sep-2016,2016,22-Nov-2024,Edo,Oredo,www.ardovaindustriesplc.com.ng,"CIT,VAT,WHT,CGT"
2af8169d-2ae3-44be-8e6f-98c7db31db7e,RC-325024,5503255154162,Ibeto Solutions PLC,Tech,PLC,774109840.6229645,480488998.9300652,99319701.65355277,144146699.67901957,19219559.95720261,1172,279935846.7317874,10945611.188810723,06-Oct-2011,2011,18-Aug-2025,Lagos,Kosofe,www.ibetosolutionsplc.com.ng,"CIT,VAT,WHT,CGT"
35488599-7c29-49d2-b6d7-5bcded071a56,RC-974290,2525354750031,Seplat Holdings PLC,Energy,PLC,2352559043.1295743,1985514251.8239799,556807447.9192768,595654275.5471939,79420570.0729592,913,304109607.558188,19192350.753338207,09-May-2017,2017,16-May-2025,Lagos,Alimosho,www.seplatholdingsplc.com.ng,"CIT,VAT,WHT,CGT"
f549417e-d533-40d3-a3a5-70dc023af58e,RC-384933,6272586054356,Shoprite Technologies LLP,Fintech,LLP,1857223191.6769874,1599206173.5346382,161396572.60347423,479761852.0603914,63968246.94138553,90,38921434.12968384,8494642.801171213,26-Apr-2014,2014,24-Jan-2025,Ogun,Ijebu Ode,www.shopritetechnologiesllp.com.ng,"CIT,VAT,WHT,CGT"
ae22912a-9b44-445a-8573-a04361625447,RC-623620,3606582243205,Access Bank Networks PLC,Tech,PLC,1474225982.321993,1439034126.4333987,215751116.5474681,431710237.9300196,57561365.05733595,314,147110110.7470924,65777815.59752967,07-Dec-2025,2025,23-Jun-2025,Kwara,Ilorin East,www.accessbanknetworksplc.com.ng,"CIT,VAT,WHT,CGT"
f0579a97-767d-490d-a376-9ba626dceb49,RC-848035,3568875868713,Slot Networks Ltd,Energy,Ltd,155743966.81893986,142580274.12664744,15097100.058788154,42774082.23799423,5703210.965065897,417,207509168.07124346,6247036.8469351055,01-May-2015,2015,13-Apr-2025,Abuja (FCT),Gwagwalada,www.slotnetworksltd.net.ng,"CIT,VAT,WHT,CGT"
46cf3ca7-dd51-4ed3-9ffa-60826e07318c,RC-698766,1600723386476,Globacom Group Ltd,Agro,Ltd,844151953.9190481,462480295.16553015,86540477.15000474,138744088.54965904,18499211.806621205,252,76437977.47789447,15278891.298098467,29-Apr-2015,2015,14-Jan-2025,Kwara,Ilorin East,www.globacomgroupltd.com.ng,"CIT,VAT,WHT,CGT"
746336b9-8030-4734-b5a6-3f518ee70606,RC-570823,3646108575752,Opay Logistics Ltd,Retail,Ltd,1276121085.9695604,1239821078.9021628,298028536.5096734,371946323.6706488,49592843.15608651,1025,33055848.66232139,7533672.930332515,09-Dec-2013,2013,09-Jan-2026,Delta,Warri South,www.opaylogisticsltd.com.ng,"CIT,VAT,WHT,CGT"
f4025c4f-5e57-437d-98dd-cfcb825ed2e8,RC-285708,1886818506883,Flutterwave Resources Ltd,Energy,Ltd,2927376217.9866,1981503383.6169791,624236491.3838788,594451015.0850937,79260135.34467916,252,88613444.38070045,28806636.42139805,12-Jun-2024,2024,08-Nov-2025,Abuja (FCT),Bwari,www.flutterwaveresourcesltd.net.ng,"CIT,VAT,WHT,CGT"
f36ee2ca-97f3-4420-bd43-3c30badd1ad7,RC-823354,8753647243614,Glovo Services LLP,Fintech,LLP,3352021546.046979,3253535717.7479568,564609705.8623505,976060715.324387,130141428.70991828,747,195996947.25966993,145489703.31320998,26-Oct-2019,2019,05-Apr-2024,Ogun,Abeokuta South,www.glovoservicesllp.com.ng,"CIT,VAT,WHT,CGT"
7bf0da8b-c02f-4d64-9500-38fd15c1845d,RC-610394,8826847452677,Semicolon Global LLP,Energy,LLP,4045256189.9772754,3294927906.345099,709717584.3409375,988478371.9035296,131797116.25380397,159,70964668.55104135,160380878.16961667,04-Jun-2011,2011,25-Mar-2025,Rivers,Eleme,www.semicolongloballlp.com.ng,"CIT,VAT,WHT,CGT"
bf9555fd-4364-4bc8-a3e1-2ad044f1c659,RC-294525,6843587018013,Peace Mass West Africa Ltd,Retail,Ltd,1497694092.6844292,1333889911.4219046,190771621.43295446,400166973.42657137,53355596.45687618,228,70700760.91270886,62704569.18327745,14-Apr-2023,2023,12-Sep-2024,Lagos,Lagos Island,www.peacemasswestafricaltd.com.ng,"CIT,VAT,WHT,CGT"
684e6c6f-3d55-4459-8bd8-ce8f874435cd,RC-911358,6554841837413,Moniepoint Enterprises NGO/Gte,Retail,NGO/Gte,337111175.37847865,277302288.8753808,27140207.043232873,83190686.66261424,11092091.555015232,1055,276843088.61012745,17243592.00994512,03-Feb-2016,2016,05-Jul-2024,Delta,Uyo,www.moniepointenterprisesngo/gte.ng,"CIT,VAT,WHT,CGT"
80808882-16d5-4bf3-8533-c839d91e259f,RC-470518,5822734443552,Andela Services LLP,Manufacturing,LLP,1923247789.3968432,1590154123.3672626,316097602.1108773,477046237.01017874,63606164.934690505,1155,142978299.47866172,35986833.97133605,22-Oct-2019,2019,22-Oct-2024,Enugu,Udi,www.andelaservicesllp.com.ng,"CIT,VAT,WHT,CGT"
8b7a5a2d-5693-49e9-a12c-d5117e0ca541,RC-318664,2032613342277,Seplat Enterprises Ltd,Fintech,Ltd,1906429913.8809915,1341261085.3017583,412336469.96002525,402378325.5905275,53650443.412070334,519,234847887.02009228,99570909.8769534,30-Dec-2022,2022,21-Feb-2025,Kano,Kano Municipal,www.seplatenterprisesltd.net.ng,"CIT,VAT,WHT,CGT"
270a9b16-448e-40dd-8b35-bb98bad13a34,RC-643925,8706275214280,Seplat Technologies PLC,Fintech,PLC,2380836701.268523,1495698034.6111035,512492245.0137286,448709410.38333106,59827921.38444414,381,48795030.83256196,76642241.11248244,07-Sep-2017,2017,01-Nov-2025,Kano,Tarauni,www.seplattechnologiesplc.ng,"CIT,VAT,WHT,CGT"
f1345e26-37f2-4fa1-a8e6-501ff6ff43f1,RC-931722,1868643264830,Moniepoint Services Ltd,Energy,Ltd,1660044678.670767,1432096915.0428054,179073470.39720014,429629074.51284164,57283876.60171222,723,52748240.45508565,42278127.239622705,29-Sep-2016,2016,02-Dec-2024,Rivers,Eleme,www.moniepointservicesltd.com.ng,"CIT,VAT,WHT,CGT"
6f72ea6a-5594-466a-a2bb-d8d73a63d39b,RC-675644,4515475027543,Jumia Solutions NGO/Gte,Tech,NGO/Gte,4283251102.8307633,3953905274.905735,1029515313.5509409,1186171582.4717205,158156210.9962294,888,58313271.26775682,222518658.65597862,02-Feb-2023,2023,20-Jun-2025,Edo,Oredo,www.jumiasolutionsngo/gte.ng,"CIT,VAT,WHT,CGT"
f4eac590-e57f-4ec8-9d91-838adca69c9e,RC-691547,3034286857754,Jumia Industries PLC,Manufacturing,PLC,4025101454.668738,3883527950.176526,660656846.2005743,1165058385.0529578,155341118.00706103,959,113190233.81795788,212417742.07795507,18-Oct-2020,2020,14-Jun-2024,Lagos,Mushin,www.jumiaindustriesplc.com.ng,"CIT,VAT,WHT,CGT"
f88d1804-3827-4d9a-9ed0-5c2b3e4f6edf,RC-179773,7280837737323,GTCO Services LLP,Fintech,LLP,4031775436.4814672,3090673456.712006,472677206.3699664,927202037.0136018,123626938.26848024,440,161096143.46298295,64548454.333201446,10-Jan-2023,2023,22-Jun-2025,Ogun,Abeokuta North,www.gtcoservicesllp.com.ng,"CIT,VAT,WHT,CGT"
d98f550c-6c34-469b-b792-b3791f40352b,RC-392254,3568080707630,Kuda Resources NGO/Gte,Fintech,NGO/Gte,3213658413.583066,2422491864.267303,273171672.75977117,726747559.2801908,96899674.57069212,1007,300927262.20819855,141448244.84301654,21-Mar-2013,2013,20-Nov-2025,Lagos,Agege,www.kudaresourcesngo/gte.ng,"CIT,VAT,WHT,CGT"
9a85e821-0694-4b8e-a04e-2bdb9f7dc507,RC-219303,3523142076455,Nestle Technologies Ltd,Retail,Ltd,1864745048.2341468,1842842737.6464393,400934002.68428737,552852821.2939317,73713709.50585757,688,163288783.33709788,107105801.49316633,15-May-2019,2019,25-Dec-2025,Abuja (FCT),Abaji,www.nestletechnologiesltd.com.ng,"CIT,VAT,WHT,CGT"
d2ff2869-fba1-43f0-9c9e-9b7827a037ff,RC-177573,7818336221304,Decagon Resources LLP,Agro,LLP,2168774323.1430225,2100492675.063095,471990642.9147247,630147802.5189285,84019707.00252381,343,118722291.22974753,32011802.740027536,13-Apr-2016,2016,20-Aug-2025,Ogun,Abeokuta South,www.decagonresourcesllp.com.ng,"CIT,VAT,WHT,CGT"
1a5f36b5-c3f4-4920-a254-5206aa95fbe8,RC-507987,2255757431723,GTCO Nigeria Ltd,Tech,Ltd,4282651001.694217,3803811432.9502263,1000542450.782881,1141143429.885068,152152457.31800905,101,32792662.099703282,9380603.157538801,13-Sep-2016,2016,24-Oct-2025,Delta,Ughelli North,www.gtconigerialtd.com.ng,"CIT,VAT,WHT,CGT"
68449546-641c-42f8-8714-05befc4a2bef,RC-212787,7065516073368,OPay Resources PLC,Retail,PLC,2126329910.4423919,1805433714.1620767,213578760.92365742,541630114.248623,72217348.56648307,104,28434292.858853772,18108237.534658708,28-Sep-2011,2011,13-Aug-2025,Kano,Nasarawa,www.opayresourcesplc.com.ng,"CIT,VAT,WHT,CGT"
6a3d6c2a-13b8-4631-95bb-6f2b96d9bb33,RC-934693,0455166155554,Stanbic Technologies Ltd,Tech,Ltd,3535460489.449963,2327909687.2504654,320984033.94274926,698372906.1751395,93116387.49001862,750,238804296.5039094,164593775.76608688,12-Feb-2013,2013,28-Aug-2025,Lagos,Agege,www.stanbictechnologiesltd.net.ng,"CIT,VAT,WHT,CGT"
ad379f2c-7fc8-4833-bf25-59fe325028e9,RC-606054,5064700540642,Nestle Resources LLP,Retail,LLP,2463944428.969461,2245596627.451334,423380296.8321652,673678988.2354002,89823865.09805337,645,135465377.15443912,119358243.26548733,03-Feb-2018,2018,07-Oct-2024,Lagos,Ifako-Ijaiye,www.nestleresourcesllp.com.ng,"CIT,VAT,WHT,CGT"
d33ad9d5-d4ea-4caf-9ccd-94e7b55a9b18,RC-847012,1330617647582,Moniepoint Nigeria LLP,Fintech,LLP,4323497952.167841,4266607301.8910623,585198990.1526233,1279982190.5673187,170664292.0756425,1166,47398307.410589546,1906728.1637599433,15-Jun-2015,2015,25-May-2024,Kaduna,Zaria,www.moniepointnigeriallp.com.ng,"CIT,VAT,WHT,CGT"
be010900-694b-444c-97ee-16b2e98140f4,RC-903305,7388780063868,Silverbird Global PLC,Energy,PLC,1316977034.016386,747687619.0945467,225704127.0872652,224306285.728364,29907504.763781868,897,218483359.91260186,27989.240065175403,16-Sep-2014,2014,03-May-2025,Ogun,Sagamu,www.silverbirdglobalplc.ng,"CIT,VAT,WHT,CGT"
b04eb075-9492-4415-8238-4eee6dece2f9,RC-946859,3786646333053,MainOne Ventures NGO/Gte,Fintech,NGO/Gte,3154283579.840115,2117596299.620393,766145641.940957,635278889.8861179,84703851.98481572,1070,113473347.03537157,23099421.749389652,18-Aug-2025,2025,30-Nov-2024,Lagos,Surulere,www.mainoneventuresngo/gte.org.ng,"CIT,VAT,WHT,CGT"
751b0c1f-2f61-459f-aa0d-b25f38eaef50,RC-470190,8161015563344,Decagon Nigeria PLC,Tech,PLC,1955277707.156473,1092598392.826238,184408382.08576956,327779517.84787136,43703935.713049516,707,226451385.67923826,58169439.93075184,29-Dec-2012,2012,20-Jul-2025,Akwa Ibom,Ikot Ekpene,www.decagonnigeriaplc.ng,"CIT,VAT,WHT,CGT"
0bc3459a-e4c5-4795-8cd9-db879c316c76,RC-113241,2274754071133,NLNG Group Ltd,Retail,Ltd,3177737289.6909995,1974796307.2300363,756637158.8182585,592438892.1690109,78991852.28920145,861,194170474.58632112,29345906.762929767,09-Jan-2019,2019,22-Jul-2025,Kwara,Ilorin East,www.nlnggroupltd.net.ng,"CIT,VAT,WHT,CGT"
abc29946-edab-493b-b633-4983b5f10bf2,RC-320437,5816118800035,Cadbury Nigeria LLP,Manufacturing,LLP,3187241158.439692,2946849319.391854,466479344.3852694,884054795.8175561,117873972.77567415,237,14803884.816099316,60244871.2492131,12-Nov-2016,2016,13-Nov-2024,Enugu,Udi,www.cadburynigeriallp.com.ng,"CIT,VAT,WHT,CGT"
72422a51-b5d8-4f70-9809-8a2e84eb18ff,RC-864132,3686268605646,MTN Industries Ltd,Fintech,Ltd,4673099814.329063,2951574585.9995203,862404528.7202144,885472375.7998561,118062983.43998082,34,14605766.70243028,90886838.185356,13-Nov-2021,2021,02-Feb-2024,Kano,Nasarawa,www.mtnindustriesltd.com.ng,"CIT,VAT,WHT,CGT"
0dca8009-4cda-4f1c-b41d-298187e4df33,RC-909728,8645756047180,Coscharis Nigeria Ltd,Agro,Ltd,997941495.1552508,695596797.6879951,171246427.57134447,208679039.3063985,27823871.907519802,155,31761036.718069177,50049898.74489408,06-Jun-2015,2015,15-Dec-2024,Kaduna,Kaduna North,www.coscharisnigerialtd.net.ng,"CIT,VAT,WHT,CGT"
401db39c-e915-494c-85f4-0e66b693da3d,RC-891187,8134517040250,Palmpay Services PLC,Retail,PLC,3371444907.977752,2281020326.8711805,786499563.152562,684306098.0613542,91240813.07484722,1166,114599818.06793465,17351692.55315058,28-Oct-2012,2012,05-Aug-2025,Edo,Oredo,www.palmpayservicesplc.com.ng,"CIT,VAT,WHT,CGT"
ba4e3fcd-f3b2-4d8f-8ed6-617f884fdb57,RC-210309,3271485711250,Opay Nigeria PLC,Energy,PLC,813927180.9253536,667678421.9503336,133325160.78519613,200303526.58510008,26707136.878013343,293,103708361.60226746,13704949.670544066,20-Apr-2023,2023,31-Jul-2024,Oyo,Ibadan South-West,www.opaynigeriaplc.com.ng,"CIT,VAT,WHT,CGT"
d8e1dfea-6c1d-4142-a323-3631b6b059b6,RC-453939,2022303631637,Ardova Global LLP,Manufacturing,LLP,1945550911.6320753,1181264645.0323393,278848164.4925377,354379393.5097018,47250585.801293574,989,164613936.88698292,1880051.7652708858,07-Aug-2019,2019,19-Sep-2025,Plateau,Jos North,www.ardovagloballlp.com.ng,"CIT,VAT,WHT,CGT"
863de870-dfcf-4ee9-b5d7-dc7a1339bd5a,RC-536664,8265452100547,UBA Systems Ltd,Energy,Ltd,670197832.8639625,646929476.5586154,89417267.07436894,194078842.96758464,25877179.06234462,1158,297949279.66446686,4969257.488546713,30-Jul-2014,2014,16-Oct-2025,Abuja (FCT),Gwagwalada,www.ubasystemsltd.com.ng,"CIT,VAT,WHT,CGT"
265c0f4e-4d70-4449-9c05-4932c1d5024d,RC-792726,6270077058334,Access Global LLP,Manufacturing,LLP,1746135389.165693,1134198091.4189148,405743438.55468386,340259427.42567444,45367923.656756595,296,18976326.09148006,19807299.32801542,19-Jul-2023,2023,26-Feb-2025,Oyo,Akinyele,www.accessgloballlp.com.ng,"CIT,VAT,WHT,CGT"
46e46401-2a03-465b-a5fc-c63603fda3ad,RC-541842,2825871326757,TotalEnergies Technologies Ltd,Tech,Ltd,2159201026.5863485,1993866577.8619745,335712664.76225644,598159973.3585923,79754663.11447898,710,233611625.53753805,130200559.64067012,28-Sep-2015,2015,21-May-2024,Rivers,Ikwerre,www.totalenergiestechnologiesltd.com.ng,"CIT,VAT,WHT,CGT"
4ada27cc-2910-4a0e-a7d3-8564137e2b54,RC-261542,2710172126062,Kuda Nigeria NGO/Gte,Energy,NGO/Gte,3778528871.8696675,2771788417.056646,874950547.9440875,831536525.1169938,110871536.68226583,899,74268007.70871268,50778368.77457274,25-Apr-2022,2022,26-Jun-2025,Kano,Tarauni,www.kudanigeriango/gte.ng,"CIT,VAT,WHT,CGT"
74cb3676-9fce-4824-a1d4-8126eb98fa3b,RC-616073,2414373754228,Interswitch Enterprises PLC,Tech,PLC,4347038759.124939,3705111207.6234207,898830175.4151307,1111533362.2870262,148204448.30493683,640,207706794.68729618,273591167.0728568,14-Jun-2024,2024,14-Sep-2025,Akwa Ibom,Ikot Ekpene,www.interswitchenterprisesplc.com.ng,"CIT,VAT,WHT,CGT"
bb19246f-92e5-4468-adb8-dd8d3c85440b,RC-808341,0470081747335,Slot Technologies Ltd,Fintech,Ltd,4066322810.372931,2075297148.3416505,568937445.9067014,622589144.5024952,83011885.93366602,607,227683043.01247346,90237946.95482168,19-Jan-2013,2013,17-Aug-2025,Anambra,Nnewi North,www.slottechnologiesltd.net.ng,"CIT,VAT,WHT,CGT"
37f2fbb0-b4ee-4b4b-b3bb-f16cd88eb5dc,RC-725122,6533704840473,PiggyVest West Africa NGO/Gte,Agro,NGO/Gte,561988332.9734263,466023881.5956252,112061449.61873697,139807164.47868755,18640955.26382501,851,134788734.94082907,20060160.118050285,19-Apr-2020,2020,19-Jul-2024,Lagos,Eti-Osa,www.piggyvestwestafricango/gte.ng,"CIT,VAT,WHT,CGT"
9db33d24-7319-4f6d-a092-7a6428296f69,RC-249589,6835783238878,Paystack Industries Ltd,Manufacturing,Ltd,1599459174.1776652,1497817022.9603047,299796690.9509243,449345106.8880914,59912680.91841219,202,46139521.25626402,20261625.067736425,12-Jun-2014,2014,23-Dec-2025,Oyo,Ibadan North,www.paystackindustriesltd.com.ng,"CIT,VAT,WHT,CGT"
0c15b29f-4a17-49c9-bf1d-9a01da2972e4,RC-534498,3008571587814,Kuda West Africa Ltd,Energy,Ltd,4932363327.651921,3790150721.365489,1130548689.436688,1137045216.4096467,151606028.85461956,1089,58326647.63773584,174740290.54280105,30-Jun-2011,2011,23-Jul-2024,Lagos,Alimosho,www.kudawestafricaltd.net.ng,"CIT,VAT,WHT,CGT"
784d229a-aa5a-46dd-93e8-acd73596e82a,RC-853051,3343743000757,Silverbird Industries Ltd,Agro,Ltd,435964488.42962253,359139545.5304673,38844187.07060234,107741863.65914018,14365581.821218692,1099,200466285.03460082,5050673.886609936,06-Jun-2021,2021,27-Jul-2024,Oyo,Akinyele,www.silverbirdindustriesltd.net.ng,"CIT,VAT,WHT,CGT"
abe242e3-023f-4f36-99ad-387f6253628f,RC-714682,3012072780370,Access Bank Networks LLP,Retail,LLP,3595534142.5527363,3512025312.311841,734478465.2669289,1053607593.6935523,140481012.49247363,1063,69886959.25476415,184163006.9242721,17-Nov-2025,2025,26-Jun-2025,Kaduna,Kaduna South,www.accessbanknetworksllp.com.ng,"CIT,VAT,WHT,CGT"
7edec8c1-7abc-4109-9f05-5763a726a08e,RC-905340,1126406055418,Semicolon Africa Logistics NGO/Gte,Energy,NGO/Gte,664443697.4928632,618150898.2435068,107323503.81647453,185445269.47305202,24726035.929740272,624,30879216.329722922,22327857.206845306,29-Nov-2014,2014,11-Feb-2024,Kaduna,Kaduna North,www.semicolonafricalogisticsngo/gte.org.ng,"CIT,VAT,WHT,CGT"
9643cdf2-8514-4b85-a060-9e3169725729,RC-852739,6454842747752,BUA Cement Global LLP,Energy,LLP,4902488022.942249,3211591749.9758525,1130110019.673117,963477524.9927558,128463669.9990341,1197,359017461.3162276,135727212.62590024,02-May-2013,2013,30-May-2025,Oyo,Egbeda,www.buacementgloballlp.com.ng,"CIT,VAT,WHT,CGT"
59f36ccb-db5d-4f35-9183-5931955ee3cd,RC-748335,0366276060221,Globacom Ventures NGO/Gte,Manufacturing,NGO/Gte,63878863.9170443,58221622.95947702,15203763.578949513,17466486.887843106,0.0,1135,550101371.6630145,2544383.4769437695,21-Apr-2021,2021,01-Apr-2025,Rivers,Ikwerre,www.globacomventuresngo/gte.org.ng,"CIT,VAT,WHT,CGT"
3ebb003f-e602-49c2-95a7-a0a79dea86dd,RC-740211,3185531101217,Kuda Enterprises LLP,Manufacturing,LLP,2108736931.156361,1280998901.6402946,185536207.3781434,384299670.4920884,51239956.06561178,971,484194711.6004076,52579805.962314315,08-Jul-2018,2018,21-May-2025,Rivers,Port Harcourt,www.kudaenterprisesllp.com.ng,"CIT,VAT,WHT,CGT"
de1d3983-0063-4662-ad20-7e39e52160a5,RC-119546,3206450172361,Glovo Group NGO/Gte,Energy,NGO/Gte,3442033935.9512506,2743688480.492577,808727789.6254376,823106544.1477731,109747539.21970308,854,139041673.8144428,23892246.07406096,03-Jan-2026,2026,28-Jul-2025,Ogun,Abeokuta South,www.glovogroupngo/gte.org.ng,"CIT,VAT,WHT,CGT"
2d81921f-c55d-485d-80bf-26a97f13d6ee,RC-776746,6161484618622,Flour Mills Enterprises NGO/Gte,Energy,NGO/Gte,3289727778.309907,2024757162.379081,459938869.6825105,607427148.7137243,80990286.49516325,1153,308631164.7416926,29682145.66989363,20-Aug-2021,2021,11-Aug-2025,Delta,Uyo,www.flourmillsenterprisesngo/gte.ng,"CIT,VAT,WHT,CGT"
b43f52c5-9fec-420e-bf52-8db961f8458f,RC-720626,6374838102226,Flour Mills Technologies LLP,Manufacturing,LLP,4230205179.4178452,2948409007.5120254,762299478.1931052,884522702.2536076,117936360.30048102,931,84205869.26543652,217574295.74203733,09-Feb-2017,2017,03-Dec-2024,Abuja (FCT),Gwagwalada,www.flourmillstechnologiesllp.com.ng,"CIT,VAT,WHT,CGT"
a30f29fd-697b-4986-be56-11bad6d421fb,RC-158562,4335267746056,Eroton Enterprises NGO/Gte,Agro,NGO/Gte,1562001291.6125453,1510837520.6548455,193996976.9115295,453251256.19645363,60433500.82619382,771,256053721.666197,101605639.37715273,27-Mar-2024,2024,16-Sep-2025,Rivers,Okrika,www.erotonenterprisesngo/gte.ng,"CIT,VAT,WHT,CGT"
6c04edf3-d5ca-4557-8f25-86823b939da0,RC-785447,1363785511237,PiggyVest Technologies PLC,Agro,PLC,2633522325.1453295,1684547975.3097234,444837565.392629,505364392.59291697,67381919.01238893,336,19585882.750883162,102377782.91544,11-Feb-2016,2016,30-Apr-2024,Abuja (FCT),Kwali,www.piggyvesttechnologiesplc.ng,"CIT,VAT,WHT,CGT"
f334a6e6-ad99-4786-9c2a-9a3735bc32ac,RC-318804,3545167444400,Dangote Ventures PLC,Fintech,PLC,2398427530.651408,2068304948.6822786,447048539.57085437,620491484.6046835,82732197.94729115,1152,300985619.31375647,108768830.57827285,01-May-2015,2015,31-Jan-2024,Kwara,Offa,www.dangoteventuresplc.ng,"CIT,VAT,WHT,CGT"
85886f60-64d2-4f0a-83bd-f7046b3c40b0,RC-686290,6230870316202,Sterling Technologies Ltd,Tech,Ltd,649972167.3128121,562982062.1453309,152656449.0278806,168894618.64359927,22519282.485813238,397,56496891.429991946,14914803.438544152,24-Jun-2018,2018,26-Apr-2025,Enugu,Udi,www.sterlingtechnologiesltd.net.ng,"CIT,VAT,WHT,CGT"
58c5f1b6-b481-4b0f-88d2-38fc40ecfdce,RC-875911,1688523274211,Konga Industries NGO/Gte,Agro,NGO/Gte,4542480264.1910305,2485313124.048004,946569752.661553,745593937.2144012,99412524.96192017,1199,397266360.3576257,87357830.18860365,06-Feb-2017,2017,01-May-2024,Delta,Ughelli North,www.kongaindustriesngo/gte.org.ng,"CIT,VAT,WHT,CGT"
f796bcb7-0f03-4e8e-b1a5-da1c60360d44,RC-346828,7362053128415,Jumia Services NGO/Gte,Fintech,NGO/Gte,2843813078.220669,2191343393.4919567,420425104.4125851,657403018.047587,87653735.73967826,87,7318537.936264523,27619330.98469697,13-Aug-2020,2020,25-Sep-2025,Rivers,Ikwerre,www.jumiaservicesngo/gte.org.ng,"CIT,VAT,WHT,CGT"
6498e40e-b42a-4642-b590-75c23823ac50,RC-824311,8847745574287,MTN Industries PLC,Retail,PLC,4238211605.072436,3047408396.6119485,984938275.6758091,914222518.9835845,121896335.86447795,379,17905427.06893755,200014959.62769696,04-Aug-2021,2021,24-Feb-2025,Edo,Ikpoba-Okha,www.mtnindustriesplc.com.ng,"CIT,VAT,WHT,CGT"
3ab27248-0e06-49ba-ba31-83161ff6356e,RC-899494,5160513630755,Access Networks LLP,Manufacturing,LLP,2889000510.2170815,1848015914.77664,290261800.3368347,554404774.432992,73920636.5910656,1134,114021623.018538,35941628.98958099,15-Apr-2012,2012,07-Aug-2024,Kano,Tarauni,www.accessnetworksllp.com.ng,"CIT,VAT,WHT,CGT"
88ba51fc-7b77-4979-9e01-ea17aa000d8b,RC-403016,0542387222601,Nestle Logistics PLC,Energy,PLC,4902723610.813314,3966081426.5429235,994629273.0585132,1189824427.962877,158643257.06171694,970,313333275.4042453,148457344.32787177,11-Feb-2014,2014,17-May-2024,Abuja (FCT),Abuja Municipal,www.nestlelogisticsplc.com.ng,"CIT,VAT,WHT,CGT"
9e8dca71-8b12-43cf-ad7c-8dc39b04fcf5,RC-725291,4383416421627,TotalEnergies Enterprises LLP,Tech,LLP,1127110906.3267047,778642415.236337,101444662.98377058,233592724.57090107,31145696.609453477,194,90676895.49456733,22821009.649231967,15-May-2012,2012,11-Oct-2025,Oyo,Ibadan North,www.totalenergiesenterprisesllp.com.ng,"CIT,VAT,WHT,CGT"
35566ee3-9f7d-4405-9490-fb7852d8cd64,RC-477185,2504055600106,AltSchool Solutions NGO/Gte,Agro,NGO/Gte,2632395738.7753487,1971779087.7055664,556476734.8938373,591533726.31167,78871163.50822265,718,207385801.51113558,147533861.60046732,02-Apr-2012,2012,30-May-2025,Kaduna,Kafanchan,www.altschoolsolutionsngo/gte.ng,"CIT,VAT,WHT,CGT"
9f11b433-4a0b-4080-9eb1-60d20304992e,RC-658954,0303612423013,GTCO Solutions LLP,Manufacturing,LLP,1966955909.2059934,1671934201.2050567,409622869.6080121,501580260.36151695,66877368.04820227,825,302746058.3272716,22188604.196123462,30-Jan-2022,2022,06-Nov-2025,Kaduna,Kafanchan,www.gtcosolutionsllp.com.ng,"CIT,VAT,WHT,CGT"
ced2c9e2-906c-40a2-b465-7a843fafa8f0,RC-758138,6314886053164,MainOne Nigeria NGO/Gte,Manufacturing,NGO/Gte,3204488650.1971135,1822438316.1397173,706305321.7430162,546731494.8419151,72897532.6455887,479,102172760.50704956,17727073.624901664,07-Jan-2025,2025,09-Dec-2024,Akwa Ibom,Uyo,www.mainonenigeriango/gte.org.ng,"CIT,VAT,WHT,CGT"
dac2f4a1-5102-4997-ac6b-aef0cf716fce,RC-913105,3062878716736,Access Logistics PLC,Retail,PLC,4256194477.387519,4046359322.8759537,718980340.6439478,1213907796.862786,161854372.91503814,515,220971659.14579403,136928525.46709555,23-Jan-2017,2017,06-Mar-2025,Rivers,Okrika,www.accesslogisticsplc.ng,"CIT,VAT,WHT,CGT"
c69def58-e38d-4d72-9ead-53bbb090224f,RC-364684,3112442633225,Semicolon Enterprises NGO/Gte,Manufacturing,NGO/Gte,1877137374.1074328,1096458226.5228271,211576174.30618432,328937467.95684814,43858329.060913086,1075,355958382.1442569,43556973.61738836,25-Feb-2015,2015,02-Aug-2024,Kano,Nasarawa,www.semicolonenterprisesngo/gte.org.ng,"CIT,VAT,WHT,CGT"
6254e5ce-5163-4b94-8294-36c42c2f2f4e,RC-275015,2125337545336,Union Bank Holdings NGO/Gte,Fintech,NGO/Gte,984362250.6275702,700842279.869425,90346957.72647017,210252683.9608275,28033691.194777004,496,194887406.73469567,29523383.085733302,14-Oct-2013,2013,05-Oct-2025,Abuja (FCT),Abaji,www.unionbankholdingsngo/gte.org.ng,"CIT,VAT,WHT,CGT"
cc275941-d5d7-4c15-8eed-3f332c77b167,RC-118185,4403223743070,Peace Mass West Africa PLC,Fintech,PLC,3613439410.4698324,2807784673.6010156,756959920.9953626,842335402.0803046,112311386.94404063,766,29626778.843736354,207979681.7640244,28-Jun-2014,2014,05-Aug-2024,Enugu,Udi,www.peacemasswestafricaplc.com.ng,"CIT,VAT,WHT,CGT"
1749416f-4a61-4ae5-87f9-50283c182702,RC-616718,0587544322381,Ardova West Africa PLC,Agro,PLC,4876775576.980348,3444051899.213284,656010833.1155497,1033215569.7639852,137762075.96853137,1136,49402005.53657566,66714732.695975974,20-Jun-2013,2013,24-Feb-2024,Rivers,Port Harcourt,www.ardovawestafricaplc.ng,"CIT,VAT,WHT,CGT"
d79cac57-f7f1-47d8-9ba1-891af1cf4ea5,RC-366614,6017434254312,SevenUp Global PLC,Energy,PLC,2888698273.0560913,1948734661.3256204,346812063.79278165,584620398.3976861,77949386.45302482,714,67748060.12727295,36820089.28713455,20-Apr-2020,2020,01-Jul-2024,Lagos,Eti-Osa,www.sevenupglobalplc.ng,"CIT,VAT,WHT,CGT"
dd356d21-0075-4215-bc5d-138b0afb53e6,RC-644582,0833065182462,Paystack Global LLP,Fintech,LLP,48190399.01538567,39862136.124627665,5092131.760957376,0.0,0.0,582,117267527.53499255,668248.4140609357,30-Dec-2014,2014,16-Jun-2024,Rivers,Okrika,www.paystackgloballlp.com.ng,"CIT,VAT,WHT,CGT"
66669c4f-dac9-4a7b-9ef9-4de08caf829b,RC-571391,4040211603574,Palmpay Resources LLP,Tech,LLP,1093143487.1833076,684108493.8076373,204570074.97052324,205232548.1422912,27364339.752305493,542,259600868.81126255,4275665.920092363,20-Mar-2019,2019,16-Apr-2025,Plateau,Jos South,www.palmpayresourcesllp.com.ng,"CIT,VAT,WHT,CGT"
19a16a41-d81c-40c3-a47e-41f8a274f721,RC-796841,3141805705656,Honeywell Technologies PLC,Tech,PLC,387365703.04010916,375003781.9871498,72663018.26302677,112501134.59614493,15000151.279485991,227,38659111.40778713,21689542.275843512,08-Nov-2020,2020,15-Jul-2025,Rivers,Okrika,www.honeywelltechnologiesplc.com.ng,"CIT,VAT,WHT,CGT"
791a3306-7330-40c1-93e4-dcd91d47534c,RC-621359,1550052853687,Access Bank Global Ltd,Tech,Ltd,1123527952.5200088,827012785.1044582,188001678.30635002,248103835.53133744,33080511.40417833,214,57260572.92536909,11630509.307144374,21-Jan-2026,2026,06-Jul-2024,Rivers,Eleme,www.accessbankgloballtd.com.ng,"CIT,VAT,WHT,CGT"
47f35d9e-6741-4028-b40b-9f511650cd1e,RC-455902,3036361832447,Moniepoint Group LLP,Energy,LLP,4932113830.315405,3321940906.8745785,455143230.13153756,996582272.0623735,132877636.27498314,450,71103996.32866131,81760689.78772786,09-Jan-2018,2018,10-Apr-2025,Edo,Ikpoba-Okha,www.moniepointgroupllp.com.ng,"CIT,VAT,WHT,CGT"
4128ef0c-a82b-4e05-b753-a0765635f88b,RC-822866,3053667047474,Honeywell Technologies Ltd,Agro,Ltd,3909752548.234847,3462276031.4641676,729409095.0868033,1038682809.4392502,138491041.2585667,151,54281894.15970017,166969114.22339308,05-Mar-2022,2022,21-Apr-2024,Abuja (FCT),Gwagwalada,www.honeywelltechnologiesltd.net.ng,"CIT,VAT,WHT,CGT"
60aa7e0b-6ae0-495b-bd89-78a320b4988f,RC-350675,2441663610162,Galaxy Backbone Holdings NGO/Gte,Manufacturing,NGO/Gte,3615723308.5183897,2921790625.9769154,858936411.0105891,876537187.7930746,116871625.03907661,11,484499.74106032937,135994952.08225062,09-Apr-2021,2021,05-Apr-2024,Kano,Gwale,www.galaxybackboneholdingsngo/gte.ng,"CIT,VAT,WHT,CGT"
767d3f9f-b953-4fc5-9b48-4b6169567e15,RC-928300,2581050840613,Zenith Bank Ventures NGO/Gte,Manufacturing,NGO/Gte,1942533179.1793683,1774811157.0758536,194816342.19879168,532443347.12275606,70992446.28303415,944,219950279.8318534,3011740.2930700625,03-Sep-2018,2018,14-Feb-2025,Abuja (FCT),Abuja Municipal,www.zenithbankventuresngo/gte.ng,"CIT,VAT,WHT,CGT"
fab42758-5108-4369-9cbc-834eec434124,RC-279061,6316437508384,Union Bank Logistics NGO/Gte,Manufacturing,NGO/Gte,1817320086.2719336,1587624196.3198128,387869867.2407128,476287258.8959438,63504967.85279251,299,126123955.26918308,103058699.36646707,06-Oct-2023,2023,28-Oct-2025,Anambra,Onitsha North,www.unionbanklogisticsngo/gte.ng,"CIT,VAT,WHT,CGT"
587caa60-e7ac-424b-a552-1324d4aa7f57,RC-417174,1008028340207,Honeywell Industries PLC,Fintech,PLC,3370528992.4631457,3031822631.0634108,635815473.4414959,909546789.3190233,121272905.24253643,316,104426338.12644285,127286180.29816273,03-May-2018,2018,04-Oct-2025,Delta,Sapele,www.honeywellindustriesplc.ng,"CIT,VAT,WHT,CGT"
c0e28ad1-5bef-4f6d-a4d7-224387a3da0b,RC-682142,3004882018481,Dangote Sugar Industries NGO/Gte,Tech,NGO/Gte,3645246244.6520467,2763168539.399804,422397006.21976864,828950561.8199412,110526741.57599217,718,236767297.90888482,196318919.08279902,11-Oct-2022,2022,13-May-2025,Edo,Egor,www.dangotesugarindustriesngo/gte.org.ng,"CIT,VAT,WHT,CGT"
6df7112a-b334-4adf-a929-ca4b022417c4,RC-726475,5815347504156,Silverbird Enterprises NGO/Gte,Agro,NGO/Gte,3065661670.734937,1967597629.3156123,447175248.46690196,590279288.7946837,78703905.1726245,150,47423226.97782538,37510351.497511744,15-Sep-2015,2015,27-Jun-2024,Abuja (FCT),Gwagwalada,www.silverbirdenterprisesngo/gte.ng,"CIT,VAT,WHT,CGT"
25139e8a-3aff-4a6d-9e00-27060f70adac,RC-339234,2418456174067,MTN Enterprises Ltd,Manufacturing,Ltd,4420070294.803527,2386065654.2558613,472554154.12858623,715819696.2767583,95442626.17023446,673,108695119.46537165,25184665.22080011,27-Sep-2020,2020,05-Jul-2025,Anambra,Nnewi North,www.mtnenterprisesltd.com.ng,"CIT,VAT,WHT,CGT"
255e36cf-b10f-4523-a303-f34f47036d06,RC-984653,3184305456720,Paystack Enterprises PLC,Tech,PLC,2377030940.354639,1481443935.9978046,350255696.22131467,444433180.7993414,59257757.439912185,55,6757945.786349329,17824228.19501655,14-Mar-2017,2017,22-May-2025,Lagos,Lagos Island,www.paystackenterprisesplc.ng,"CIT,VAT,WHT,CGT"
5e0b1a4e-473a-4294-9fca-5d4df9f0dc06,RC-660399,8513514205381,Silverbird Networks Ltd,Manufacturing,Ltd,4639290124.786333,2858511198.0734534,867155074.6292026,857553359.422036,114340447.92293814,663,37956914.14152078,123834848.65055683,09-Jun-2024,2024,03-Sep-2025,Anambra,Idemili South,www.silverbirdnetworksltd.net.ng,"CIT,VAT,WHT,CGT"
ddcec7b9-4e2a-4a0a-98f2-6b43f2051892,RC-299491,7882510003082,Pointek Solutions PLC,Energy,PLC,550037058.3098356,399955709.6290463,115522788.65740879,119986712.8887139,15998228.385161852,600,199431576.18102264,24679171.505728655,20-Aug-2020,2020,11-Mar-2024,Lagos,Kosofe,www.pointeksolutionsplc.ng,"CIT,VAT,WHT,CGT"
c12f4297-7d64-45de-8786-5b28d4335e79,RC-291706,0888815201617,Chi Technologies PLC,Retail,PLC,62676136.743921295,32441161.861521807,5604141.06460224,0.0,0.0,560,170829153.2422732,1066261.9637247627,21-Mar-2022,2022,10-Feb-2025,Akwa Ibom,Ikot Ekpene,www.chitechnologiesplc.com.ng,"CIT,VAT,WHT,CGT"
af63cbfd-714b-406a-9e27-f424353cc926,RC-974818,0101031252478,MainOne Global Ltd,Fintech,Ltd,4877541240.365467,4810301128.462474,779955819.8865964,1443090338.538742,192412045.13849896,1078,506196410.65105045,116611969.47153442,29-Dec-2016,2016,18-May-2025,Plateau,Jos South,www.mainonegloballtd.net.ng,"CIT,VAT,WHT,CGT"
e6bc1664-5487-4bdf-b413-9cd52182e61c,RC-491877,3811418414224,Ardova West Africa LLP,Agro,LLP,3008528666.5019264,1573100090.164328,456705297.04425216,471930027.0492984,62924003.60657313,297,74828006.03137122,54929097.70563963,09-Nov-2022,2022,21-May-2025,Oyo,Egbeda,www.ardovawestafricallp.com.ng,"CIT,VAT,WHT,CGT"
c132417a-acee-49a6-8245-e8830cb0b634,RC-864349,3543741667482,Kuda Services LLP,Tech,LLP,4189268356.8869715,2500125181.132477,746223358.5919355,750037554.339743,100005007.24529907,927,136060580.47077054,78501775.97775978,22-Aug-2021,2021,16-Aug-2024,Oyo,Ibadan North,www.kudaservicesllp.com.ng,"CIT,VAT,WHT,CGT"
c97486c2-f942-465e-9dd2-9384a593bbb8,RC-685408,1081364325586,GIG Logistics Services LLP,Fintech,LLP,4162986482.199283,3682599071.2867446,693812843.3348905,1104779721.3860233,147303962.85146978,21,3211927.8413184425,197286589.57852757,11-Oct-2015,2015,25-Mar-2025,Oyo,Ibadan South-West,www.giglogisticsservicesllp.com.ng,"CIT,VAT,WHT,CGT"
8efcf0c7-55df-4c87-9c0e-1ac6489535cd,RC-288282,8625071410050,Genesis Group West Africa LLP,Agro,LLP,2398061993.7500076,1696991217.6638732,457713832.9450303,509097365.2991619,67879648.70655493,743,178110338.99032277,61537423.006877884,09-May-2024,2024,06-Mar-2025,Rivers,Eleme,www.genesisgroupwestafricallp.com.ng,"CIT,VAT,WHT,CGT"
7c955710-f053-458a-8dda-4f68f7ee7c4c,RC-283119,6521377412326,GTCO Services NGO/Gte,Tech,NGO/Gte,385101906.3906019,348688579.0877031,67267208.58262594,104606573.72631092,13947543.163508125,432,22907539.45206538,2804848.818324924,21-Feb-2020,2020,24-Nov-2024,Edo,Egor,www.gtcoservicesngo/gte.org.ng,"CIT,VAT,WHT,CGT"
902c688d-0ba1-45ab-91d1-0a67e79eb02b,RC-606774,2346551332022,GTCO Networks Ltd,Tech,Ltd,4107929666.480344,3493284273.2925143,849208061.371749,1047985281.9877542,139731370.9317006,416,28210177.25326134,128551955.92621776,26-Aug-2022,2022,16-Apr-2024,Lagos,Alimosho,www.gtconetworksltd.com.ng,"CIT,VAT,WHT,CGT"
32b4aeb9-8481-48dc-be19-c15b4a67921a,RC-812095,3033367484162,Semicolon Africa West Africa LLP,Tech,LLP,1545932375.987563,1515773024.4574456,303874657.6731128,454731907.33723366,60630920.97829783,129,17897587.396764327,59522052.123723164,09-Mar-2019,2019,25-Apr-2025,Lagos,Mushin,www.semicolonafricawestafricallp.com.ng,"CIT,VAT,WHT,CGT"
a55bc75f-1566-408a-9173-60f698d925c0,RC-363231,3287702384250,Palmpay Services Ltd,Retail,Ltd,598243852.9254336,357878115.4616802,123670028.88835461,107363434.63850404,14315124.618467208,554,223894836.78591532,23936715.109178413,04-Apr-2013,2013,20-Mar-2024,Abuja (FCT),Abaji,www.palmpayservicesltd.net.ng,"CIT,VAT,WHT,CGT"
6f1ae006-3232-4bb6-ba31-07d745db0018,RC-823497,0051205837250,Kuda Group NGO/Gte,Energy,NGO/Gte,4374778143.117548,2453917559.465916,753710187.0526847,736175267.8397748,98156702.37863664,965,267190448.74751866,108709805.55832025,27-Feb-2024,2024,29-May-2025,Kaduna,Zaria,www.kudagroupngo/gte.org.ng,"CIT,VAT,WHT,CGT"
9573b7cc-3007-4702-bcbd-514f174fe3b6,RC-234537,4867204807515,Decagon Global LLP,Retail,LLP,918204248.3890814,896268233.6205618,115221114.16669661,268880470.0861685,35850729.344822474,177,60857803.999952964,4837205.042531974,10-Nov-2020,2020,23-Aug-2024,Delta,Sapele,www.decagongloballlp.com.ng,"CIT,VAT,WHT,CGT"
266ea5f7-bc9a-46a3-9451-95ad08617a9f,RC-644806,8572110188480,BUA Cement Resources NGO/Gte,Agro,NGO/Gte,3303529191.181526,2839799043.0852385,401267586.389836,851939712.9255716,113591961.72340953,223,82921444.08338945,150240374.45728263,08-May-2024,2024,10-Oct-2025,Enugu,Nsukka,www.buacementresourcesngo/gte.ng,"CIT,VAT,WHT,CGT"
e6045735-f1ca-435c-afb2-392016eaa21a,RC-910635,1748017574282,Slot Resources NGO/Gte,Manufacturing,NGO/Gte,3779970858.7254167,2700246577.848802,753367207.866744,810073973.3546406,108009863.11395209,718,237533677.2093597,57797199.015896335,14-Jun-2015,2015,31-May-2025,Anambra,Awka South,www.slotresourcesngo/gte.org.ng,"CIT,VAT,WHT,CGT"
193b49a3-93fc-4bb9-b301-7d8a3e5a831e,RC-927018,5753642270632,SevenUp Resources LLP,Manufacturing,LLP,4706506770.156908,4473940276.353928,432538453.15395725,1342182082.9061782,178957611.0541571,98,12043215.357327312,98166549.50499086,26-Feb-2024,2024,14-Dec-2024,Rivers,Obio-Akpor,www.sevenupresourcesllp.com.ng,"CIT,VAT,WHT,CGT"
1da4b1d3-6194-4da9-9fce-816509cd48cd,RC-347269,4641254442367,Rack Centre Resources Ltd,Energy,Ltd,3062480561.469639,2751357727.4091187,640465165.8910878,825407318.2227355,110054309.09636475,131,16192098.696360204,25561549.732462395,08-Apr-2025,2025,04-Dec-2024,Lagos,Lagos Island,www.rackcentreresourcesltd.com.ng,"CIT,VAT,WHT,CGT"
c4e4b96b-6cf3-4738-b8d6-fead4395d26b,RC-156339,0063833825073,Dangote Ventures NGO/Gte,Tech,NGO/Gte,723950935.9488766,634864863.5232561,134199377.18569265,190459459.05697682,25394594.54093024,114,34548610.15254929,29096018.933153506,14-Oct-2020,2020,16-Sep-2024,Kaduna,Kaduna South,www.dangoteventuresngo/gte.org.ng,"CIT,VAT,WHT,CGT"
6c541434-5dbd-45cb-9101-5f55c118bead,RC-957309,4747048400024,NLNG West Africa PLC,Retail,PLC,1341911880.9043052,1270702687.9924614,181233693.58042312,381210806.3977384,50828107.519698456,650,317743220.162955,39960219.59226331,16-Mar-2014,2014,18-May-2024,Kaduna,Zaria,www.nlngwestafricaplc.com.ng,"CIT,VAT,WHT,CGT"
e2687234-4a7a-4cf6-af1b-154aa2b2efae,RC-941121,3804236264713,AltSchool Systems NGO/Gte,Manufacturing,NGO/Gte,4969584336.614728,4216890989.175413,655959472.5036744,1265067296.7526238,168675639.56701654,108,9012111.563177867,288132541.5515024,19-Apr-2016,2016,22-Jan-2025,Rivers,Eleme,www.altschoolsystemsngo/gte.ng,"CIT,VAT,WHT,CGT"
337e19b0-488e-4e20-9162-80b6cdf246c8,RC-731556,8414330828105,Slot Industries PLC,Fintech,PLC,4812877908.139201,4017718374.513341,874253347.8797646,1205315512.3540022,160708734.98053363,351,135767628.348517,48944418.30271885,02-Oct-2020,2020,31-Dec-2025,Anambra,Onitsha North,www.slotindustriesplc.ng,"CIT,VAT,WHT,CGT"
73c01a27-8414-470e-a4b1-3a1fdbdeb4cd,RC-759833,6803300768133,Flour Mills Services NGO/Gte,Agro,NGO/Gte,2157076202.031881,2141348957.861091,244539429.14876497,642404687.3583273,85653958.31444363,928,462609671.25917965,12661497.377982877,02-May-2014,2014,06-Oct-2024,Kaduna,Kaduna South,www.flourmillsservicesngo/gte.org.ng,"CIT,VAT,WHT,CGT"
a8a02435-6bc2-49f0-9740-1dd0b61e0094,RC-339193,2844667354744,Cadbury Group NGO/Gte,Manufacturing,NGO/Gte,3112121710.5254955,2376310207.886138,448776336.92184657,712893062.3658414,95052408.31544553,401,73310326.5914596,62300540.30840378,09-Jun-2023,2023,04-Oct-2025,Lagos,Lagos Island,www.cadburygroupngo/gte.org.ng,"CIT,VAT,WHT,CGT"
fc501887-1d90-4766-bdba-4e33cce62487,RC-881153,1631841108082,Zenith Logistics PLC,Agro,PLC,984056186.1469622,876739544.3547523,214669970.84158844,263021863.3064257,35069581.77419009,542,20086621.924006592,38252517.667164214,05-Apr-2015,2015,10-Jan-2026,Kwara,Ilorin East,www.zenithlogisticsplc.com.ng,"CIT,VAT,WHT,CGT"
e0156266-f834-4ed2-ad4c-376a0ee8dec2,RC-894981,2050645770430,Eroton Logistics PLC,Manufacturing,PLC,4195502100.1304727,3329735697.8245,874719243.2033168,998920709.34735,133189427.91298,486,185678505.94161204,57772625.68130439,08-May-2019,2019,06-Aug-2025,Lagos,Alimosho,www.erotonlogisticsplc.ng,"CIT,VAT,WHT,CGT"
e6ce7d32-1588-4964-80c3-be2371e2bf26,RC-799753,5831752288015,Filmhouse West Africa NGO/Gte,Manufacturing,NGO/Gte,2668517926.1094236,2251068086.28206,613852768.2733428,675320425.884618,90042723.45128241,13,1488241.332083799,44271369.94946175,14-Mar-2015,2015,15-Apr-2024,Kwara,Ilorin West,www.filmhousewestafricango/gte.ng,"CIT,VAT,WHT,CGT"
2e0f3d37-f1e5-4c25-bc8a-1031eb864e22,RC-294154,8630072305743,Mikano Group PLC,Retail,PLC,1457256761.4915645,1037593301.1181246,138960597.43163025,311277990.33543736,41503732.044724986,1146,320758733.7877869,58451871.026848,24-Apr-2015,2015,06-Aug-2025,Lagos,Ikeja,www.mikanogroupplc.ng,"CIT,VAT,WHT,CGT"
986b8159-cf2b-40a0-ac97-ee91f031832c,RC-681337,0123734250472,PiggyVest Group PLC,Manufacturing,PLC,1778020546.048526,921961230.9008008,239183014.89176935,276588369.27024025,36878449.23603203,603,57684296.05108817,48636252.85677545,20-Jul-2019,2019,02-Apr-2024,Abuja (FCT),Abaji,www.piggyvestgroupplc.ng,"CIT,VAT,WHT,CGT"
17ec8eef-a78c-448d-8060-c5de97297e00,RC-422503,8183735587462,Silverbird Logistics LLP,Agro,LLP,3599379854.790731,3216575030.2577896,791766552.2565916,964972509.0773369,128663001.21031159,303,58042230.47265466,133428229.34895827,03-Mar-2017,2017,10-Jan-2026,Akwa Ibom,Eket,www.silverbirdlogisticsllp.com.ng,"CIT,VAT,WHT,CGT"
fc3bd9fb-8b0f-4fc3-b9cf-71703d7cdddd,RC-468894,7563766088602,First Bank Technologies NGO/Gte,Manufacturing,NGO/Gte,2115741283.6929855,1683396133.2974436,355337897.6437779,505018839.9892331,67335845.33189775,1042,69021382.1295219,120413464.94069643,28-Sep-2019,2019,22-Jul-2025,Plateau,Barkin Ladi,www.firstbanktechnologiesngo/gte.ng,"CIT,VAT,WHT,CGT"
a170d6f9-e5ac-4f5f-93ed-4db76bf5101a,RC-142197,1600238067602,Pointek Ventures LLP,Energy,LLP,2350585561.060656,2330622633.0340576,423488217.94130313,699186789.9102173,93224905.3213623,1191,257429731.1523676,100406327.44723989,11-May-2022,2022,03-Apr-2024,Abuja (FCT),Gwagwalada,www.pointekventuresllp.com.ng,"CIT,VAT,WHT,CGT"
584a0218-4ee2-4186-add2-22933c3af78f,RC-590993,1673312652380,GTCO Networks NGO/Gte,Agro,NGO/Gte,843885200.149916,572356027.557789,101566933.06070659,171706808.2673367,22894241.10231156,1190,332593820.4616088,38690559.294919774,18-Feb-2016,2016,03-Apr-2024,Ogun,Ijebu Ode,www.gtconetworksngo/gte.org.ng,"CIT,VAT,WHT,CGT"
a5e4df08-0509-4010-8122-700b8d43cf86,RC-322944,0664053007430,SevenUp Holdings NGO/Gte,Tech,NGO/Gte,4180048487.240815,4155650640.2520804,521837816.9110819,1246695192.075624,166226025.61008322,711,269591659.5338982,58880488.593422174,31-Mar-2015,2015,25-Dec-2024,Oyo,Ibadan North,www.sevenupholdingsngo/gte.ng,"CIT,VAT,WHT,CGT"
6744bccb-d057-4169-9af2-f4e4a235461f,RC-769778,6070305863483,Decagon Technologies Ltd,Fintech,Ltd,4866482929.981102,4344901108.681666,401730323.5441571,1303470332.6044998,173796044.34726664,155,10877926.079514459,262515505.01685938,14-Jul-2012,2012,16-Jul-2024,Rivers,Port Harcourt,www.decagontechnologiesltd.net.ng,"CIT,VAT,WHT,CGT"
61e09cb1-8a57-4849-86bd-d287633ef64e,RC-236733,7833225806536,Dangote Sugar Global Ltd,Tech,Ltd,2608118722.9411488,2220410853.116574,229370021.5688177,666123255.9349722,88816434.12466295,139,42730793.642867915,77477876.9239017,17-Nov-2015,2015,19-May-2025,Lagos,Agege,www.dangotesugargloballtd.com.ng,"CIT,VAT,WHT,CGT"
4bbcff5b-9878-4eab-b9f1-7f7cd2e36775,RC-872539,7303436258536,Flutterwave Solutions PLC,Manufacturing,PLC,2449875430.605939,1573631786.6857533,396639103.21622825,472089536.005726,62945271.46743014,505,64359511.343087785,53238499.04529718,11-Jun-2014,2014,24-Sep-2024,Kaduna,Kafanchan,www.flutterwavesolutionsplc.ng,"CIT,VAT,WHT,CGT"
617b29e6-1f13-45aa-9793-abf38e17661b,RC-185463,5345255183565,Andela Technologies PLC,Fintech,PLC,2112488285.8789928,1094098137.6953168,430085894.58007234,328229441.308595,43763925.50781267,220,21749671.115191523,42546860.030876964,23-Aug-2019,2019,31-Aug-2024,Kano,Gwale,www.andelatechnologiesplc.ng,"CIT,VAT,WHT,CGT"
84fa99c1-3281-4db7-9d47-e6dd28e90aa3,RC-527157,2358363285516,MTN Group PLC,Energy,PLC,8371404.709962854,6052316.80528311,833203.4605070201,0.0,0.0,304,70521865.74143745,422156.97650388646,18-Jun-2018,2018,12-Jul-2024,Lagos,Ikeja,www.mtngroupplc.ng,"CIT,VAT,WHT,CGT"
aaf0803d-45cd-4167-a79c-f4158537a479,RC-724905,1368423255162,Decagon Technologies PLC,Energy,PLC,3257439200.978033,3150581323.9679246,468234469.54075056,945174397.1903774,126023252.95871699,198,55526021.14730548,33606836.282598644,15-Jul-2023,2023,24-Jan-2025,Oyo,Akinyele,www.decagontechnologiesplc.com.ng,"CIT,VAT,WHT,CGT"
4c67a27f-a09b-4f87-a25e-21194e08b0a7,RC-678108,4777865754023,MainOne Systems NGO/Gte,Retail,NGO/Gte,2719951742.8771744,2476166187.2663045,610589898.8144742,742849856.1798913,99046647.49065219,244,38580092.69323762,141609749.13282815,21-Aug-2013,2013,29-Feb-2024,Enugu,Udi,www.mainonesystemsngo/gte.org.ng,"CIT,VAT,WHT,CGT"
eb63c9be-1011-4aa2-9b14-141461c9f214,RC-652222,4307651325728,Moniepoint Group NGO/Gte,Fintech,NGO/Gte,4169801042.79124,2448308993.661693,794441943.1057101,734492698.0985079,97932359.74646772,671,61463790.214297146,107182950.86620697,17-May-2013,2013,30-Jul-2024,Abuja (FCT),Gwagwalada,www.moniepointgroupngo/gte.ng,"CIT,VAT,WHT,CGT"
bb9041c5-efea-4880-81cc-0b81be2e9424,RC-764842,6364087736078,Cadbury Technologies LLP,Energy,LLP,511298803.1345665,470865532.2913418,84695614.14539564,141259659.68740252,18834621.29165367,424,205413722.16808316,15277119.49659567,10-Jan-2015,2015,28-Oct-2025,Anambra,Onitsha North,www.cadburytechnologiesllp.com.ng,"CIT,VAT,WHT,CGT"
2df37bd2-0063-4d56-9364-3143f84433ed,RC-533760,7033678434023,Shoprite Industries LLP,Tech,LLP,804936099.2526753,498978996.82360846,107998783.0840128,149693699.04708254,19959159.87294434,452,98792674.79320338,33465873.409834754,05-Dec-2014,2014,16-Apr-2024,Delta,Uyo,www.shopriteindustriesllp.com.ng,"CIT,VAT,WHT,CGT"
3626d595-9118-4fe7-9159-fea55489eb61,RC-201254,6180860023840,Moniepoint Enterprises LLP,Fintech,LLP,3058677848.6671715,3026273391.3628173,556402298.6016922,907882017.4088452,121050935.65451269,379,176834627.0241791,221162753.61293614,12-Aug-2019,2019,12-Nov-2024,Lagos,Surulere,www.moniepointenterprisesllp.com.ng,"CIT,VAT,WHT,CGT"
fb9122ff-f413-47b7-ab35-f2c86ff0a930,RC-991154,6885885062208,Zenith Global LLP,Agro,LLP,4423312292.728338,3874005494.2396445,877630059.0570725,1162201648.2718933,154960219.7695858,553,68411583.93265767,38961146.93597914,24-Apr-2015,2015,12-Feb-2025,Plateau,Barkin Ladi,www.zenithgloballlp.com.ng,"CIT,VAT,WHT,CGT"
2e8c9bc7-cc18-4819-83f9-804cfc48837c,RC-826017,4761046384131,Globacom Global LLP,Manufacturing,LLP,2537567480.0937376,1946770776.246498,220630894.62348258,584031232.8739494,77870831.04985993,931,392611146.7486249,122872646.26365001,21-Dec-2013,2013,21-Jan-2026,Abuja (FCT),Kuje,www.globacomgloballlp.com.ng,"CIT,VAT,WHT,CGT"
73881daf-26e3-48cc-b695-92de7e70fd9b,RC-445160,4615002143783,Rack Centre West Africa PLC,Retail,PLC,104915562.02022116,63594351.66004886,18507204.52024694,19078305.498014655,0.0,813,285553665.2964415,4056381.3101568073,28-Feb-2020,2020,18-Jul-2025,Abuja (FCT),Gwagwalada,www.rackcentrewestafricaplc.ng,"CIT,VAT,WHT,CGT"
d262ac64-febc-43fa-9a3e-70663e35714b,RC-638047,3436080817221,Galaxy Backbone Holdings LLP,Manufacturing,LLP,4785897521.252508,3631713040.6511536,469665239.3414646,1089513912.195346,145268521.62604615,641,71319669.32239185,215340494.55279225,28-Aug-2021,2021,19-Jan-2026,Oyo,Akinyele,www.galaxybackboneholdingsllp.com.ng,"CIT,VAT,WHT,CGT"
13a348ab-abae-4272-8c8d-5ea018de73b4,RC-710364,3551286623270,First Bank Enterprises LLP,Fintech,LLP,2288871629.9409037,1503373765.4748242,524047448.7643648,451012129.64244723,60134950.61899297,705,345805875.2355231,18938419.696633566,24-Nov-2024,2024,24-Dec-2024,Kwara,Ilorin West,www.firstbankenterprisesllp.com.ng,"CIT,VAT,WHT,CGT"
fc294dc3-f1e8-45e2-a866-fddcd505fcc6,RC-652011,3305814236172,MainOne Networks LLP,Tech,LLP,4668870380.183398,3551583327.699692,1071110615.426438,1065474998.3099074,142063333.10798767,18,3634383.3748588418,242434551.73574397,12-Aug-2012,2012,16-Sep-2025,Rivers,Eleme,www.mainonenetworksllp.com.ng,"CIT,VAT,WHT,CGT"
71ccde48-47b6-4eb6-86d5-f76259e25a7b,RC-517868,3184200844567,Chi Systems NGO/Gte,Energy,NGO/Gte,2854553133.7749286,2507002197.6198783,557153937.9671876,752100659.2859634,100280087.90479514,319,57369498.11085027,51059107.10551145,14-May-2023,2023,28-Feb-2024,Edo,Ikpoba-Okha,www.chisystemsngo/gte.org.ng,"CIT,VAT,WHT,CGT"
d38e3926-7964-4868-8187-c69b721920fd,RC-578536,5677121571444,Dangote Resources Ltd,Fintech,Ltd,4343810134.079768,2216951434.43157,790682033.1491172,665085430.329471,88678057.3772628,935,234807571.3675839,155306115.33891094,19-Nov-2014,2014,06-Feb-2025,Rivers,Ikwerre,www.dangoteresourcesltd.com.ng,"CIT,VAT,WHT,CGT"
f9deee97-9c2b-4cab-870a-8478f3b67fc8,RC-541376,7551884287311,Moniepoint Nigeria Ltd,Tech,Ltd,2326318562.347552,1332012107.7986147,326760352.6058287,399603632.3395844,53280484.31194459,385,158764950.5587557,65203747.936602324,20-Apr-2020,2020,09-Jul-2025,Oyo,Ibadan North,www.moniepointnigerialtd.com.ng,"CIT,VAT,WHT,CGT"
c2bb8f3d-5dbc-4bd5-96b0-2f17f188974a,RC-862099,4278685107548,GIG Logistics Nigeria NGO/Gte,Tech,NGO/Gte,4575047639.1644,2759084835.628044,699808589.108323,827725450.6884133,110363393.42512177,973,373369418.4855017,145988969.76399752,11-Jan-2016,2016,10-Oct-2024,Abuja (FCT),Abuja Municipal,www.giglogisticsnigeriango/gte.ng,"CIT,VAT,WHT,CGT"
2455829a-e6ac-42bf-a1f5-0db2abffe3ff,RC-674798,0026023610845,FBN Networks NGO/Gte,Manufacturing,NGO/Gte,725722606.9881659,579940775.5326895,181407876.84466246,173982232.65980682,23197631.02130758,762,125347043.05952385,5023226.762502813,02-Aug-2019,2019,21-May-2024,Kaduna,Kafanchan,www.fbnnetworksngo/gte.org.ng,"CIT,VAT,WHT,CGT"
d0092ce7-19bc-4e3a-bf54-058a038c077b,RC-481558,4551035677083,Mikano Networks Ltd,Manufacturing,Ltd,2337220109.168035,1291413589.6138864,367781543.54680306,387424076.8841659,51656543.584555455,732,227800419.75252053,18645502.93515006,07-Jun-2019,2019,20-Feb-2025,Abuja (FCT),Gwagwalada,www.mikanonetworksltd.com.ng,"CIT,VAT,WHT,CGT"
10ed7617-60d0-4bc0-9885-1c7ccceb1f1f,RC-281555,3124763806536,BUA Cement Logistics Ltd,Energy,Ltd,3554536171.2602406,1939622375.4399846,361463052.9397406,581886712.6319953,77584895.01759939,832,86701434.0421822,27307266.20248661,11-May-2016,2016,18-Jul-2024,Rivers,Ikwerre,www.buacementlogisticsltd.com.ng,"CIT,VAT,WHT,CGT"
acc25af4-8294-47a3-b20c-5fd38e14268b,RC-180452,5523636411422,Spar Networks NGO/Gte,Fintech,NGO/Gte,1311602387.6681557,893970025.7363425,225950535.1653935,268191007.72090274,35758801.0294537,984,185255059.26637316,41976333.46569506,06-Dec-2020,2020,04-Nov-2025,Delta,Sapele,www.sparnetworksngo/gte.org.ng,"CIT,VAT,WHT,CGT"
8175b437-e8cd-446a-9051-8252ba46787e,RC-827268,8316516248431,Globacom Industries Ltd,Manufacturing,Ltd,4689030626.487874,4097545560.1137238,1037641128.34086,1229263668.034117,163901822.40454894,441,201950225.7400266,200324193.44235954,20-Jan-2012,2012,03-May-2025,Kwara,Ilorin East,www.globacomindustriesltd.com.ng,"CIT,VAT,WHT,CGT"
c6a36b9e-df31-4ce2-aef4-4a224b47292f,RC-887488,7741775113113,SevenUp Ventures Ltd,Fintech,Ltd,4435279789.991551,4404346557.069709,670843038.0954956,1321303967.1209126,176173862.28278837,700,99577073.53294216,22772093.06219578,13-Aug-2011,2011,01-Jul-2024,Enugu,Enugu North,www.sevenupventuresltd.net.ng,"CIT,VAT,WHT,CGT"
c3540c89-f8fd-4add-894f-2f88a7a60dcb,RC-790230,3477424226114,Sterling Bank Nigeria PLC,Manufacturing,PLC,167417710.23298225,144702700.7891743,20669705.47826767,43410810.23675229,5788108.031566972,893,220160047.28571868,118991.88203583063,09-Nov-2021,2021,09-Aug-2025,Plateau,Jos North,www.sterlingbanknigeriaplc.ng,"CIT,VAT,WHT,CGT"
7f0a6858-3ef7-415b-9f6c-a7ab03d4170d,RC-838395,0617378343432,Jumia Holdings Ltd,Manufacturing,Ltd,2515458346.104576,1273190497.160165,426089027.5327741,381957149.14804953,50927619.8864066,258,58676613.55318315,7107908.271027964,21-Dec-2023,2023,08-Nov-2025,Kaduna,Kaduna South,www.jumiaholdingsltd.com.ng,"CIT,VAT,WHT,CGT"
aaff4fe7-f8ed-4399-ad19-ca00122f20e3,RC-814778,1261010085874,Semicolon Africa Solutions NGO/Gte,Tech,NGO/Gte,2359699011.228293,2015064084.2303493,505114014.75899446,604519225.2691047,80602563.36921397,72,7510396.370133116,30094004.058169466,20-Dec-2017,2017,25-Sep-2025,Enugu,Udi,www.semicolonafricasolutionsngo/gte.ng,"CIT,VAT,WHT,CGT"
71e6ffd3-d570-4e3c-9fdd-6e3d87b0b132,RC-948720,6815321187745,Coscharis Group NGO/Gte,Fintech,NGO/Gte,2786467355.9983544,2068745349.7642648,532714128.2610263,620623604.9292794,82749813.99057059,398,85475378.74718094,135043755.89912784,13-Sep-2020,2020,28-Jan-2026,Enugu,Udi,www.coscharisgroupngo/gte.org.ng,"CIT,VAT,WHT,CGT"
48c9e7f0-f2c0-452c-b364-a60348d10a10,RC-943446,2843081284846,Palmpay Systems Ltd,Fintech,Ltd,3395299923.3439384,2368373142.2700257,491006001.89242566,710511942.6810077,94734925.69080102,67,7327815.022228255,14533188.917612027,10-Aug-2023,2023,18-Oct-2024,Abuja (FCT),Bwari,www.palmpaysystemsltd.com.ng,"CIT,VAT,WHT,CGT"
197110b6-7231-47fb-a1bb-f22feda94a4e,RC-461401,2331432550208,First Bank Resources NGO/Gte,Energy,NGO/Gte,513842410.05738753,382774032.39887935,99385270.21281725,114832209.7196638,15310961.295955174,1002,48748471.74110561,1650082.6869906667,19-Jul-2024,2024,21-Aug-2024,Kano,Gwale,www.firstbankresourcesngo/gte.ng,"CIT,VAT,WHT,CGT"
e2b86140-1cab-4990-a312-feb8029fa6f8,RC-189919,4634021447441,Opay Global PLC,Retail,PLC,4870581286.80826,2955441629.0632057,947873285.9997643,886632488.7189617,118217665.16252823,664,228627011.82640365,76780968.1714026,19-Jun-2024,2024,28-Jan-2025,Oyo,Ibadan South-West,www.opayglobalplc.ng,"CIT,VAT,WHT,CGT"
122c8b49-a465-440f-8a94-a4296d6ae441,RC-805093,1268286655683,Opay Nigeria LLP,Agro,LLP,475231748.5037844,430893951.55524445,75561155.84206611,129268185.46657333,17235758.062209778,106,26553984.712546907,13019326.231863486,12-Mar-2020,2020,26-Nov-2024,Kaduna,Kaduna North,www.opaynigeriallp.com.ng,"CIT,VAT,WHT,CGT"
dbc410ea-9daf-4069-8843-1f8bdff7cddc,RC-492893,2178166358225,Interswitch Holdings PLC,Agro,PLC,3245366077.5787134,2386351779.144407,564513268.3694613,715905533.743322,95454071.16577627,477,32362406.83005445,27808764.676304854,25-Jan-2012,2012,09-Feb-2025,Lagos,Kosofe,www.interswitchholdingsplc.com.ng,"CIT,VAT,WHT,CGT"
30e39954-baf1-4ded-a4c5-15aa7449ed1f,RC-537514,6081660811817,Stanbic Nigeria PLC,Manufacturing,PLC,1978469839.52774,1852062845.8206394,330348001.36772114,555618853.7461917,74082513.83282557,517,168386778.90694025,61595848.24527378,22-Mar-2014,2014,03-Jan-2025,Kaduna,Zaria,www.stanbicnigeriaplc.com.ng,"CIT,VAT,WHT,CGT"
c5af0517-7411-4e02-8b28-85474f39692d,RC-462111,0227821864425,Semicolon Systems NGO/Gte,Manufacturing,NGO/Gte,626782706.801715,410439940.3525498,51936435.04421028,123131982.10576493,16417597.614101993,1026,236108986.63243917,8014406.334383345,26-Sep-2012,2012,12-Dec-2025,Kwara,Ilorin West,www.semicolonsystemsngo/gte.org.ng,"CIT,VAT,WHT,CGT"
86fe2120-df0c-4981-b2f6-2ee091f0fd3f,RC-331906,2544504778506,Coscharis Technologies PLC,Retail,PLC,3940846266.589518,3564916048.2313814,974965242.611071,1069474814.4694144,142596641.92925525,310,42769163.2182555,67205157.28290573,28-Oct-2016,2016,28-Nov-2024,Delta,Sapele,www.coscharistechnologiesplc.com.ng,"CIT,VAT,WHT,CGT"
5a8e52c8-fc36-42df-858b-67ca68604e56,RC-176012,3878102557425,TotalEnergies Industries Ltd,Tech,Ltd,271976070.00244623,167720476.89992723,57580367.29363884,50316143.06997817,6708819.075997089,854,352266158.1753976,10942730.905925142,25-Aug-2022,2022,08-Dec-2025,Edo,Egor,www.totalenergiesindustriesltd.net.ng,"CIT,VAT,WHT,CGT"
637e5b60-3f3a-4896-94eb-29486239df8c,RC-413212,3286182501384,OPay Global LLP,Agro,LLP,72406134.6683398,48237175.25710484,12911949.261826327,0.0,0.0,805,290559220.795304,2331152.467100505,28-Nov-2017,2017,23-Apr-2024,Abuja (FCT),Kwali,www.opaygloballlp.com.ng,"CIT,VAT,WHT,CGT"
bf79f076-d7a2-4379-9231-aa00b30e75b4,RC-647900,5725668485422,Honeywell Systems Ltd,Manufacturing,Ltd,4011610922.57694,3422485339.1241326,681306063.3977064,1026745601.7372397,136899413.5649653,963,341700990.2977757,133997571.9791461,14-Mar-2011,2011,06-Jul-2025,Oyo,Ibadan North,www.honeywellsystemsltd.net.ng,"CIT,VAT,WHT,CGT"
ae8e8b67-5daa-436a-a829-7a6b3fda2e25,RC-852817,3532063367270,Coscharis Nigeria PLC,Tech,PLC,324297193.05898625,228973283.82959148,38117484.178389296,68691985.14887744,9158931.353183659,841,318996731.7080683,3916269.4634546423,15-Jan-2012,2012,18-Apr-2025,Enugu,Enugu North,www.coscharisnigeriaplc.ng,"CIT,VAT,WHT,CGT"
caa825f4-ac27-47b9-a947-568bf46c3c41,RC-843743,5801472484483,MainOne Services PLC,Agro,PLC,53468942.73572393,53273047.06044876,5924092.517565128,15981914.118134627,0.0,207,92651788.93772736,160294.84325727346,28-Aug-2022,2022,01-Nov-2025,Kwara,Offa,www.mainoneservicesplc.com.ng,"CIT,VAT,WHT,CGT"
3b40ba41-03b7-40b3-9043-5354749ffb24,RC-316222,0071375162786,Elizade Logistics NGO/Gte,Fintech,NGO/Gte,1425257284.8254886,1127827786.7828484,269699280.663214,338348336.0348545,45113111.47131394,1038,368390016.788576,54077314.807633795,06-Nov-2016,2016,07-Nov-2024,Edo,Oredo,www.elizadelogisticsngo/gte.ng,"CIT,VAT,WHT,CGT"
d2bfe780-7da4-49a6-9b20-612dfb1a3e47,RC-468364,5228786701345,Union Bank Nigeria Ltd,Agro,Ltd,4064314575.2608285,2565092360.485183,805785424.4539697,769527708.1455548,102603694.41940731,647,219212055.86080074,15638115.110479517,07-Oct-2017,2017,23-Nov-2025,Oyo,Egbeda,www.unionbanknigerialtd.net.ng,"CIT,VAT,WHT,CGT"
95499a60-b713-4f86-ba04-cffd34161d94,RC-655762,6138828084844,Palmpay Nigeria PLC,Manufacturing,PLC,3776890897.126514,3223522684.664729,611337148.8763542,967056805.3994187,128940907.38658917,151,69459234.48238038,20643273.466131248,16-Aug-2018,2018,15-Nov-2024,Anambra,Onitsha North,www.palmpaynigeriaplc.ng,"CIT,VAT,WHT,CGT"
78e386b6-e683-43a2-a74a-5714ca9e6c96,RC-311528,0404810422773,Spar Logistics PLC,Retail,PLC,1129956422.8955417,999905582.444279,278017861.99056923,299971674.7332837,39996223.297771156,514,209777772.4174922,34473088.559603125,15-Feb-2021,2021,13-Mar-2025,Anambra,Onitsha North,www.sparlogisticsplc.com.ng,"CIT,VAT,WHT,CGT"
c7ad97d2-9dfa-4dc5-b52c-db796fd6d7f8,RC-873284,7864767211102,Ibeto West Africa Ltd,Energy,Ltd,1821768781.704481,1720652305.3364394,254715389.11225036,516195691.60093176,68826092.21345757,1026,465465355.153595,95429943.75955062,13-Jul-2021,2021,15-May-2025,Enugu,Udi,www.ibetowestafricaltd.com.ng,"CIT,VAT,WHT,CGT"
46f30871-2dc8-40d3-a370-4a4ab3f1c74d,RC-405762,8066204061760,Genesis Group Services LLP,Agro,LLP,1500006379.9561737,1166700844.897104,217862786.79023856,350010253.4691312,46668033.79588416,226,109960313.67958763,58666067.15506629,11-Mar-2017,2017,31-Oct-2024,Lagos,Eti-Osa,www.genesisgroupservicesllp.com.ng,"CIT,VAT,WHT,CGT"
2396f812-d69a-4963-b6e9-7563fd1f6555,RC-874677,3175608227740,Dangote Solutions Ltd,Energy,Ltd,3743592409.9740324,2803407892.169918,806341793.2534567,841022367.6509753,112136315.68679672,894,153198843.5971668,66936800.007190496,01-Feb-2019,2019,25-Jun-2024,Abuja (FCT),Bwari,www.dangotesolutionsltd.net.ng,"CIT,VAT,WHT,CGT"
7d977451-0ef1-46e3-bafd-597b2a1a0d84,RC-506367,3346516162231,Zenith Holdings Ltd,Manufacturing,Ltd,3414861017.0698185,3050624004.196028,531059011.0066188,915187201.2588085,122024960.16784114,414,169183586.9568416,52481118.747626625,26-Feb-2011,2011,06-Jun-2025,Anambra,Idemili South,www.zenithholdingsltd.net.ng,"CIT,VAT,WHT,CGT"
317714aa-35fd-45cd-9c4a-df4b70d3e39e,RC-530920,4513535517533,Elizade Enterprises PLC,Retail,PLC,2071903531.5061452,1734782614.6212375,453670394.1829137,520434784.38637125,69391304.5848495,188,58514890.2549185,98984260.2594107,03-Mar-2015,2015,01-Jun-2025,Edo,Ikpoba-Okha,www.elizadeenterprisesplc.ng,"CIT,VAT,WHT,CGT"
f323a207-654d-430e-91ab-c4c99f791bbb,RC-328327,0242083072837,Nigerian Breweries Group NGO/Gte,Fintech,NGO/Gte,4075001366.931839,2045083094.889735,913898649.2192026,613524928.4669205,81803323.7955894,884,414817049.9059846,410547.23194516543,04-Jan-2026,2026,18-Sep-2025,Enugu,Udi,www.nigerianbreweriesgroupngo/gte.org.ng,"CIT,VAT,WHT,CGT"
90359b4a-2a7f-4f9e-b177-2411381cced0,RC-319905,5277811171654,SevenUp Technologies NGO/Gte,Energy,NGO/Gte,1573372746.2750666,1048298897.5756838,377346324.42905414,314489669.27270514,41931955.903027356,87,28478289.122774675,4395998.953683577,11-Jun-2016,2016,10-Oct-2024,Lagos,Ifako-Ijaiye,www.sevenuptechnologiesngo/gte.org.ng,"CIT,VAT,WHT,CGT"
b8cce0a4-35b0-492b-ba2b-9551946de187,RC-582481,5143388853323,Flour Mills Technologies PLC,Retail,PLC,4251551779.9368925,2900427922.4761577,721178576.7021976,870128376.7428473,116017116.8990463,354,41193079.622613415,14815951.38059708,08-Nov-2023,2023,09-May-2024,Oyo,Ibadan South-West,www.flourmillstechnologiesplc.ng,"CIT,VAT,WHT,CGT"
2705bfe9-4d8b-4704-acf4-aba042028885,RC-502915,0377166666141,Jumia Industries Ltd,Agro,Ltd,4475224532.442883,3284863797.597613,973041804.7278682,985459139.2792838,131394551.90390451,146,52150779.85178981,56858841.51270653,02-Sep-2021,2021,22-Dec-2024,Rivers,Eleme,www.jumiaindustriesltd.com.ng,"CIT,VAT,WHT,CGT"
7e3865b4-da45-4291-8f4a-7890f9da6178,RC-809216,6567871202177,Zenith Systems LLP,Energy,LLP,2884074968.3484507,1985158174.67735,352071548.5768013,595547452.403205,79406326.987094,1006,53615682.69598381,67355225.23340891,19-Apr-2011,2011,24-May-2024,Lagos,Ifako-Ijaiye,www.zenithsystemsllp.com.ng,"CIT,VAT,WHT,CGT"
d3e332a6-31e1-412a-b51f-5407abfbd2fc,RC-852096,7077408077137,SevenUp West Africa Ltd,Retail,Ltd,267514269.44170138,211344221.27242288,39568159.78830447,63403266.38172686,8453768.850896915,793,168134120.00151223,5554893.934869338,04-Apr-2024,2024,27-Jan-2025,Anambra,Idemili South,www.sevenupwestafricaltd.net.ng,"CIT,VAT,WHT,CGT"
90510874-afb9-4d39-8ded-5c5a86538e15,RC-345913,8448655132527,Chi West Africa PLC,Fintech,PLC,1250934453.7035327,1239975075.1809325,229066120.48435056,371992522.55427974,49599003.0072373,604,225565389.45156163,17678218.050325666,18-Sep-2015,2015,19-Feb-2024,Anambra,Idemili South,www.chiwestafricaplc.com.ng,"CIT,VAT,WHT,CGT"
23cb7393-0d9e-4025-9253-8d4a418fcb01,RC-220087,3051775743682,Interswitch Technologies PLC,Agro,PLC,3813493230.7761164,2356697952.174379,400302585.7362241,707009385.6523136,94267918.08697516,1021,502500756.9393833,176707071.85449398,21-Sep-2022,2022,16-Jul-2025,Kwara,Ilorin West,www.interswitchtechnologiesplc.com.ng,"CIT,VAT,WHT,CGT"
fa804c18-de30-4de3-983a-f8fcffe2db21,RC-884215,3054434580655,Zenith Bank Technologies Ltd,Energy,Ltd,2785436941.3443313,2783767369.5893335,264279730.49405786,835130210.8768001,111350694.78357334,482,212334316.4218981,118401451.48617463,25-Feb-2021,2021,24-Dec-2025,Abuja (FCT),Bwari,www.zenithbanktechnologiesltd.net.ng,"CIT,VAT,WHT,CGT"
a321bfbe-2778-400a-a47d-11cedcf346e9,RC-455181,3018804221006,PiggyVest Group NGO/Gte,Energy,NGO/Gte,2477650668.159104,2335456765.725879,266955629.01187813,700637029.7177638,93418270.62903517,849,336137397.0775548,79750089.13860224,29-Apr-2023,2023,03-Nov-2024,Oyo,Egbeda,www.piggyvestgroupngo/gte.ng,"CIT,VAT,WHT,CGT"
ca3c044f-19ba-409f-9998-2fdba6c1bf44,RC-847579,1270856288158,Ibeto Logistics NGO/Gte,Retail,NGO/Gte,2920162505.8886733,1780053615.3434944,519554345.3849909,534016084.6030483,71202144.61373977,958,259516674.2279357,87467235.56351753,31-Aug-2020,2020,31-Mar-2025,Edo,Oredo,www.ibetologisticsngo/gte.ng,"CIT,VAT,WHT,CGT"
a4ce8c39-2068-4680-9a28-1a9bd2277e2b,RC-670080,0730187250068,ABC Transport Ventures Ltd,Energy,Ltd,1238436511.3286927,843238152.0084361,295054598.4909798,252971445.6025308,33729526.08033744,376,149634920.6539513,26186605.734992396,14-Apr-2012,2012,31-Jul-2025,Enugu,Nsukka,www.abctransportventuresltd.com.ng,"CIT,VAT,WHT,CGT"
6434eaa4-377d-443f-becd-9b360009db28,RC-798120,6833663382840,TotalEnergies Systems PLC,Tech,PLC,431039887.3742792,395544150.9429841,83374993.77315414,118663245.28289522,15821766.037719365,769,110698089.6053912,9476806.4133685,14-Jul-2024,2024,20-Oct-2024,Ogun,Sagamu,www.totalenergiessystemsplc.ng,"CIT,VAT,WHT,CGT"
2bb35ae5-6b03-4d59-90de-33ed56b81e85,RC-348797,6810331188318,GTCO Global LLP,Tech,LLP,209832009.33680204,158469870.35135147,28020486.590843055,47540961.10540544,6338794.814054059,1058,127564757.26358177,8594710.542468812,17-Oct-2022,2022,21-Oct-2025,Abuja (FCT),Kuje,www.gtcogloballlp.com.ng,"CIT,VAT,WHT,CGT"
bc5223c8-426f-42ed-acb1-20ce08e2b793,RC-282146,3726682065076,Filmhouse Logistics NGO/Gte,Agro,NGO/Gte,132107140.21344197,97069300.14643404,17860641.650338612,29120790.04393021,0.0,996,470968977.4108819,145501.58518682778,03-Jul-2023,2023,23-Jul-2024,Abuja (FCT),Kuje,www.filmhouselogisticsngo/gte.org.ng,"CIT,VAT,WHT,CGT"
9e2d2a6e-7324-42d8-a009-3fdf793c1ffa,RC-269080,3244584654738,TotalEnergies Solutions PLC,Fintech,PLC,4063921515.136912,3138683789.0507536,938693341.9500611,941605136.715226,125547351.56203015,1042,195839640.82024944,219279864.80917022,14-May-2013,2013,30-Mar-2025,Oyo,Ibadan South-West,www.totalenergiessolutionsplc.ng,"CIT,VAT,WHT,CGT"
5303473c-8496-4fd7-bc55-62c26777745e,RC-996318,1212631416778,Silverbird Nigeria NGO/Gte,Manufacturing,NGO/Gte,1174501926.145111,818997497.047896,166304025.04124638,245699249.1143688,32759899.88191584,1078,78219564.06631449,53292020.34409099,26-Nov-2015,2015,11-Nov-2024,Akwa Ibom,Ikot Ekpene,www.silverbirdnigeriango/gte.org.ng,"CIT,VAT,WHT,CGT"
29bd3bb8-b32f-4fe2-b140-cf8daf891027,RC-425327,8666458382746,Dangote Logistics LLP,Energy,LLP,2455676580.6191316,1264185073.4803383,270740510.5425883,379255522.0441015,50567402.93921354,85,32226507.309542254,25769111.196184587,10-Jul-2014,2014,03-Sep-2025,Lagos,Kosofe,www.dangotelogisticsllp.com.ng,"CIT,VAT,WHT,CGT"
a1948a08-6cf6-4140-99de-8530148b3431,RC-625609,6286836605228,Flour Mills Logistics Ltd,Tech,Ltd,3673810217.6663904,2882859696.5236015,539637534.829525,864857908.9570805,115314387.86094406,848,166458452.77463886,177102143.35662687,26-Dec-2013,2013,05-Dec-2025,Oyo,Ibadan South-West,www.flourmillslogisticsltd.net.ng,"CIT,VAT,WHT,CGT"
2c0d221e-8a1d-4a66-a6d3-48cc8907e474,RC-372248,4435745040528,Rack Centre Holdings LLP,Fintech,LLP,3425880039.1075435,2186275190.373391,798547788.3197882,655882557.1120173,87451007.61493565,384,122332409.90241739,22243933.378080226,07-Sep-2019,2019,21-Mar-2024,Delta,Warri South,www.rackcentreholdingsllp.com.ng,"CIT,VAT,WHT,CGT"
d388f4da-63fb-459d-ac2b-67adf9e4cc5a,RC-461328,1077472771726,MTN Technologies Ltd,Tech,Ltd,3186948915.9577484,2684140551.543766,312733258.2122484,805242165.4631298,107365622.06175065,838,184170771.10547245,154760676.59171596,02-Aug-2017,2017,10-May-2025,Enugu,Udi,www.mtntechnologiesltd.com.ng,"CIT,VAT,WHT,CGT"
05f48d50-e989-4425-8d7a-e5df2f7d2996,RC-216162,1608332026656,TotalEnergies Nigeria Ltd,Agro,Ltd,542838236.2895917,298786513.98299366,53326172.47056674,89635954.1948981,11951460.559319748,117,5272243.358823306,8305130.905865949,08-Apr-2019,2019,21-Oct-2024,Rivers,Okrika,www.totalenergiesnigerialtd.net.ng,"CIT,VAT,WHT,CGT"
b10a99e3-f284-4c15-82bd-77bb653babe3,RC-237707,2563211820770,GTCO Logistics Ltd,Retail,Ltd,3573134260.458298,2009211962.184297,849234851.4790263,602763588.655289,80368478.48737189,794,211489766.6441994,2007356.2030271157,11-Dec-2025,2025,24-Aug-2025,Kaduna,Kaduna South,www.gtcologisticsltd.com.ng,"CIT,VAT,WHT,CGT"
375ac2a9-4127-4680-b845-779fec476040,RC-183289,5060366860076,Moniepoint Group Ltd,Retail,Ltd,1071100588.9350243,904149881.533355,135509335.68997064,271244964.4600065,36165995.2613342,247,86572461.32477674,12545573.002342168,19-Nov-2020,2020,12-Feb-2025,Ogun,Sagamu,www.moniepointgroupltd.com.ng,"CIT,VAT,WHT,CGT"
8e6f08c5-2329-4728-9ab8-ca036c22a2ca,RC-947475,6066728547525,Slot Logistics Ltd,Energy,Ltd,3585282846.9651556,3101456067.392986,363516453.6216832,930436820.2178957,124058242.69571944,1053,58672620.41558524,91244277.97666183,03-Feb-2024,2024,08-Dec-2025,Enugu,Nsukka,www.slotlogisticsltd.net.ng,"CIT,VAT,WHT,CGT"
f4f9a874-2579-40d3-aeaf-781bf0fb42e0,RC-834357,8581621131112,Shoprite Resources LLP,Fintech,LLP,39220787.98578307,20109150.89635937,3172713.2938245707,0.0,0.0,890,43678052.99357278,727792.134516344,23-Nov-2013,2013,28-Aug-2025,Anambra,Idemili South,www.shopriteresourcesllp.com.ng,"CIT,VAT,WHT,CGT"
fc8670ea-a38c-40e5-b976-f33af2c34c9b,RC-931491,8604806800483,Oando Group Ltd,Manufacturing,Ltd,47554102.42746755,47076261.55728379,7135749.577566859,0.0,0.0,212,62538339.72437604,1230626.5965971749,26-Jun-2025,2025,26-Mar-2025,Kwara,Ilorin West,www.oandogroupltd.com.ng,"CIT,VAT,WHT,CGT"
1ca97a47-c56c-4bc9-90d3-cd53cbf87895,RC-569775,6331541674633,Glovo Industries PLC,Energy,PLC,3996085432.95688,2154427032.530192,427956368.67614347,646328109.7590575,86177081.30120768,457,51235300.31653262,79487664.71013418,15-Oct-2021,2021,28-Oct-2024,Abuja (FCT),Abuja Municipal,www.glovoindustriesplc.ng,"CIT,VAT,WHT,CGT"
7952486d-f757-4c69-a080-af6fe8227b24,RC-265795,8228576668718,UBA Nigeria PLC,Energy,PLC,4943861731.8761635,4163082623.9584584,673673014.4638503,1248924787.1875374,166523304.95833835,718,326989411.2724179,27339901.748323437,29-Jul-2020,2020,09-Jul-2024,Plateau,Barkin Ladi,www.ubanigeriaplc.ng,"CIT,VAT,WHT,CGT"
1e9a51eb-7db3-4a6d-8403-08533288985b,RC-349895,3864448278284,Glovo Nigeria NGO/Gte,Tech,NGO/Gte,852292443.0267642,723745787.4394838,134618881.95541877,217123736.2318451,28949831.49757935,195,23889747.878621243,47976535.15559933,09-Aug-2021,2021,19-Jul-2024,Ogun,Sagamu,www.glovonigeriango/gte.ng,"CIT,VAT,WHT,CGT"
86b0f841-4b9c-477e-9f50-87fad0611586,RC-219094,1624780717203,Seplat Services PLC,Retail,PLC,4031931104.5753593,2770535114.091537,536482862.8768396,831160534.2274611,110821404.56366149,792,163752299.94898233,1097166.4525138012,30-Jul-2023,2023,29-Jul-2024,Enugu,Nsukka,www.seplatservicesplc.com.ng,"CIT,VAT,WHT,CGT"
d89971b2-c97e-43ab-8613-4155d34b99e5,RC-377032,6835801560634,Coscharis Logistics PLC,Retail,PLC,1725337455.405714,1632275198.3676038,302879989.32005316,489682559.5102811,65291007.934704155,78,11726953.463300103,72416325.65251525,30-Dec-2011,2011,30-Jun-2024,Abuja (FCT),Bwari,www.coscharislogisticsplc.com.ng,"CIT,VAT,WHT,CGT"
f34a5adb-c28c-435b-8487-b8d213394e38,RC-850345,6488845161611,Flutterwave Systems LLP,Agro,LLP,3759520322.8619084,2683506249.111181,727987910.011935,805051874.7333542,107340249.96444723,1069,182928788.15829402,39611093.47365506,05-Jul-2019,2019,30-Nov-2024,Lagos,Lagos Island,www.flutterwavesystemsllp.com.ng,"CIT,VAT,WHT,CGT"
bbf36d81-69af-416b-8461-e86cfa6c2e0a,RC-408555,2302521667634,ABC Transport Logistics PLC,Manufacturing,PLC,3756574335.752537,3534665835.9551797,643473937.733615,1060399750.7865539,141386633.43820718,618,127230556.50365184,98904792.97911805,06-Jul-2025,2025,23-Nov-2025,Akwa Ibom,Uyo,www.abctransportlogisticsplc.com.ng,"CIT,VAT,WHT,CGT"
b4a7b591-1334-401a-b5d7-aee98eab8388,RC-319640,4413714242088,Rack Centre Networks Ltd,Retail,Ltd,3632940445.2112217,3252384029.301882,537209376.3327963,975715208.7905645,130095361.17207527,613,76450947.40124483,40655601.944060266,20-Jan-2022,2022,30-Apr-2025,Abuja (FCT),Abaji,www.rackcentrenetworksltd.com.ng,"CIT,VAT,WHT,CGT"
6835dccc-4f54-4a39-818b-be1b65ac494e,RC-564029,2145183661014,Rack Centre Logistics LLP,Manufacturing,LLP,3959239841.566529,3237823764.143551,649123838.1420553,971347129.2430652,129512950.56574203,382,113617467.67811391,176485007.47983968,23-Jun-2023,2023,30-Jun-2024,Lagos,Ifako-Ijaiye,www.rackcentrelogisticsllp.com.ng,"CIT,VAT,WHT,CGT"
0966ed9d-135e-472d-bea4-ff45a1276581,RC-642163,3683637115858,Ardova Resources LLP,Fintech,LLP,1046508091.9264827,527827608.5043125,230220820.24877188,158348282.55129376,21113104.3401725,274,45256351.763518326,30636070.00764836,21-Nov-2016,2016,10-Oct-2025,Anambra,Idemili South,www.ardovaresourcesllp.com.ng,"CIT,VAT,WHT,CGT"
3bf7647e-b899-4b9a-854c-bde5e1d30ee7,RC-903055,0064376504274,Coscharis Solutions NGO/Gte,Agro,NGO/Gte,4597520955.040033,3387081076.048098,543609400.7732056,1016124322.8144294,135483243.04192394,1141,44852062.13676396,20516542.999192487,13-May-2011,2011,29-Jan-2024,Anambra,Idemili South,www.coscharissolutionsngo/gte.ng,"CIT,VAT,WHT,CGT"
d9070319-c3f8-4da1-a2f2-059d31305a62,RC-233088,7347763738145,Cadbury Technologies Ltd,Manufacturing,Ltd,1324689960.542009,702311734.5337048,213228790.85156402,210693520.36011142,28092469.381348193,550,39625405.59264136,12555078.323003054,14-Mar-2014,2014,08-Oct-2025,Ogun,Sagamu,www.cadburytechnologiesltd.com.ng,"CIT,VAT,WHT,CGT"
f952fef0-38b3-418f-b1db-1640846cb73b,RC-923977,3252265457781,Interswitch Technologies Ltd,Fintech,Ltd,1325910189.6992524,1324281227.6209438,235938476.9493712,397284368.28628314,52971249.10483775,533,247685845.3003488,13841155.604844354,04-Oct-2023,2023,09-Aug-2025,Edo,Egor,www.interswitchtechnologiesltd.com.ng,"CIT,VAT,WHT,CGT"
79da84af-7f11-4810-9769-e393a84cea44,RC-772365,5431016433551,Nestle Holdings NGO/Gte,Manufacturing,NGO/Gte,1018402128.7099559,987285241.4295903,85509048.50264907,296185572.4288771,39491409.65718362,290,10109596.071069958,3890548.053395783,12-Aug-2017,2017,21-Jul-2024,Kaduna,Kafanchan,www.nestleholdingsngo/gte.ng,"CIT,VAT,WHT,CGT"
8af02baa-51d2-416c-b1b3-4f0d56b8521f,RC-208430,0181641745173,Mikano Enterprises LLP,Fintech,LLP,3801540950.841156,3739836493.6783776,556723601.9385461,1121950948.1035132,149593459.7471351,981,360504841.4811197,229185156.43973595,31-Dec-2025,2025,05-Dec-2024,Lagos,Ikeja,www.mikanoenterprisesllp.com.ng,"CIT,VAT,WHT,CGT"
3ded921a-a3da-4d54-9200-65f8a9944458,RC-401078,4708125311055,Mikano Ventures PLC,Fintech,PLC,2382724290.563333,2243051478.0362372,574864099.5940826,672915443.4108711,89722059.12144949,877,58136232.38441287,79452944.26348104,26-Nov-2011,2011,14-Aug-2025,Plateau,Jos North,www.mikanoventuresplc.ng,"CIT,VAT,WHT,CGT"
b9eeea8a-836f-417e-94a4-eb32be7743e1,RC-208214,4163525747436,MainOne Resources NGO/Gte,Manufacturing,NGO/Gte,3721381723.1285987,2983672096.777899,790436063.7711513,895101629.0333697,119346883.87111595,432,194082443.73179182,39090832.29949404,29-Aug-2014,2014,30-Aug-2025,Akwa Ibom,Ikot Ekpene,www.mainoneresourcesngo/gte.ng,"CIT,VAT,WHT,CGT"
a0553a2f-d5fe-440f-9150-d6b267f97f4f,RC-463633,5137123164656,Kuda Networks NGO/Gte,Retail,NGO/Gte,3084087425.235359,2558490322.0065327,496326218.0269003,767547096.6019598,102339612.8802613,1146,418465906.2077927,105715567.60142039,04-Jan-2019,2019,17-Jan-2025,Lagos,Mushin,www.kudanetworksngo/gte.org.ng,"CIT,VAT,WHT,CGT"
4fadf6a5-6646-42d0-9f56-54407262ed8f,RC-505457,4488461363250,Globacom Holdings Ltd,Manufacturing,Ltd,2704539265.0578823,1386557796.4383388,448302476.3236965,415967338.9315016,55462311.85753355,729,274857194.579795,69993230.35832262,05-May-2018,2018,07-Jul-2024,Rivers,Port Harcourt,www.globacomholdingsltd.net.ng,"CIT,VAT,WHT,CGT"
b89fcf43-dea5-4024-8a7c-5dff577b2b61,RC-419982,8131372805666,Stanbic Group NGO/Gte,Tech,NGO/Gte,120977160.26335607,66696647.807080105,28793105.882221557,20008994.34212403,0.0,848,127447562.18185173,2683816.2549599083,16-May-2013,2013,30-Jun-2025,Kaduna,Kafanchan,www.stanbicgroupngo/gte.org.ng,"CIT,VAT,WHT,CGT"
18520803-c319-4c92-863a-f00da456d86c,RC-249747,3407323630766,BUA Group NGO/Gte,Manufacturing,NGO/Gte,4698778301.918252,4679863162.996837,482247171.4489595,1403958948.899051,187194526.51987347,6,1120074.2914765559,220360175.1354149,21-Aug-2020,2020,17-Sep-2025,Lagos,Oshodi-Isolo,www.buagroupngo/gte.org.ng,"CIT,VAT,WHT,CGT"
7f2970ad-bc31-40c9-bd6a-7217a3d2b040,RC-882113,5584220321678,UBA Ventures Ltd,Fintech,Ltd,1620318627.0301335,1142217466.6167467,150739662.11985162,342665239.985024,45688698.664669864,459,225940503.17060295,3540632.6285794224,05-Feb-2025,2025,10-Jun-2024,Akwa Ibom,Ikot Ekpene,www.ubaventuresltd.com.ng,"CIT,VAT,WHT,CGT"
222ebe48-c7ec-4447-b7d2-f9367ba38edf,RC-367916,0444840870850,Opay Systems PLC,Agro,PLC,3201542826.1031766,2191875170.2724338,266918828.05441886,657562551.0817301,87675006.81089735,177,28966692.746110924,153474429.88159263,01-Dec-2020,2020,13-Mar-2025,Lagos,Oshodi-Isolo,www.opaysystemsplc.ng,"CIT,VAT,WHT,CGT"
3073fec3-7fea-4525-b068-381ab6e2ecbe,RC-142668,6621275710307,GIG Logistics Enterprises PLC,Agro,PLC,844305234.0720192,771058126.0500704,72863337.30077304,231317437.81502113,30842325.042002816,651,72648765.46280517,7166979.51750682,20-May-2025,2025,21-Apr-2025,Lagos,Ikeja,www.giglogisticsenterprisesplc.ng,"CIT,VAT,WHT,CGT"
14c91ddb-a869-4fea-8a3d-2c93a931e910,RC-181213,1017660785786,Flour Mills Resources NGO/Gte,Energy,NGO/Gte,3366838851.6724257,1974981158.2934072,556682454.7594373,592494347.4880221,78999246.3317363,1037,373976303.8174318,51073310.238748476,18-Nov-2012,2012,27-Nov-2025,Ogun,Abeokuta South,www.flourmillsresourcesngo/gte.ng,"CIT,VAT,WHT,CGT"
537174af-7a35-4931-af34-79cbb2c68852,RC-967367,1376323480734,Chi Industries NGO/Gte,Fintech,NGO/Gte,3517674708.7609634,2290612521.8757215,573232582.4060627,687183756.5627164,91624500.87502886,502,114607320.99369594,8459495.733971525,19-Jan-2013,2013,01-Dec-2024,Ogun,Abeokuta South,www.chiindustriesngo/gte.org.ng,"CIT,VAT,WHT,CGT"
31d45d9a-156d-4600-873b-30e8b757cdaf,RC-773592,7008722684487,Peace Mass Resources LLP,Energy,LLP,2225679508.1698294,1450649022.9853199,180988172.95222703,435194706.89559597,58025960.91941279,68,21094368.66212372,96909488.99010994,31-Aug-2022,2022,13-May-2024,Rivers,Port Harcourt,www.peacemassresourcesllp.com.ng,"CIT,VAT,WHT,CGT"
263e69cd-7acb-49d4-8d42-f7cb91012a0c,RC-544985,3768056655403,Shoprite Technologies PLC,Energy,PLC,4195632640.6252093,4188399875.791711,605735633.5685209,1256519962.7375133,167535995.03166842,914,247980464.7663739,158562258.70463184,25-Jan-2025,2025,05-Aug-2024,Plateau,Barkin Ladi,www.shopritetechnologiesplc.ng,"CIT,VAT,WHT,CGT"
1f8d5ba9-436b-461d-b346-cfd37b353dbd,RC-613637,3783323080684,BUA Enterprises PLC,Tech,PLC,4720431534.809656,4495653594.097757,1037914719.1803278,1348696078.2293272,179826143.7639103,600,164683601.412557,224378332.89690888,31-Jan-2017,2017,15-Sep-2025,Oyo,Egbeda,www.buaenterprisesplc.com.ng,"CIT,VAT,WHT,CGT"
45f8fa81-e0cb-4a62-89dc-79f5b3f9925e,RC-412960,3013406458816,Seplat Services NGO/Gte,Agro,NGO/Gte,4678439819.70293,3697719239.4669294,781969495.2856263,1109315771.8400788,147908769.57867718,375,151938299.33496338,101462407.89648297,28-Mar-2019,2019,07-Nov-2025,Anambra,Nnewi North,www.seplatservicesngo/gte.ng,"CIT,VAT,WHT,CGT"
24701abc-bb8f-4d9c-a5e5-ed9c78ffcb37,RC-545847,0167016810527,ABC Transport Technologies LLP,Manufacturing,LLP,946953073.7694079,643231555.7726052,206835457.71471232,192969466.73178154,25729262.230904207,333,149259462.41422054,36265733.02689392,12-May-2012,2012,26-Mar-2024,Ogun,Abeokuta North,www.abctransporttechnologiesllp.com.ng,"CIT,VAT,WHT,CGT"
2b8fa6b4-e156-4817-99f5-888e8ee65dd2,RC-457997,2811150441058,Oando Holdings PLC,Agro,PLC,1329356005.1302476,1289293414.676549,290187830.36273664,386788024.40296465,51571736.58706196,292,97483662.9854484,88928341.23300666,12-Sep-2024,2024,08-Apr-2025,Kano,Tarauni,www.oandoholdingsplc.com.ng,"CIT,VAT,WHT,CGT"
3090ccdc-e1b9-42e9-a9cc-d2b5f688c736,RC-549577,7806316605156,Stanbic Systems Ltd,Tech,Ltd,2622356418.9949236,2351183553.0024605,537769157.6703138,705355065.9007381,94047342.12009843,791,199368189.94772655,3326714.554522357,02-May-2013,2013,02-May-2025,Delta,Warri South,www.stanbicsystemsltd.net.ng,"CIT,VAT,WHT,CGT"
f03872bb-f0c5-411b-b6c7-aeac8c5a0cfe,RC-458506,5484215702705,Glovo Logistics Ltd,Energy,Ltd,1797781515.5233538,1240397951.1282089,261491540.87222752,372119385.33846265,49615918.04512835,12,2052476.0174099389,42224.511388054445,10-Dec-2011,2011,28-Mar-2025,Akwa Ibom,Eket,www.glovologisticsltd.net.ng,"CIT,VAT,WHT,CGT"
6789ae8d-2ddb-4957-8928-fe75112a3e76,RC-653258,1143574872720,Rack Centre Group LLP,Energy,LLP,3158910417.5608,1668252593.9377255,255915825.1708609,500475778.1813176,66730103.75750902,28,13476629.818118872,77940978.73624533,26-Dec-2012,2012,22-Sep-2025,Delta,Uyo,www.rackcentregroupllp.com.ng,"CIT,VAT,WHT,CGT"
66beabf9-3671-4c2d-bb24-4fbaf795615e,RC-362540,7403060107660,NLNG Ventures PLC,Fintech,PLC,2850682169.7793407,1484062256.0958397,493411205.74899083,445218676.8287519,59362490.243833594,1106,270157670.86761093,39108731.3607451,21-Mar-2013,2013,16-Dec-2024,Lagos,Ikeja,www.nlngventuresplc.ng,"CIT,VAT,WHT,CGT"
b12419be-c1a9-4684-9ef7-a02d8eb7bf74,RC-537344,2535542212563,AltSchool Nigeria PLC,Energy,PLC,3729108385.02617,2197439421.130809,594486738.9486907,659231826.3392426,87897576.84523235,857,135329658.16076794,157490567.90852,09-Jan-2016,2016,01-Mar-2024,Rivers,Ikwerre,www.altschoolnigeriaplc.ng,"CIT,VAT,WHT,CGT"
8c019d49-84c8-49c9-abf5-074788445fbb,RC-266955,2208307445857,Sterling Holdings PLC,Agro,PLC,3172436459.6152816,1635297775.4212313,747409549.3628258,490589332.62636936,65411911.01684925,1097,406646546.4197281,106121891.03056203,08-Jan-2013,2013,20-Feb-2025,Lagos,Alimosho,www.sterlingholdingsplc.com.ng,"CIT,VAT,WHT,CGT"
9e97dde8-a2ff-484a-b4f3-655756aad40d,RC-829339,1436410708455,Glovo Resources PLC,Manufacturing,PLC,4772265568.654809,2877651657.088978,849600304.4847134,863295497.1266934,115106066.28355911,137,42305168.42806634,119944573.30820204,18-Jul-2022,2022,21-Oct-2025,Plateau,Jos North,www.glovoresourcesplc.com.ng,"CIT,VAT,WHT,CGT"
ec9deefa-858e-4c54-9c0b-bf6c6cbd257f,RC-263814,7553808358520,Ibeto Industries PLC,Agro,PLC,1943138531.5256634,1398296009.7606924,253274946.45941576,419488802.9282077,55931840.39042769,875,229691188.1667192,23142423.431227107,30-Mar-2012,2012,20-Dec-2024,Plateau,Barkin Ladi,www.ibetoindustriesplc.com.ng,"CIT,VAT,WHT,CGT"
5ec2808c-76eb-4d99-a80c-e2d4347b90db,RC-483851,8766087472414,Kuda Ventures LLP,Retail,LLP,1778691677.7217438,1121032277.9299212,365225726.45553213,336309683.37897635,44841291.11719685,312,110199391.56733924,59165468.19082765,09-Feb-2011,2011,02-Nov-2024,Kano,Tarauni,www.kudaventuresllp.com.ng,"CIT,VAT,WHT,CGT"
c2b5ca01-c146-42fa-a115-2e04a31453aa,RC-253077,3482628015111,Rack Centre Networks LLP,Retail,LLP,1971598722.199563,1875189555.7463887,217593849.14201415,562556866.7239165,75007582.22985555,1048,449072127.10199153,17377669.339440804,23-Feb-2021,2021,19-Nov-2024,Lagos,Ifako-Ijaiye,www.rackcentrenetworksllp.com.ng,"CIT,VAT,WHT,CGT"
53ce9d7d-866e-4947-b5b1-29ffe550d362,RC-695427,3274457452773,NLNG Ventures Ltd,Manufacturing,Ltd,3800720967.1686974,3371518790.976031,539378715.2041606,1011455637.2928092,134860751.63904124,951,232898140.92793027,38805953.878290124,18-Aug-2021,2021,11-May-2024,Abuja (FCT),Abaji,www.nlngventuresltd.com.ng,"CIT,VAT,WHT,CGT"
8887ce5a-2a7b-4abd-a680-31d2f0f245c5,RC-591375,2715466274206,Semicolon Holdings NGO/Gte,Retail,NGO/Gte,1768717772.046052,1653881824.9877052,414047313.8281462,496164547.49631155,66155272.99950821,366,128638727.50438732,90918112.8480735,20-Jun-2015,2015,31-Jul-2024,Rivers,Eleme,www.semicolonholdingsngo/gte.org.ng,"CIT,VAT,WHT,CGT"
4c4bd6ef-f75f-4800-a04b-d19db7fc7841,RC-915522,2800626026288,Globacom Systems PLC,Retail,PLC,1152137606.9534862,751674047.778461,103755528.38651863,225502214.3335383,30066961.91113844,15,5135944.083371533,10318231.839709088,13-Sep-2015,2015,29-Dec-2024,Lagos,Ikeja,www.globacomsystemsplc.com.ng,"CIT,VAT,WHT,CGT"
7e9ce82a-657d-434b-9740-f55578010556,RC-904899,1711831317376,Zenith Bank Resources LLP,Retail,LLP,2112668909.758244,1472350600.5414236,178030558.4816784,441705180.16242707,58894024.021656945,526,216993797.30699545,49961719.94580614,14-May-2013,2013,02-Oct-2024,Kaduna,Kaduna South,www.zenithbankresourcesllp.com.ng,"CIT,VAT,WHT,CGT"
3ddc6778-5dcc-414d-a5fb-aab40805084c,RC-981399,7767462670100,First Bank Logistics LLP,Energy,LLP,2393633201.8717427,2027226027.506631,403257024.7161356,608167808.2519892,81089041.10026523,656,173305612.52852818,113103658.2117552,16-Feb-2012,2012,01-Jun-2025,Lagos,Eti-Osa,www.firstbanklogisticsllp.com.ng,"CIT,VAT,WHT,CGT"
877c52e2-76f2-4a08-8adb-7d2c12f507be,RC-679370,7220766048883,Stanbic West Africa PLC,Retail,PLC,1428650210.3509097,918786101.8187848,266110447.59329706,275635830.54563546,36751444.072751395,167,13948073.277720127,27366485.759763207,18-Jul-2020,2020,24-May-2025,Delta,Uyo,www.stanbicwestafricaplc.ng,"CIT,VAT,WHT,CGT"
c6b79678-f5a5-4f9e-bb6c-1d1c04b57d1a,RC-789784,2228728548187,UBA Nigeria LLP,Fintech,LLP,524734230.7250911,399544595.12634355,106463749.3224744,119863378.53790306,15981783.805053743,46,1974410.410263399,5547923.650055292,27-Dec-2020,2020,03-Aug-2024,Plateau,Barkin Ladi,www.ubanigeriallp.com.ng,"CIT,VAT,WHT,CGT"
534fcd50-eb3c-4132-8f6d-02b5234513e1,RC-977784,7004588824450,Nigerian Breweries Ventures NGO/Gte,Retail,NGO/Gte,1937094790.277572,1487076675.3501961,309996362.0704421,446123002.60505885,59483067.014007844,220,18150143.20439495,14209506.402806478,15-Jul-2019,2019,14-Aug-2025,Rivers,Obio-Akpor,www.nigerianbreweriesventuresngo/gte.org.ng,"CIT,VAT,WHT,CGT"
e6bf9143-52b3-4e88-9bc0-46e5c309f36b,RC-603935,7881206524555,Union Bank Group LLP,Tech,LLP,2455013424.052132,1416732559.0587063,393512722.62650615,425019767.71761185,56669302.36234825,656,24761945.40061871,11467043.962150583,25-Mar-2022,2022,21-Sep-2025,Kano,Nasarawa,www.unionbankgroupllp.com.ng,"CIT,VAT,WHT,CGT"
2b438af1-3fdb-4329-b335-b688301f881d,RC-827996,8771422617152,Union Bank Holdings Ltd,Energy,Ltd,1662028553.0066113,1644781891.190208,278093886.3754156,493434567.35706234,65791275.64760832,89,31448986.383324873,112173069.3217163,21-Apr-2015,2015,08-Feb-2025,Enugu,Enugu North,www.unionbankholdingsltd.net.ng,"CIT,VAT,WHT,CGT"
cc5924dd-9a65-4960-a472-e371ee7ece54,RC-411008,5354545706023,Zenith Holdings NGO/Gte,Energy,NGO/Gte,338448813.2745362,281348624.8914487,39198516.82540991,84404587.4674346,11253944.995657947,796,100648767.54366724,13918730.631565103,30-Jan-2013,2013,13-Dec-2025,Oyo,Ibadan South-West,www.zenithholdingsngo/gte.org.ng,"CIT,VAT,WHT,CGT"
21cc61ee-516c-496d-9b90-1c9454edbe42,RC-953202,8025468554171,Semicolon Resources PLC,Tech,PLC,3333996680.006529,1692061286.9758234,653664746.4796618,507618386.092747,67682451.47903293,1125,267128947.2005188,116879564.64078052,21-Dec-2024,2024,16-Feb-2024,Ogun,Abeokuta North,www.semicolonresourcesplc.ng,"CIT,VAT,WHT,CGT"
bd8f647a-9a74-496a-bbda-cb5896d7f5d0,RC-814741,3087482062173,Andela Industries PLC,Energy,PLC,4637010468.971063,4503607462.146371,470480754.00270444,1351082238.6439111,180144298.48585483,787,346759346.79470396,85408383.16589491,02-Apr-2014,2014,05-Jan-2025,Lagos,Agege,www.andelaindustriesplc.ng,"CIT,VAT,WHT,CGT"
a2f28c30-5e58-4b2e-bc42-f9b7e3a4d2cd,RC-331375,1886646787016,Flour Mills Nigeria LLP,Retail,LLP,4156436644.9531355,2300412553.044477,746459276.5369416,690123765.9133431,92016502.12177908,840,196198515.1710887,77624957.34814161,06-Nov-2017,2017,06-Oct-2024,Delta,Sapele,www.flourmillsnigeriallp.com.ng,"CIT,VAT,WHT,CGT"
76787bbb-ff52-4535-9304-c458b372b87f,RC-112887,4222511873884,Flutterwave Networks PLC,Energy,PLC,740100915.9123888,576527752.4754469,59816716.77479469,172958325.7426341,23061110.099017877,399,169312640.17387336,39355216.27691659,15-Apr-2012,2012,23-Jul-2025,Kwara,Ilorin East,www.flutterwavenetworksplc.com.ng,"CIT,VAT,WHT,CGT"
7e2178c5-71a1-4adf-96ee-343215b4ad34,RC-939962,8617083523638,Opay Logistics PLC,Retail,PLC,1399197735.9148068,760016461.6285865,197016912.3857984,228004938.48857597,30400658.46514346,96,7094832.888736108,25640741.692219656,28-Jun-2020,2020,30-Sep-2024,Kano,Tarauni,www.opaylogisticsplc.com.ng,"CIT,VAT,WHT,CGT"
184d44cb-3cca-4c78-bafa-75f1675a4ef2,RC-680861,4336374472354,Ardova Services NGO/Gte,Manufacturing,NGO/Gte,3656034125.6202097,2359873020.3916426,431563657.930104,707961906.1174928,94394920.8156657,82,17705494.355033353,36227655.69048433,17-Jul-2013,2013,15-Jun-2024,Akwa Ibom,Eket,www.ardovaservicesngo/gte.org.ng,"CIT,VAT,WHT,CGT"
617fac3e-8beb-49e2-8f1c-44895ac2a526,RC-379823,0100110628304,Galaxy Backbone Ventures Ltd,Manufacturing,Ltd,1646316721.710076,1163081678.4820576,387696167.6398496,348924503.54461724,46523267.1392823,554,139152315.8942321,24242169.83544215,19-Aug-2018,2018,15-Feb-2025,Akwa Ibom,Uyo,www.galaxybackboneventuresltd.com.ng,"CIT,VAT,WHT,CGT"
55626571-22cc-444a-be8a-d65b10123fd5,RC-977424,7430134630347,PiggyVest Systems Ltd,Manufacturing,Ltd,2913877653.3194366,2878887176.3496623,503709531.5472662,863666152.9048986,115155487.05398649,106,6713089.078973623,109458673.0482293,23-Oct-2019,2019,31-Jul-2024,Abuja (FCT),Kuje,www.piggyvestsystemsltd.com.ng,"CIT,VAT,WHT,CGT"
564597cc-22b0-46dd-82d3-4b65bf131934,RC-129930,4321100436038,Opay Holdings PLC,Tech,PLC,128580547.08721091,111488883.55525073,26841636.58796114,33446665.066575218,4459555.342210029,501,139754292.0391733,2442918.394016402,09-Feb-2017,2017,27-Jan-2025,Oyo,Egbeda,www.opayholdingsplc.com.ng,"CIT,VAT,WHT,CGT"
57b4cf37-0a20-4756-9476-bf128ad2e7d6,RC-582232,5664354421172,Opay Technologies Ltd,Energy,Ltd,4814157546.462384,3280483968.3568664,1113916432.924804,984145190.5070598,131219358.73427466,221,45660462.314731665,119897191.74525526,04-May-2025,2025,11-May-2025,Lagos,Surulere,www.opaytechnologiesltd.com.ng,"CIT,VAT,WHT,CGT"
f3ed9c6b-e8fc-4fa7-ad89-0c642bc9a2d2,RC-259203,1047022570058,GTBank Enterprises Ltd,Agro,Ltd,478471871.6191158,424287940.62718236,81723305.7482091,127286382.1881547,16971517.625087295,1069,91342616.5533045,16033961.687469045,03-Sep-2011,2011,06-Jun-2024,Kaduna,Kaduna South,www.gtbankenterprisesltd.com.ng,"CIT,VAT,WHT,CGT"
8dc204fa-85e7-4c89-827d-741f6fce5c2b,RC-755604,4455315487640,Elizade Solutions LLP,Manufacturing,LLP,3375907195.7528787,2042389254.5577562,588429391.8907506,612716776.3673269,81695570.18231025,958,261429460.2189361,57095564.388532855,13-Jan-2014,2014,13-Oct-2024,Rivers,Ikwerre,www.elizadesolutionsllp.com.ng,"CIT,VAT,WHT,CGT"
8353b3a7-9e45-4cf4-a940-997f4c2574c1,RC-939142,4604534830450,Semicolon Solutions NGO/Gte,Fintech,NGO/Gte,4107362253.8188286,3758906870.5451784,565896156.0973828,1127672061.1635535,150356274.82180715,1026,448018655.48106325,63072530.714115374,19-Oct-2025,2025,21-Apr-2024,Plateau,Barkin Ladi,www.semicolonsolutionsngo/gte.ng,"CIT,VAT,WHT,CGT"
ea6234ff-d7a8-413e-be34-c42098a3ac9b,RC-410806,1686626156246,Nigerian Breweries Ventures Ltd,Retail,Ltd,1941397246.630564,1502678480.0173495,236422367.3754321,450803544.00520486,60107139.20069398,924,448744590.2634324,104629549.74604592,12-Feb-2019,2019,10-Mar-2025,Kaduna,Kaduna South,www.nigerianbreweriesventuresltd.com.ng,"CIT,VAT,WHT,CGT"
0a947b0e-99d8-489d-9f44-bea363dc4315,RC-517293,3122030771880,Ibeto Nigeria PLC,Manufacturing,PLC,2268912466.269906,1488132574.7377617,398547863.11348516,446439772.4213285,59525302.98951047,526,41708962.24773809,107845039.94700758,15-Jun-2016,2016,07-Jan-2025,Akwa Ibom,Uyo,www.ibetonigeriaplc.com.ng,"CIT,VAT,WHT,CGT"
74948660-be8d-40b9-950f-1bff83369077,RC-335089,0802130550220,Genesis Group Technologies Ltd,Tech,Ltd,3073885857.769208,2459295666.1962605,564673616.8583753,737788699.8588781,98371826.64785042,778,345123683.69734967,133120645.17993629,22-Apr-2012,2012,09-Dec-2024,Delta,Uyo,www.genesisgrouptechnologiesltd.net.ng,"CIT,VAT,WHT,CGT"
517880dc-17f5-49f4-a49f-c983acca3d62,RC-512233,5600244113505,Sterling Logistics NGO/Gte,Energy,NGO/Gte,1395178196.0567951,1112635292.7350943,236873830.19360387,333790587.82052827,44505411.709403776,1113,549650196.9555178,46135596.85763105,25-Sep-2012,2012,27-Mar-2025,Abuja (FCT),Kwali,www.sterlinglogisticsngo/gte.org.ng,"CIT,VAT,WHT,CGT"
e2aca1c7-5929-4fc7-9380-17c9fc16a50b,RC-915083,3737155682573,MTN Technologies NGO/Gte,Agro,NGO/Gte,1398819554.2180793,839346362.5967348,112227240.18930107,251803908.77902043,33573854.50386939,333,145535759.61579302,25344002.940365482,08-Nov-2017,2017,10-Aug-2025,Kaduna,Zaria,www.mtntechnologiesngo/gte.org.ng,"CIT,VAT,WHT,CGT"
682e3bbe-f8c6-4225-b260-a54bfd361eea,RC-131862,3272751006580,Ibeto Holdings PLC,Agro,PLC,381208230.2299042,242329496.42687625,32170176.824221164,72698848.92806287,9693179.85707505,755,35567666.56667802,12487836.026782248,24-Mar-2025,2025,25-Dec-2025,Akwa Ibom,Uyo,www.ibetoholdingsplc.com.ng,"CIT,VAT,WHT,CGT"
2e0752d1-a1a0-49aa-a748-3a6764b7352b,RC-752512,5071322883032,Palmpay Industries PLC,Fintech,PLC,1288205729.1904778,761601508.1621379,170136682.84664682,228480452.44864136,30464060.326485515,911,244767893.4946026,43758238.78889715,10-Mar-2025,2025,26-Dec-2025,Kwara,Ilorin West,www.palmpayindustriesplc.ng,"CIT,VAT,WHT,CGT"
defbc7be-5d1a-4bc0-a7e3-4280ef40c1f8,RC-655053,5826857882246,Zenith Enterprises PLC,Manufacturing,PLC,4547468532.543567,2676502181.2853093,768325503.944765,802950654.3855928,107060087.25141238,745,226413445.94573164,169122870.23494932,11-Jun-2013,2013,17-Oct-2025,Abuja (FCT),Bwari,www.zenithenterprisesplc.com.ng,"CIT,VAT,WHT,CGT"
5a8cfa31-3f41-422c-a5f8-d0ebe0b1517e,RC-270015,8582001248326,Cadbury Services PLC,Fintech,PLC,179787234.4714006,133254682.41493674,44077715.3517747,39976404.72448102,5330187.29659747,547,233688873.51946127,3093007.459977274,31-Jan-2014,2014,01-Apr-2024,Lagos,Surulere,www.cadburyservicesplc.com.ng,"CIT,VAT,WHT,CGT"
4f8e28af-2e08-4c74-9545-6aea160ab497,RC-546744,6131675025875,Honeywell Networks PLC,Agro,PLC,894022640.2167333,602817762.5267779,94134146.48069328,180845328.75803337,24112710.501071114,577,182017453.40266228,38539936.75520597,10-Dec-2014,2014,14-Dec-2024,Anambra,Onitsha North,www.honeywellnetworksplc.ng,"CIT,VAT,WHT,CGT"
263c7894-dae0-40e6-9791-916b1e49b5ed,RC-151198,7525551856173,Access Bank Nigeria NGO/Gte,Retail,NGO/Gte,864098044.61081,717905619.4400513,93408359.53063536,215371685.8320154,28716224.777602054,577,17652733.634483147,28988002.626230348,08-Jun-2015,2015,08-May-2025,Rivers,Okrika,www.accessbanknigeriango/gte.org.ng,"CIT,VAT,WHT,CGT"
eeb34d45-cfb9-4006-a550-bdb5e94e101d,RC-422147,6745065418531,Sterling Group LLP,Fintech,LLP,4483110663.525403,2589219539.662946,1087215790.455654,776765861.8988838,103568781.58651786,331,122012583.22172002,14236338.357589837,16-Dec-2021,2021,04-Oct-2024,Anambra,Onitsha North,www.sterlinggroupllp.com.ng,"CIT,VAT,WHT,CGT"
5fcabfd1-e884-4977-ac20-584b39704d94,RC-914944,7042072047672,MainOne Industries PLC,Tech,PLC,1122864569.8970046,676389698.4489582,120414074.65919483,202916909.53468743,27055587.937958326,1073,244286381.58688283,43540628.90887674,20-Feb-2012,2012,12-Mar-2024,Ogun,Abeokuta North,www.mainoneindustriesplc.ng,"CIT,VAT,WHT,CGT"
b3d4519f-9670-4a48-9334-8829181aab68,RC-285587,5751616066446,AltSchool Logistics PLC,Energy,PLC,4159966332.9615607,3538985229.5357037,507272955.7225359,1061695568.8607111,141559409.18142813,297,95945862.09270145,68141743.4197234,12-Jan-2020,2020,27-Oct-2024,Rivers,Okrika,www.altschoollogisticsplc.ng,"CIT,VAT,WHT,CGT"
0ba5cefe-e1ea-477b-92d3-ab74897a5949,RC-538749,0170225386520,Konga Nigeria NGO/Gte,Retail,NGO/Gte,2511297940.7674613,2418288699.6453943,493050390.00541383,725486609.8936182,96731547.98581578,590,276423420.05436414,85562635.5130372,08-Jun-2017,2017,18-Feb-2024,Enugu,Udi,www.konganigeriango/gte.ng,"CIT,VAT,WHT,CGT"
8e466b0b-65af-4179-a2fb-8f9e959fb076,RC-211577,2546668110584,Nigerian Breweries Enterprises LLP,Energy,LLP,4554402339.580439,3065204760.36003,811943892.272765,919561428.108009,122608190.4144012,952,40885131.42725333,161582494.3641262,16-Aug-2013,2013,16-Aug-2024,Delta,Uyo,www.nigerianbreweriesenterprisesllp.com.ng,"CIT,VAT,WHT,CGT"
51ac746e-3fd1-40e5-b318-1f41cc4bb166,RC-717293,2824325107580,GTCO Technologies PLC,Tech,PLC,4626298921.413535,3172962390.2239766,1130136629.852424,951888717.0671929,126918495.60895906,994,297857443.7699598,144780215.19604638,24-Sep-2014,2014,11-May-2024,Lagos,Alimosho,www.gtcotechnologiesplc.com.ng,"CIT,VAT,WHT,CGT"
ae2d7145-4afa-467f-987c-6484cf1aab34,RC-608524,5245817386714,Honeywell Group LLP,Fintech,LLP,1170584427.2073758,695454442.3325179,138402365.84656763,208636332.69975534,27818177.693300717,73,18195135.873167265,7186961.943212241,13-Sep-2014,2014,09-Jun-2024,Kano,Nasarawa,www.honeywellgroupllp.com.ng,"CIT,VAT,WHT,CGT"
ac1fcd97-ee4c-43e0-b462-e3fb1d3d9d13,RC-477408,0748848314252,Elizade West Africa PLC,Fintech,PLC,2499438156.4426036,2076095651.1716397,301525339.3317714,622828695.3514919,83043826.04686558,392,90904158.08343935,55407608.67373854,29-Sep-2024,2024,12-Jun-2025,Rivers,Port Harcourt,www.elizadewestafricaplc.com.ng,"CIT,VAT,WHT,CGT"
0f16377f-f311-47e1-a244-49f085669484,RC-686036,6127861353847,Ardova Services PLC,Agro,PLC,4804425720.293991,3966043007.12161,467064077.61631006,1189812902.136483,158641720.2848644,863,172154479.2304161,75717962.53401853,13-Feb-2025,2025,30-Jun-2025,Abuja (FCT),Kuje,www.ardovaservicesplc.ng,"CIT,VAT,WHT,CGT"
be899519-7b56-4aa1-9c1e-331be1ca8747,RC-731923,3212171023152,Sterling Bank Group Ltd,Tech,Ltd,2140640324.9671495,1142874325.8965766,322750350.375058,342862297.768973,45714973.035863064,772,186400171.3106601,65760526.53004322,29-Dec-2023,2023,28-Jan-2026,Lagos,Alimosho,www.sterlingbankgroupltd.com.ng,"CIT,VAT,WHT,CGT"
c3b2c46d-084d-4b4e-b3af-ae24e28e14fd,RC-629287,7405114330500,Access West Africa LLP,Tech,LLP,239776767.3228604,180645769.39644927,26231378.94031167,54193730.818934776,7225830.775857971,281,40265933.94473408,5826536.076535648,02-Dec-2018,2018,24-May-2024,Kano,Gwale,www.accesswestafricallp.com.ng,"CIT,VAT,WHT,CGT"
cdc89e70-7d20-4488-9eff-9ab87f273f25,RC-531290,1868571880800,Zenith Bank Ventures Ltd,Tech,Ltd,4122361748.063392,3809766936.5205235,745381910.0634555,1142930080.956157,152390677.46082094,317,110169910.94680938,106166474.24455513,04-Aug-2025,2025,12-May-2024,Kano,Kano Municipal,www.zenithbankventuresltd.net.ng,"CIT,VAT,WHT,CGT"
4dcc9522-758c-4eb2-97eb-4bdc10e69607,RC-425258,7258430625236,Nestle Networks LLP,Energy,LLP,2533108228.5841856,1333787278.022966,407419089.3497102,400136183.40688974,53351491.12091864,989,298631192.5755548,96681590.73050861,05-Apr-2021,2021,28-Feb-2024,Oyo,Egbeda,www.nestlenetworksllp.com.ng,"CIT,VAT,WHT,CGT"
deab1328-9544-461a-aa46-7eb68c2bdb15,RC-111249,2130371825563,Cadbury Logistics PLC,Retail,PLC,4825189391.374906,4664485014.644433,421625817.57002467,1399345504.3933299,186579400.5857773,537,64010191.93695272,320953845.0318224,17-Aug-2015,2015,11-Jun-2025,Delta,Ughelli North,www.cadburylogisticsplc.com.ng,"CIT,VAT,WHT,CGT"
07a04324-e85c-433d-b708-799d4f0d3200,RC-632004,5011646246557,MTN Ventures Ltd,Energy,Ltd,4554876366.158594,2472579712.374081,631019533.6963234,741773913.7122244,98903188.49496324,965,362839117.39737314,139186814.68732256,16-Jan-2021,2021,28-Oct-2024,Enugu,Udi,www.mtnventuresltd.net.ng,"CIT,VAT,WHT,CGT"
96c7fa6d-cc2d-4d94-8f98-496b50c55b4b,RC-502312,6288868682712,Jumia West Africa LLP,Retail,LLP,4802635874.902578,3465663539.715326,1038551456.0853894,1039699061.9145977,138626541.58861303,1165,381284569.2907393,241243811.3128996,19-May-2023,2023,08-Oct-2025,Delta,Sapele,www.jumiawestafricallp.com.ng,"CIT,VAT,WHT,CGT"
f41b092d-c605-4e41-9a41-8580f3ac56f3,RC-195734,3650204664208,Decagon West Africa LLP,Tech,LLP,1733719845.4442787,1517052233.4568255,227374736.7350776,455115670.0370476,60682089.33827302,478,229301131.66832462,74217192.43422382,19-Mar-2020,2020,07-Nov-2024,Kano,Nasarawa,www.decagonwestafricallp.com.ng,"CIT,VAT,WHT,CGT"
d61fc813-be78-4990-8fa7-915c739b1bb1,RC-805752,4485424542050,GTBank Holdings Ltd,Manufacturing,Ltd,1667364456.9793587,1132539631.3453584,369232463.2021493,339761889.4036075,45301585.25381433,699,247330862.0306572,58351448.568794206,24-Aug-2015,2015,27-May-2024,Lagos,Alimosho,www.gtbankholdingsltd.com.ng,"CIT,VAT,WHT,CGT"
b3f34375-ae81-4d08-b82f-8537484f4eca,RC-510776,4304070678081,Globacom Industries NGO/Gte,Agro,NGO/Gte,1492008276.7705872,1386079928.240467,351511688.7921469,415823978.47214013,55443197.12961868,1021,82112882.9811458,73488716.79334702,19-Feb-2019,2019,12-Oct-2025,Lagos,Eti-Osa,www.globacomindustriesngo/gte.org.ng,"CIT,VAT,WHT,CGT"
d9aba1b0-7bef-47bd-bc16-18b1a7ea89aa,RC-304152,1875726873745,Chi Services NGO/Gte,Fintech,NGO/Gte,777027348.9577801,568391092.212739,191018234.82154262,170517327.6638217,22735643.68850956,583,38589100.21499206,984701.6362976064,13-Apr-2013,2013,03-Jul-2025,Lagos,Ikeja,www.chiservicesngo/gte.org.ng,"CIT,VAT,WHT,CGT"
bbdb4b96-166a-43fa-910f-40bcabce74f1,RC-872350,3731204051708,Interswitch Solutions PLC,Fintech,PLC,414752817.13466847,210817576.69735855,81999386.46704112,63245273.00920756,8432703.067894341,251,15092854.96018133,10164745.895937385,08-Feb-2015,2015,08-Sep-2024,Oyo,Akinyele,www.interswitchsolutionsplc.ng,"CIT,VAT,WHT,CGT"
6a8955e7-6943-435b-a1b2-3b740ef5d46a,RC-887600,7503570078838,Eroton Resources LLP,Manufacturing,LLP,1734393274.122071,1693872127.2912424,281033658.50329065,508161638.1873727,67754885.0916497,240,96389330.4505771,57744797.19821669,12-Mar-2014,2014,17-May-2024,Lagos,Mushin,www.erotonresourcesllp.com.ng,"CIT,VAT,WHT,CGT"
b4e89ac3-9f00-43a3-aaf3-d45de92c3c6a,RC-136963,1650627364104,ABC Transport Holdings Ltd,Tech,Ltd,812968687.5219209,620503238.7773489,68369198.16713856,186150971.63320467,24820129.551093955,851,380987240.2333397,41466312.34853965,16-Dec-2013,2013,26-Aug-2024,Enugu,Enugu North,www.abctransportholdingsltd.net.ng,"CIT,VAT,WHT,CGT"
bf5bfa49-0102-439d-b916-7b0612290821,RC-178001,4206883022306,Dangote Services Ltd,Agro,Ltd,2326930093.493186,1334572951.5021434,547544791.3182644,400371885.450643,53382918.060085736,814,212046960.95376512,42404355.281806946,27-Feb-2015,2015,19-Feb-2025,Anambra,Awka South,www.dangoteservicesltd.net.ng,"CIT,VAT,WHT,CGT"
b92b02a9-efe8-4f54-9358-0fd59bb0e020,RC-918617,0622313560221,Coscharis Ventures Ltd,Tech,Ltd,3945051153.766824,3747216664.6859465,574032203.0697142,1124164999.405784,149888666.58743787,688,55389861.57244071,275913737.2926047,11-Feb-2018,2018,23-Mar-2025,Rivers,Eleme,www.coscharisventuresltd.com.ng,"CIT,VAT,WHT,CGT"
b4df4b74-72c4-4973-856f-cdf65f0d7db1,RC-233264,3057130602345,AltSchool Group Ltd,Manufacturing,Ltd,474217379.83998454,409471105.0945285,72403134.63759325,122841331.52835855,16378844.203781141,76,19362676.83756802,6417043.369408692,14-Mar-2013,2013,08-Sep-2025,Kaduna,Kaduna North,www.altschoolgroupltd.com.ng,"CIT,VAT,WHT,CGT"
2c6b83ae-c749-4c6a-bc5e-7e461f52a59b,RC-162579,1621512426273,SevenUp Holdings LLP,Energy,LLP,3489708436.9821515,3403140130.888493,469549173.8345376,1020942039.2665479,136125605.23553973,800,314176063.22596395,235992867.539024,26-Sep-2011,2011,24-Jan-2025,Oyo,Egbeda,www.sevenupholdingsllp.com.ng,"CIT,VAT,WHT,CGT"
8fc89885-a671-4ab9-a0a4-2f165a97604c,RC-802931,2151530204670,Union Bank Networks PLC,Energy,PLC,4420878778.157142,3737894733.143095,421429662.59600335,1121368419.9429286,149515789.3257238,751,193981256.29288557,64693684.877766445,28-Dec-2013,2013,24-Feb-2025,Abuja (FCT),Kwali,www.unionbanknetworksplc.ng,"CIT,VAT,WHT,CGT"
af7921df-71d3-409c-98b7-24033e68e8e1,RC-933579,6512584725643,Kuda Resources LLP,Fintech,LLP,3841360912.9335713,2071256417.4366767,338286716.423082,621376925.231003,82850256.69746707,870,249076188.346134,124318744.9861849,13-Feb-2020,2020,18-Aug-2024,Edo,Ikpoba-Okha,www.kudaresourcesllp.com.ng,"CIT,VAT,WHT,CGT"
50e9d5ce-3e61-46d4-9bc5-0698b04fa536,RC-376777,1788122145083,Interswitch Networks LLP,Tech,LLP,2553611631.115875,2492778594.1667867,402610640.8081013,747833578.250036,99711143.76667146,900,268448966.18206084,53563519.6925398,26-Jul-2015,2015,27-Jan-2026,Anambra,Onitsha North,www.interswitchnetworksllp.com.ng,"CIT,VAT,WHT,CGT"
b56f3fea-45b6-4c35-8497-f4b98e185e21,RC-371236,4546865186180,BUA Holdings Ltd,Retail,Ltd,1920228848.5615253,1088884047.429561,170271346.0113887,326665214.22886825,43555361.897182435,1167,69827268.79704697,65939096.576022215,13-Feb-2012,2012,01-Aug-2025,Lagos,Eti-Osa,www.buaholdingsltd.net.ng,"CIT,VAT,WHT,CGT"
02a3beff-b5a2-45db-b13d-4d9d7010a426,RC-631766,5250823268233,Coscharis Solutions PLC,Tech,PLC,1093201296.1174576,796005985.5578334,267244297.44832495,238801795.66735002,31840239.422313336,726,59923142.54471727,47977105.54572392,11-Aug-2013,2013,27-Dec-2024,Kaduna,Kaduna North,www.coscharissolutionsplc.com.ng,"CIT,VAT,WHT,CGT"
8166e699-7ddb-4bfd-a090-0ddd3a285494,RC-692039,0475684381753,Filmhouse Group Ltd,Agro,Ltd,3980887616.433288,2644283230.1466684,513884025.643441,793284969.0440005,105771329.20586674,1097,546142647.426738,98703380.68782136,03-Jan-2014,2014,29-Dec-2024,Enugu,Nsukka,www.filmhousegroupltd.com.ng,"CIT,VAT,WHT,CGT"
12507fea-41b8-4793-ad76-01303bafd3d1,RC-249334,7718018221143,Zenith Bank Resources Ltd,Agro,Ltd,998658164.7793518,647963091.5135804,231012318.3058377,194388927.4540741,25918523.66054322,694,193433101.2849522,19297048.047639664,26-Nov-2020,2020,16-Feb-2024,Akwa Ibom,Eket,www.zenithbankresourcesltd.net.ng,"CIT,VAT,WHT,CGT"
8bdfcca8-fb58-4a37-b6f9-2c01b3cc578d,RC-833687,1712776272676,Globacom Systems NGO/Gte,Retail,NGO/Gte,1148095843.9581234,896078543.9505247,102549254.74928662,268823563.1851574,35843141.75802099,119,18489236.462181285,66101953.44705209,14-Jun-2015,2015,15-Apr-2025,Kano,Nasarawa,www.globacomsystemsngo/gte.org.ng,"CIT,VAT,WHT,CGT"
da097d3a-7d52-43a0-a93b-c5347fe259b4,RC-446954,7403036317167,Shoprite Global PLC,Manufacturing,PLC,4294261099.607373,2447281553.8867264,369097449.67565656,734184466.1660179,97891262.15546906,820,124877955.3415255,63706134.285590865,06-Jul-2016,2016,04-Mar-2025,Enugu,Udi,www.shopriteglobalplc.ng,"CIT,VAT,WHT,CGT"
f8dcaaca-4696-446a-ac27-967a5a8735c8,RC-446029,2515084002177,Palmpay Resources NGO/Gte,Agro,NGO/Gte,4613258924.7287,3170410913.1405215,973533383.4042451,951123273.9421564,126816436.52562086,853,64538342.772086516,83557778.2810255,14-Aug-2013,2013,09-Feb-2025,Rivers,Okrika,www.palmpayresourcesngo/gte.ng,"CIT,VAT,WHT,CGT"
77ee2355-6140-4475-9771-6e3b691174ce,RC-854703,3416222716556,Oando Enterprises PLC,Agro,PLC,1498346059.672604,797207410.0934598,144735886.63601375,239162223.02803794,31888296.403738394,361,32953665.16388403,49804058.45930968,20-Apr-2023,2023,30-Nov-2025,Abuja (FCT),Abuja Municipal,www.oandoenterprisesplc.ng,"CIT,VAT,WHT,CGT"
ed2cae27-cd77-42fd-9fce-6ff508bcc811,RC-889269,2557814075588,Dangote Logistics Ltd,Retail,Ltd,539152795.5267706,432396759.619726,117517864.59319226,129719027.8859178,17295870.384789042,727,58924007.87588478,16260261.86247678,05-Aug-2013,2013,02-Nov-2024,Lagos,Eti-Osa,www.dangotelogisticsltd.com.ng,"CIT,VAT,WHT,CGT"
36012d5b-9840-4be0-8bf2-1fb6f7c0c03e,RC-755968,1677351221463,Dangote Logistics PLC,Retail,PLC,4505396930.388133,2534745715.8806067,914905199.4482799,760423714.764182,101389828.63522427,219,54042389.20995664,94682090.15268466,13-Sep-2020,2020,25-Mar-2024,Abuja (FCT),Gwagwalada,www.dangotelogisticsplc.ng,"CIT,VAT,WHT,CGT"
24192734-552b-4b95-99cb-da5520e1d20c,RC-980869,2450634462783,Stanbic Networks Ltd,Retail,Ltd,3812042084.727977,3120882522.7508235,428208662.1190065,936264756.825247,124835300.91003294,1175,397433216.2234087,17307545.950489927,31-May-2015,2015,25-Apr-2025,Rivers,Okrika,www.stanbicnetworksltd.net.ng,"CIT,VAT,WHT,CGT"
0ab17013-b253-418d-b015-7c8deb05a8f9,RC-812193,1340367633331,AltSchool Resources PLC,Agro,PLC,2416764478.213602,2036299146.9244514,239781508.0336192,610889744.0773354,81451965.87697805,641,303661580.7537414,31829736.719630137,13-Oct-2017,2017,14-Sep-2024,Kaduna,Kaduna North,www.altschoolresourcesplc.com.ng,"CIT,VAT,WHT,CGT"
758b47a5-5535-45c9-a4ff-753246c3b80b,RC-868329,1605451574285,Dangote Sugar Solutions NGO/Gte,Agro,NGO/Gte,4425228395.206108,3506094858.534041,813637927.0760348,1051828457.5602123,140243794.34136164,907,379736886.16728973,96184124.97484432,15-Jun-2021,2021,25-Sep-2025,Edo,Oredo,www.dangotesugarsolutionsngo/gte.ng,"CIT,VAT,WHT,CGT"
76f5f767-1045-4e59-a9ce-3f03bfba5961,RC-573706,7755605460061,MainOne Global NGO/Gte,Manufacturing,NGO/Gte,2845844679.324862,1847665722.7493281,702065968.7441313,554299716.8247985,73906628.90997313,1167,455225020.3159993,116605308.3340391,12-Apr-2019,2019,02-Oct-2024,Lagos,Eti-Osa,www.mainoneglobalngo/gte.ng,"CIT,VAT,WHT,CGT"
772bdf5e-42e9-41ef-8a0b-fa0728cade18,RC-752524,3057410253865,Mikano Technologies Ltd,Fintech,Ltd,166661834.85138932,163235420.8740475,31569868.411122095,48970626.26221424,6529416.8349619,1136,256291425.60146964,156337.93757977843,29-Feb-2024,2024,13-Oct-2024,Anambra,Idemili South,www.mikanotechnologiesltd.net.ng,"CIT,VAT,WHT,CGT"
1a2447b8-64a1-463f-ab06-947ec5e3368d,RC-977971,0176686483540,Spar Technologies Ltd,Energy,Ltd,4446550092.770176,3030298016.1506867,404186275.8592924,909089404.845206,121211920.64602748,965,77292095.64389217,62020355.97468108,26-Jan-2012,2012,09-Nov-2024,Lagos,Ikeja,www.spartechnologiesltd.com.ng,"CIT,VAT,WHT,CGT"
dc5838a4-ca7c-40f8-b107-afe1511555bc,RC-389549,4268176207846,Konga Nigeria Ltd,Energy,Ltd,448046527.8913113,348765568.0822613,50335633.60430247,104629670.4246784,13950622.723290453,20,1957193.8999751573,15500963.612640597,20-Jan-2015,2015,14-Dec-2025,Akwa Ibom,Eket,www.konganigerialtd.com.ng,"CIT,VAT,WHT,CGT"
10cfc2f3-c673-435f-a1aa-34c24d74e838,RC-232585,6638867868506,OPay Ventures NGO/Gte,Tech,NGO/Gte,1598816033.9492388,932184870.724482,183175663.64099264,279655461.2173446,37287394.82897928,285,55085549.42343824,59166000.724720284,24-Jan-2018,2018,25-Sep-2024,Akwa Ibom,Uyo,www.opayventuresngo/gte.ng,"CIT,VAT,WHT,CGT"
31f50b41-2269-476d-9929-4f15a1ca29a0,RC-978886,3553432530121,Nestle West Africa NGO/Gte,Manufacturing,NGO/Gte,4288384170.9409747,4279787244.214995,900803768.7212384,1283936173.2644985,171191489.7685998,1098,462836343.21908313,127677350.87058482,16-Sep-2018,2018,19-Jul-2024,Plateau,Barkin Ladi,www.nestlewestafricango/gte.org.ng,"CIT,VAT,WHT,CGT"
2f08575b-743b-4eb6-9287-ce3e97306179,RC-367576,1261622120128,Sterling Bank Networks LLP,Fintech,LLP,730716310.2081301,612382899.4638425,113231996.01211676,183714869.83915275,24495315.9785537,568,121959093.3701827,44509088.652800046,04-Apr-2019,2019,04-Apr-2025,Abuja (FCT),Kuje,www.sterlingbanknetworksllp.com.ng,"CIT,VAT,WHT,CGT"
dd22f167-b594-4109-9b2f-7d8ecbc1d443,RC-340829,8477702807543,Jumia Solutions PLC,Retail,PLC,1125857678.018619,715547348.0674616,199545411.51555997,214664204.42023847,28621893.922698464,746,247319108.2244335,47872685.37519673,19-Nov-2014,2014,28-Aug-2025,Ogun,Sagamu,www.jumiasolutionsplc.ng,"CIT,VAT,WHT,CGT"
83ea1b20-1776-4f44-9ddb-e79709f26de9,RC-426067,1531242204867,MTN Systems LLP,Retail,LLP,540970493.6704748,506734007.81993675,55762937.47976333,152020202.34598103,20269360.312797472,203,87870523.76316808,1536253.02961432,18-Aug-2023,2023,21-Mar-2024,Kaduna,Kafanchan,www.mtnsystemsllp.com.ng,"CIT,VAT,WHT,CGT"
0619506c-b65c-4e74-b101-6c2e80f05ead,RC-729954,7374145853417,FBN West Africa Ltd,Agro,Ltd,941980430.3124664,768574855.1652769,89178701.08082224,230572456.54958305,30742994.206611075,511,168577355.58178607,40358870.21759722,06-Jan-2018,2018,07-Oct-2025,Kano,Nasarawa,www.fbnwestafricaltd.com.ng,"CIT,VAT,WHT,CGT"
4aa0fd44-05ab-4769-8226-da31f7526d7b,RC-690497,7605245352505,MainOne Nigeria PLC,Tech,PLC,4046276259.489841,3434731431.577593,590112310.9379708,1030419429.4732778,137389257.26310372,851,83355723.22015943,1558588.4692087339,09-Feb-2011,2011,17-Jun-2025,Plateau,Jos North,www.mainonenigeriaplc.ng,"CIT,VAT,WHT,CGT"
fe6a7471-dfa7-45fb-91e0-496ff580ef49,RC-293957,3700770737863,AltSchool Services Ltd,Agro,Ltd,3750884308.7793016,2109330694.3095562,793157043.5401621,632799208.2928668,84373227.77238224,1198,85205198.21105121,56534385.11007025,14-Apr-2023,2023,27-Jun-2024,Kano,Gwale,www.altschoolservicesltd.net.ng,"CIT,VAT,WHT,CGT"
20ab3a6e-3aa6-4807-92ea-237c37d79e53,RC-245254,1607703730822,Palmpay Systems NGO/Gte,Manufacturing,NGO/Gte,572294193.1325916,291424972.80961525,62863294.6006885,87427491.84288457,11656998.91238461,480,132301376.8756166,4941149.449011754,29-Aug-2013,2013,21-May-2025,Kwara,Offa,www.palmpaysystemsngo/gte.ng,"CIT,VAT,WHT,CGT"
6961a9ef-4013-419d-9bdf-b0864b25aa3a,RC-628713,2071325413662,Access West Africa Ltd,Tech,Ltd,4676235968.027561,3531379686.149737,446581303.479385,1059413905.844921,141255187.4459895,53,3474471.1611089176,210940614.03360495,27-Jan-2021,2021,01-Sep-2024,Ogun,Abeokuta South,www.accesswestafricaltd.net.ng,"CIT,VAT,WHT,CGT"
58ae52b4-78d4-4c9f-bc9c-64f41ecc910f,RC-884646,5472618863877,Globacom West Africa Ltd,Manufacturing,Ltd,3295601441.753027,2853125352.0233245,624314497.2425238,855937605.6069974,114125014.08093297,761,347054890.1533968,39706769.10462302,30-Oct-2017,2017,04-Jul-2024,Plateau,Barkin Ladi,www.globacomwestafricaltd.com.ng,"CIT,VAT,WHT,CGT"
eac33c9c-93ea-4812-ab6e-3ca98285d12b,RC-318220,0303073844110,UBA Networks Ltd,Fintech,Ltd,2711651555.0912933,2600016488.2741227,410763433.4600695,780004946.4822367,104000659.53096491,593,36247201.5405138,22895693.779920243,01-Feb-2011,2011,04-Mar-2024,Plateau,Barkin Ladi,www.ubanetworksltd.net.ng,"CIT,VAT,WHT,CGT"
7404f933-ed3e-42d6-a817-b63a937d7fdb,RC-476905,0847305051744,Rack Centre Systems NGO/Gte,Manufacturing,NGO/Gte,1725407106.9876068,1408846724.5810246,215091210.48839727,422654017.3743074,56353868.983240984,24,3679072.1922309296,22769859.83948257,13-Dec-2025,2025,23-Dec-2025,Kano,Nasarawa,www.rackcentresystemsngo/gte.org.ng,"CIT,VAT,WHT,CGT"
387df963-583a-408c-8971-1b015a315b7f,RC-933471,1570772148560,Shoprite Networks NGO/Gte,Manufacturing,NGO/Gte,2788394835.114958,2433029092.110722,305652307.96874136,729908727.6332166,97321163.68442889,612,273058140.84572047,110981223.41391489,13-Jan-2018,2018,06-Nov-2024,Lagos,Surulere,www.shopritenetworksngo/gte.ng,"CIT,VAT,WHT,CGT"
1d19ff46-d536-4d2e-a3c4-87b6fae1d43b,RC-825378,1638243216331,Opay Services Ltd,Agro,Ltd,3014849036.0104694,1516230443.250173,679512819.424588,454869132.97505194,60649217.730006926,618,66873134.506074615,26739107.69386441,14-Dec-2016,2016,13-Aug-2025,Kaduna,Kaduna South,www.opayservicesltd.net.ng,"CIT,VAT,WHT,CGT"
61fc37c3-cd03-42c6-8cd2-b4657c765ad9,RC-305813,8002836870681,Genesis Group Resources Ltd,Energy,Ltd,980176008.6910406,642152731.9043419,202837900.13030213,192645819.57130256,25686109.276173677,493,191894573.3070062,1054093.4660325998,09-Nov-2023,2023,21-Apr-2024,Plateau,Barkin Ladi,www.genesisgroupresourcesltd.com.ng,"CIT,VAT,WHT,CGT"
7bd2312d-3251-43d8-9e14-7fede8000dca,RC-276950,7142332603241,BUA Nigeria Ltd,Manufacturing,Ltd,2216653203.3541694,1678562715.4264984,444639654.14551765,503568814.6279495,67142508.61705993,545,178557442.01713702,32405265.053620867,29-Sep-2019,2019,08-Sep-2024,Akwa Ibom,Eket,www.buanigerialtd.net.ng,"CIT,VAT,WHT,CGT"
4806d34e-dddf-4765-a138-665daaf8ef18,RC-584627,1681761321227,Konga Holdings LLP,Manufacturing,LLP,2282408208.719034,1690325891.4944801,297611800.21558666,507097767.448344,67613035.6597792,640,93887274.5866157,119998483.8685246,05-Feb-2017,2017,06-Feb-2024,Enugu,Nsukka,www.kongaholdingsllp.com.ng,"CIT,VAT,WHT,CGT"
c6b37714-fac3-4bcb-8869-bc2fde951b0f,RC-417530,7884028466381,Sterling Networks PLC,Retail,PLC,4177646625.385157,3111459216.823577,631225930.8840095,933437765.047073,124458368.67294309,89,38737277.69445942,173534899.80293152,13-Jul-2021,2021,21-Jun-2024,Lagos,Eti-Osa,www.sterlingnetworksplc.ng,"CIT,VAT,WHT,CGT"
daf68e6c-8346-41e0-a977-8f7cf999ef22,RC-725190,0270503681854,Semicolon Africa Systems PLC,Fintech,PLC,2418022056.7461486,1717831043.8133307,495578163.04981524,515349313.14399916,68713241.75253323,222,34828940.10956738,51403012.43530193,08-Sep-2019,2019,17-Mar-2025,Enugu,Udi,www.semicolonafricasystemsplc.ng,"CIT,VAT,WHT,CGT"
75cac5e4-3738-4c26-a31e-10b2eb166375,RC-991681,2306158113054,Cadbury Enterprises NGO/Gte,Tech,NGO/Gte,577368475.4413383,410010646.8673647,113477252.98141852,123003194.06020941,16400425.874694588,981,461578103.1144697,8725987.367892535,13-Jul-2011,2011,19-Jan-2025,Edo,Egor,www.cadburyenterprisesngo/gte.ng,"CIT,VAT,WHT,CGT"
8657a8eb-3ccc-447c-817c-40462752a7a8,RC-331912,5512207506142,Access Global NGO/Gte,Retail,NGO/Gte,3433057836.5159693,2857023574.904223,495076448.2635665,857107072.4712669,114280942.99616893,840,412860310.6248556,136075134.39867455,06-Dec-2013,2013,02-Mar-2024,Delta,Ughelli North,www.accessglobalngo/gte.ng,"CIT,VAT,WHT,CGT"
ef1a88a5-6d65-4eb6-acff-333b2c6da7c4,RC-260890,3665083146780,Sterling Bank Networks NGO/Gte,Fintech,NGO/Gte,4626242886.362916,3912376291.7288694,863997390.5891459,1173712887.5186608,156495051.6691548,927,88157777.89019704,122111468.3176931,28-May-2012,2012,06-Dec-2024,Lagos,Alimosho,www.sterlingbanknetworksngo/gte.ng,"CIT,VAT,WHT,CGT"
290bc28e-62da-4aaa-8b75-d049e018fc16,RC-908956,0161346610401,PiggyVest Solutions NGO/Gte,Fintech,NGO/Gte,1069143183.0906227,655182256.2720953,224090760.71157748,196554676.8816286,26207290.250883814,480,217541298.35631764,47038572.45390531,15-Dec-2015,2015,28-Sep-2025,Lagos,Agege,www.piggyvestsolutionsngo/gte.ng,"CIT,VAT,WHT,CGT"
92db0d86-009c-4ceb-a3fa-261cd507c497,RC-556457,4372616500720,Andela Global PLC,Fintech,PLC,1372131745.4644175,1122281530.304534,186578036.69282362,336684459.09136015,44891261.21218136,978,283756411.7175999,69947194.58260153,23-Apr-2020,2020,28-Nov-2025,Rivers,Ikwerre,www.andelaglobalplc.com.ng,"CIT,VAT,WHT,CGT"
81689fc7-5de0-4ef2-a7ac-f5398f7918dd,RC-742263,6785078464050,Palmpay West Africa NGO/Gte,Fintech,NGO/Gte,2669522383.461559,2486750190.565386,531308069.08473945,746025057.1696157,99470007.62261544,131,35162940.01348845,85027621.78051426,20-Dec-2018,2018,09-Oct-2025,Ogun,Ijebu Ode,www.palmpaywestafricango/gte.org.ng,"CIT,VAT,WHT,CGT"
d5442118-1db3-43b4-80d0-b999069ffc9f,RC-890000,6411708458286,Moniepoint Enterprises Ltd,Energy,Ltd,542855387.0828077,380328554.96529746,105194625.01296495,114098566.48958923,15213142.198611898,1126,324057021.49803156,7412570.664036188,07-Sep-2019,2019,24-Apr-2024,Lagos,Alimosho,www.moniepointenterprisesltd.net.ng,"CIT,VAT,WHT,CGT"
66e9ae63-9b42-4161-acb6-aeb89a6ccc5c,RC-849636,7658206080342,Oando Solutions PLC,Fintech,PLC,3802337036.1808634,3023693535.328496,354994597.24783295,907108060.5985488,120947741.41313984,534,135518080.88118517,187388166.66751075,25-May-2025,2025,07-May-2025,Kano,Gwale,www.oandosolutionsplc.ng,"CIT,VAT,WHT,CGT"
4be69eae-7207-4cb6-b462-d88a8631ffb6,RC-580736,6585645683827,Nigerian Breweries Group LLP,Fintech,LLP,4695489201.852426,4326527351.3512335,657410942.2782906,1297958205.40537,173061094.05404934,148,49444384.79557734,105518177.57028185,07-May-2023,2023,21-Dec-2025,Ogun,Ijebu Ode,www.nigerianbreweriesgroupllp.com.ng,"CIT,VAT,WHT,CGT"
5112c75d-365c-4c61-87b6-efe0e5a97e9d,RC-308864,0504147075741,Shoprite Technologies NGO/Gte,Fintech,NGO/Gte,1919089145.1076171,1582793151.7618823,297282737.0186566,474837945.5285647,63311726.070475295,1132,453331814.464129,88950070.48048511,09-Oct-2013,2013,18-Nov-2025,Abuja (FCT),Kwali,www.shopritetechnologiesngo/gte.org.ng,"CIT,VAT,WHT,CGT"
edf38311-01c1-4d8f-8316-6e5a1deefe58,RC-836289,3320883730560,Genesis Group Industries NGO/Gte,Fintech,NGO/Gte,4737923757.859583,4394359893.89822,1181865209.179124,1318307968.169466,175774395.7559288,1030,400676076.5167141,185343379.41609785,04-Jun-2022,2022,19-May-2024,Rivers,Okrika,www.genesisgroupindustriesngo/gte.ng,"CIT,VAT,WHT,CGT"
e165d103-731f-4c62-b8b3-095f4e99ff01,RC-565687,8385740461561,Moniepoint Ventures Ltd,Retail,Ltd,4593963760.555508,4514935526.125902,406706814.9403368,1354480657.8377707,180597421.04503608,511,249701696.85089403,267895069.30490237,09-Mar-2023,2023,19-Oct-2025,Plateau,Jos North,www.moniepointventuresltd.net.ng,"CIT,VAT,WHT,CGT"
9d840c92-41d9-4fef-930e-2d41c0366767,RC-505275,5166130240152,Mikano Logistics Ltd,Tech,Ltd,1543295891.5575325,1230497024.3085182,309084923.4369232,369149107.29255545,49219880.972340725,583,124315909.73969789,57320043.153137974,24-Jun-2024,2024,25-Sep-2025,Ogun,Abeokuta North,www.mikanologisticsltd.net.ng,"CIT,VAT,WHT,CGT"
f7c5fbb5-e3e2-4170-aac8-19834b4e2261,RC-522990,6874578470103,Decagon Resources NGO/Gte,Manufacturing,NGO/Gte,2734976400.9881783,2676033857.250927,479034560.34974706,802810157.1752781,107041354.29003708,137,53488535.70241586,157265664.6152114,17-May-2018,2018,03-Sep-2024,Abuja (FCT),Bwari,www.decagonresourcesngo/gte.ng,"CIT,VAT,WHT,CGT"
f716efcd-7c36-45e4-b772-4a211db0dd0f,RC-872432,2585844155840,Globacom Ventures PLC,Tech,PLC,4777004696.523235,3393030476.078176,803034656.7285726,1017909142.8234527,135721219.04312703,841,69443372.4784261,216836515.7887663,15-Sep-2016,2016,22-May-2024,Enugu,Enugu North,www.globacomventuresplc.ng,"CIT,VAT,WHT,CGT"
deabf0fd-c38e-4289-90f7-ea88e509078f,RC-164919,1813561636726,Airtel West Africa NGO/Gte,Retail,NGO/Gte,4495512949.645517,4231440679.8869386,512702847.91729504,1269432203.9660816,169257627.19547755,725,244782756.0356093,305778278.1817983,03-Apr-2022,2022,03-Nov-2024,Kano,Gwale,www.airtelwestafricango/gte.ng,"CIT,VAT,WHT,CGT"
05e6b035-b108-4611-ae6b-2f662cb74da1,RC-726205,5140864543485,Genesis Group Resources LLP,Tech,LLP,20783458.49769066,15950974.009831632,3114746.3631606856,0.0,0.0,144,37292863.8092895,414027.7010804888,26-Aug-2020,2020,28-Mar-2024,Delta,Uyo,www.genesisgroupresourcesllp.com.ng,"CIT,VAT,WHT,CGT"
6a6cee13-065b-4b2e-bbd7-4d20601d6b71,RC-127101,2033188208513,Flutterwave Holdings NGO/Gte,Energy,NGO/Gte,4444267633.18521,4116752502.5911226,358151181.78646797,1235025750.7773368,164670100.1036449,38,15275632.752213806,292512693.39648044,12-Mar-2014,2014,27-Jun-2024,Delta,Ughelli North,www.flutterwaveholdingsngo/gte.org.ng,"CIT,VAT,WHT,CGT"
492521fb-8038-4f13-b09f-809010892da7,RC-802762,3705722608650,Palmpay West Africa PLC,Tech,PLC,2287878805.570872,2249346644.9217863,191511205.4147823,674803993.4765359,89973865.79687145,636,53135978.34495888,51496429.29486624,25-Apr-2011,2011,05-Jan-2025,Abuja (FCT),Kuje,www.palmpaywestafricaplc.com.ng,"CIT,VAT,WHT,CGT"
b813b7e3-9553-4c8f-8aa5-e33a2f6924ca,RC-561006,2505778616822,Decagon Technologies LLP,Retail,LLP,1158013592.298656,957177898.5648512,174819596.25215164,287153369.5694553,38287115.942594044,102,35673428.557942666,15893170.491779195,09-Feb-2019,2019,09-May-2025,Lagos,Mushin,www.decagontechnologiesllp.com.ng,"CIT,VAT,WHT,CGT"
ad01fba7-12d7-425f-b15a-3f771be13776,RC-536262,6538463340501,Nigerian Breweries Global Ltd,Tech,Ltd,255693946.53956097,188847955.26751888,54402723.76021733,56654386.580255665,7553918.210700755,310,27736768.29588401,3360948.6867453326,07-Nov-2020,2020,25-Jun-2025,Oyo,Ibadan South-West,www.nigerianbreweriesgloballtd.net.ng,"CIT,VAT,WHT,CGT"
7069e809-1e5c-4aa2-a528-0608781b4002,RC-395014,0413258801720,Dangote Sugar Networks PLC,Agro,PLC,1629504040.913303,909692065.0578386,245410124.63837615,272907619.51735157,36387682.60231354,792,342014896.39000505,63348992.63292668,19-Dec-2025,2025,04-Mar-2024,Abuja (FCT),Kwali,www.dangotesugarnetworksplc.ng,"CIT,VAT,WHT,CGT"
67d7a5cf-afc0-4b8c-bde2-53384756249c,RC-213116,1646603432588,Andela Solutions Ltd,Agro,Ltd,680523742.2959583,456837295.75354874,94521701.77942406,137051188.72606462,18273491.83014195,812,366673999.52072,7677949.922868708,23-Oct-2015,2015,18-May-2024,Edo,Egor,www.andelasolutionsltd.com.ng,"CIT,VAT,WHT,CGT"
6aca5de1-8a2a-4487-95d8-905ed1de7850,RC-388078,7440680381504,Kuda Group LLP,Agro,LLP,1059924387.1689694,973124344.5628259,256277455.89219517,291937303.3688478,38924973.78251304,338,54147931.49549985,9512640.07822526,21-Aug-2013,2013,27-May-2024,Anambra,Onitsha North,www.kudagroupllp.com.ng,"CIT,VAT,WHT,CGT"
8c36375b-c0cf-4c04-bd06-647e04576191,RC-946104,2353304148786,Rack Centre Logistics NGO/Gte,Manufacturing,NGO/Gte,1150124438.2547472,835941216.7983636,236281170.75958422,250782365.03950906,33437648.671934545,860,108466779.55393957,20586547.638568953,06-May-2012,2012,11-Nov-2025,Oyo,Egbeda,www.rackcentrelogisticsngo/gte.ng,"CIT,VAT,WHT,CGT"
60abfa91-b4b9-4c4e-a3a3-b6c606b62501,RC-913960,4622258040070,Sterling Enterprises LLP,Manufacturing,LLP,2279249810.9638667,1331723230.4038322,362207294.2859794,399516969.12114966,53268929.21615329,1068,351122872.0679331,97026800.1036619,01-Oct-2021,2021,01-Feb-2024,Delta,Uyo,www.sterlingenterprisesllp.com.ng,"CIT,VAT,WHT,CGT"
02656a2c-876c-40a2-ab9c-8b16e67959ba,RC-355828,8220786515037,Sterling Bank Nigeria LLP,Fintech,LLP,927246519.725414,508498342.75307983,135632402.55826277,152549502.82592395,20339933.710123193,924,208235832.00891235,26570896.697529778,13-Aug-2016,2016,17-Aug-2024,Abuja (FCT),Kwali,www.sterlingbanknigeriallp.com.ng,"CIT,VAT,WHT,CGT"
65687be4-18fa-4e0f-9fe0-21832bc497bc,RC-662885,7743175084522,Eroton Holdings LLP,Tech,LLP,4397345786.401777,3673600941.3322077,992063527.5737107,1102080282.3996623,146944037.6532883,532,124208858.8576081,136985930.16479293,16-Oct-2019,2019,02-Nov-2025,Kwara,Ilorin West,www.erotonholdingsllp.com.ng,"CIT,VAT,WHT,CGT"
449a1fdb-43f4-472f-b97f-778266cedff7,RC-476393,2753747281718,MTN Group LLP,Manufacturing,LLP,2770072295.6982837,1434948476.541211,284211684.5056688,430484542.96236324,57397939.061648436,1003,306655762.69322926,13273789.891580747,21-Aug-2019,2019,10-Apr-2024,Ogun,Ijebu Ode,www.mtngroupllp.com.ng,"CIT,VAT,WHT,CGT"
3c666360-c3fa-4b28-9058-99a723bcc5a7,RC-603854,8421573812038,Dangote Enterprises Ltd,Energy,Ltd,3740689990.118386,3136818866.6123185,491912702.3561471,941045659.9836955,125472754.66449274,470,155466589.82284907,84924033.80209836,30-Jan-2017,2017,08-Jul-2025,Rivers,Ikwerre,www.dangoteenterprisesltd.net.ng,"CIT,VAT,WHT,CGT"
74b29416-d63d-40be-99ac-75438530cf87,RC-307248,5401621850885,Eroton Resources NGO/Gte,Tech,NGO/Gte,4578848895.596919,3458291590.1453586,963403238.4850891,1037487477.0436075,138331663.60581434,182,48981271.7522992,127683166.4169984,17-Aug-2017,2017,11-Aug-2025,Ogun,Abeokuta North,www.erotonresourcesngo/gte.org.ng,"CIT,VAT,WHT,CGT"
b1244bc9-a1f9-4f51-ac03-84af23be647c,RC-363970,5425257067440,Jumia Nigeria LLP,Agro,LLP,724873446.3603026,703212715.4162955,170357476.8022068,210963814.62488866,28128508.616651822,81,6216761.106864506,38612775.26912799,24-Jul-2022,2022,17-Jun-2025,Enugu,Enugu North,www.jumianigeriallp.com.ng,"CIT,VAT,WHT,CGT"
8b8a8a70-9ed5-4cb2-bd73-feda99e0c844,RC-246279,4423002086301,Ibeto Global Ltd,Energy,Ltd,3050356744.8636093,2924806437.0404143,705679657.2717876,877441931.1121243,116992257.48161657,1066,143842815.74577224,208158574.8181484,15-Aug-2016,2016,16-Jun-2024,Abuja (FCT),Abaji,www.ibetogloballtd.com.ng,"CIT,VAT,WHT,CGT"
c1b4d9e4-163a-4952-a7e3-ed920e66b1ad,RC-768952,2571363522728,FBN Resources LLP,Manufacturing,LLP,3459076584.813181,2088040971.5056944,369338970.7999911,626412291.4517083,83521638.86022778,1118,235959503.50237757,134084123.5535283,27-Dec-2013,2013,05-Jul-2024,Delta,Uyo,www.fbnresourcesllp.com.ng,"CIT,VAT,WHT,CGT"
5cd2f7dd-cc4d-4521-a3f2-07f84870dc6f,RC-769156,8021164353745,Semicolon Africa West Africa Ltd,Energy,Ltd,3513229385.4591174,3390315677.943072,877000767.2567604,1017094703.3829215,135612627.11772287,1166,476887027.5001087,93094011.90437113,28-Jul-2011,2011,23-Jun-2025,Kaduna,Kaduna North,www.semicolonafricawestafricaltd.net.ng,"CIT,VAT,WHT,CGT"
225b8dbf-2fae-4163-9ef9-76b59ac14030,RC-114218,8777407445708,Kuda Networks LLP,Agro,LLP,3583675220.722065,2865445249.9109063,685117466.2405678,859633574.9732718,114617809.99643625,1113,374835111.0728865,103779593.31641,04-Aug-2023,2023,27-Nov-2025,Edo,Oredo,www.kudanetworksllp.com.ng,"CIT,VAT,WHT,CGT"
d9f2392b-1431-411f-974d-b832817a0945,RC-571715,7278540883226,OPay Technologies LLP,Tech,LLP,1606087998.2927816,974317512.89556,352257945.07608,292295253.868668,38972700.5158224,259,46800543.08166241,37899809.06915989,26-Jan-2013,2013,16-Sep-2024,Abuja (FCT),Abuja Municipal,www.opaytechnologiesllp.com.ng,"CIT,VAT,WHT,CGT"
de8d9a08-a02f-4e0a-8f3f-af3346ce177b,RC-499836,1364212473282,Access Industries PLC,Retail,PLC,3869606314.6107426,2298218648.3945317,454756368.71501356,689465594.5183595,91928745.93578127,250,120202022.31069085,2225615.6636197525,03-Aug-2022,2022,12-Dec-2025,Lagos,Agege,www.accessindustriesplc.ng,"CIT,VAT,WHT,CGT"
327dcb3e-ea13-4341-be92-67271ab542ac,RC-503898,5223181808708,Ibeto Solutions LLP,Agro,LLP,4357487285.473635,2886125380.7418017,710842488.5961323,865837614.2225405,115445015.22967207,474,231913133.97760448,56967312.371720195,23-Jan-2023,2023,13-Jul-2025,Anambra,Onitsha North,www.ibetosolutionsllp.com.ng,"CIT,VAT,WHT,CGT"
16f85032-8e1e-410b-9a58-07567366485c,RC-708521,4375525518438,Union Bank Enterprises Ltd,Energy,Ltd,177633819.29334694,115085476.61721286,43684260.54667331,34525642.98516386,4603419.064688515,224,74148785.35051882,1566324.9305927516,22-Jun-2013,2013,30-Apr-2025,Ogun,Ijebu Ode,www.unionbankenterprisesltd.net.ng,"CIT,VAT,WHT,CGT"
59fc698d-7dcd-49bc-8f8c-393a84957e3c,RC-419494,0116136478603,Pointek Systems PLC,Agro,PLC,885734291.6388406,514694490.756912,121237812.58801922,154408347.22707358,20587779.63027648,65,12391068.303201899,927361.0745139958,21-Oct-2020,2020,04-Nov-2024,Rivers,Obio-Akpor,www.pointeksystemsplc.com.ng,"CIT,VAT,WHT,CGT"
a3942eac-61b8-4f6b-8168-a25f395cb5f7,RC-815301,8486637124882,Moniepoint Services PLC,Energy,PLC,3302664511.4468174,3202167194.7999372,655196459.1876587,960650158.4399811,128086687.79199749,118,54138738.260712445,132790597.57415506,24-Jun-2011,2011,03-Apr-2025,Delta,Warri South,www.moniepointservicesplc.ng,"CIT,VAT,WHT,CGT"
331c9bd2-4d28-4b9f-87aa-c1a1f2468320,RC-337431,0470403172283,Paystack West Africa Ltd,Energy,Ltd,3098637655.8380814,1805877482.760732,494360471.01471806,541763244.8282195,72235099.31042928,1123,367159380.5313823,77599029.75511466,04-Jun-2011,2011,21-Mar-2024,Abuja (FCT),Bwari,www.paystackwestafricaltd.com.ng,"CIT,VAT,WHT,CGT"
28be91e5-3e37-46e6-a168-ce83125d7060,RC-581767,0872253416207,Andela Industries LLP,Fintech,LLP,4191393827.0310464,4117895730.2940803,765052558.4919318,1235368719.088224,164715829.2117632,1008,255688583.14322007,295818738.4385576,27-Apr-2014,2014,23-Oct-2025,Akwa Ibom,Uyo,www.andelaindustriesllp.com.ng,"CIT,VAT,WHT,CGT"
75bca200-dddb-4c0c-a2a3-1fd03c516963,RC-677471,8073051126876,Semicolon Technologies Ltd,Retail,Ltd,2114164057.077363,1504590298.1953535,437713876.37505305,451377089.45860606,60183611.92781414,975,142782329.6684163,27336062.059489325,09-Apr-2013,2013,08-Sep-2024,Plateau,Barkin Ladi,www.semicolontechnologiesltd.com.ng,"CIT,VAT,WHT,CGT"
db324350-67a2-4fc9-b617-14a8ae157f61,RC-623902,5716070816824,Globacom Global Ltd,Tech,Ltd,170363507.10230583,168211472.56052968,29611037.94653216,50463441.768158905,6728458.902421188,612,86239476.21919917,4811931.6891409345,01-Jun-2018,2018,18-Nov-2025,Ogun,Ijebu Ode,www.globacomgloballtd.com.ng,"CIT,VAT,WHT,CGT"
8ce2d352-fbc0-4d5f-85a1-d4c0ef967b9d,RC-835638,8113423740586,AltSchool Technologies LLP,Fintech,LLP,551017415.544257,350445126.77060777,59821342.58230015,105133538.03118233,14017805.07082431,956,141508681.39881644,150920.481846111,24-Dec-2013,2013,30-Jul-2024,Oyo,Egbeda,www.altschooltechnologiesllp.com.ng,"CIT,VAT,WHT,CGT"
1f0960cb-a54e-49e3-9c9a-886563b506ef,RC-296798,6647641678413,Moniepoint Ventures NGO/Gte,Agro,NGO/Gte,1739352861.825761,1009318155.0096076,346404367.9578036,302795446.50288224,40372726.200384304,1175,173132852.74342448,22471228.53039137,06-Jun-2024,2024,05-Feb-2024,Anambra,Onitsha North,www.moniepointventuresngo/gte.org.ng,"CIT,VAT,WHT,CGT"
24c64976-b113-43b1-bff0-d68d8e90ed13,RC-500675,3630282174164,Eroton Nigeria NGO/Gte,Energy,NGO/Gte,314902015.96083057,193813946.83330014,50230947.23002387,58144184.04999004,7752557.873332006,582,112635138.30570063,2955045.066898317,21-Jun-2025,2025,22-Jun-2024,Edo,Egor,www.erotonnigeriango/gte.org.ng,"CIT,VAT,WHT,CGT"
10854241-2588-4590-bd35-10843996b2e2,RC-441278,7236610307068,Cadbury Solutions NGO/Gte,Tech,NGO/Gte,2088686364.5739596,2085415538.7538655,232472525.9512979,625624661.6261597,83416621.55015463,781,194108337.81328607,94972041.7758466,21-Feb-2020,2020,21-Aug-2024,Kano,Gwale,www.cadburysolutionsngo/gte.org.ng,"CIT,VAT,WHT,CGT"
7afaa00b-b913-48d9-9d72-9f939ccd6401,RC-212626,0547605502068,Interswitch Networks PLC,Tech,PLC,2382136365.506932,2210212215.011382,220412723.4677788,663063664.5034146,88408488.60045528,1010,220042328.73516807,81737115.90657713,03-Aug-2025,2025,24-Oct-2024,Anambra,Onitsha North,www.interswitchnetworksplc.com.ng,"CIT,VAT,WHT,CGT"
0d71a87b-0306-44b9-a37c-93c1b1786550,RC-384033,4434122835613,Pointek Solutions LLP,Retail,LLP,951989525.311129,802927906.0869579,127727136.37757032,240878371.8260874,32117116.243478317,615,301342782.9767042,38946849.011226155,22-Nov-2022,2022,28-Aug-2025,Abuja (FCT),Kwali,www.pointeksolutionsllp.com.ng,"CIT,VAT,WHT,CGT"
57b76cbb-4b81-4b4d-909b-52f8ecd50e9b,RC-264388,1034418204512,Konga Ventures Ltd,Energy,Ltd,2296124212.5241914,1641604643.1517816,482564633.5533652,492481392.94553447,65664185.72607126,760,326010719.6800127,109295367.57057504,14-Dec-2019,2019,02-Aug-2024,Kaduna,Kafanchan,www.kongaventuresltd.com.ng,"CIT,VAT,WHT,CGT"
3138da37-1374-4bb6-bf10-2afff73aadec,RC-505713,8005054012426,Galaxy Backbone Systems PLC,Tech,PLC,4944155824.64619,4384515759.713998,407924611.7687878,1315354727.9141994,175380630.3885599,343,87198568.03849463,282389176.25226694,16-Nov-2019,2019,24-Feb-2024,Ogun,Ijebu Ode,www.galaxybackbonesystemsplc.com.ng,"CIT,VAT,WHT,CGT"
37fe9ac6-9549-4699-89ae-2aa3d6a2b320,RC-194954,1564631817832,Paystack Systems PLC,Agro,PLC,3707105173.6972237,1902855039.567254,588182596.529053,570856511.8701762,76114201.58269016,8,2660018.299923157,101468666.37917921,31-Jan-2023,2023,16-Nov-2024,Lagos,Ifako-Ijaiye,www.paystacksystemsplc.ng,"CIT,VAT,WHT,CGT"
99c949e0-694a-4aa1-9fe1-5c37de33a2df,RC-984992,6880175742702,Paystack Group NGO/Gte,Manufacturing,NGO/Gte,122414839.78276105,66228084.20950194,10033031.751886062,19868425.26285058,0.0,903,395332541.59125054,3834777.270906396,07-Apr-2013,2013,18-May-2024,Ogun,Abeokuta South,www.paystackgroupngo/gte.org.ng,"CIT,VAT,WHT,CGT"
36b60d92-39ec-4f4a-930d-e1e078668a99,RC-596980,5651854305770,Dangote Global NGO/Gte,Agro,NGO/Gte,1148881349.9689984,686348367.4464489,253113261.34785423,205904510.23393467,27453934.697857957,797,78642918.08898067,9463098.855775446,10-May-2015,2015,01-Apr-2024,Rivers,Obio-Akpor,www.dangoteglobalngo/gte.org.ng,"CIT,VAT,WHT,CGT"
2cc48ef9-74a8-4f80-8a0d-a39feb9d42c3,RC-859836,5723018847162,Interswitch Ventures Ltd,Energy,Ltd,36521272.47834979,32793517.487050984,8489339.229232833,0.0,0.0,775,307020381.0270731,1996527.1651448193,21-Jul-2020,2020,16-Jul-2024,Delta,Uyo,www.interswitchventuresltd.com.ng,"CIT,VAT,WHT,CGT"
a21a7345-e1b5-4642-ac9c-36d76d0cb92e,RC-405161,8743470443156,Elizade Nigeria Ltd,Manufacturing,Ltd,3775459800.4576573,3771858903.8161793,783476578.2047209,1131557671.1448538,150874356.15264717,875,254488468.70783362,27802976.874579147,07-Mar-2011,2011,30-Nov-2024,Plateau,Jos North,www.elizadenigerialtd.net.ng,"CIT,VAT,WHT,CGT"
aa370a1a-6acd-4a34-afb5-e22887e7b3fb,RC-869377,7863356466241,Palmpay West Africa Ltd,Retail,Ltd,2393553197.5738893,1629124124.6079645,484990935.9842375,488737237.3823893,65164964.984318584,433,74766124.46743786,66278871.91519235,02-Jul-2012,2012,25-Feb-2024,Lagos,Oshodi-Isolo,www.palmpaywestafricaltd.net.ng,"CIT,VAT,WHT,CGT"
e826e2ed-3eb1-45ed-a7b0-aaf51c5882de,RC-651054,6555840003374,GTBank West Africa LLP,Tech,LLP,963993988.8550193,830024646.3806125,195924150.59709755,249007393.91418374,33200985.8552245,166,79503435.37751648,58778649.24923092,05-Oct-2021,2021,07-Jun-2024,Kano,Gwale,www.gtbankwestafricallp.com.ng,"CIT,VAT,WHT,CGT"
11f10229-e2ad-4b9b-9cc0-3d09704e37e4,RC-307498,3004441087620,Glovo Solutions NGO/Gte,Manufacturing,NGO/Gte,324892488.2365941,288535101.1602157,75606470.63859075,86560530.3480647,11541404.046408627,691,137129212.29405105,7033309.917981997,07-Feb-2024,2024,01-Jun-2025,Lagos,Kosofe,www.glovosolutionsngo/gte.org.ng,"CIT,VAT,WHT,CGT"
32384ce8-a2a2-4470-927d-8039c01b7ca8,RC-975874,7182731621228,Opay Ventures PLC,Manufacturing,PLC,2683279931.6668916,2509674397.577984,664822005.8551118,752902319.2733952,100386975.90311936,536,59577273.30802586,45853682.55714589,23-Apr-2014,2014,01-Sep-2024,Kaduna,Kafanchan,www.opayventuresplc.com.ng,"CIT,VAT,WHT,CGT"
085bfe08-7293-498a-9961-1770db626b5e,RC-915704,7445458484500,Decagon Services PLC,Tech,PLC,1394067518.6479926,1333717665.4600382,264725171.6960373,400115299.63801146,53348706.61840153,886,353886670.63418734,88327219.0104406,05-Dec-2016,2016,08-Dec-2024,Plateau,Jos South,www.decagonservicesplc.com.ng,"CIT,VAT,WHT,CGT"
b47e7c41-66d4-4280-868f-084c36d69b93,RC-542507,6188551004800,Slot Logistics LLP,Energy,LLP,3031333418.271942,2968146282.149202,701921119.2656615,890443884.6447605,118725851.28596808,233,101554493.04800248,115735387.99907343,08-Nov-2020,2020,19-Oct-2025,Akwa Ibom,Uyo,www.slotlogisticsllp.com.ng,"CIT,VAT,WHT,CGT"
5676cfce-6bea-47e6-a663-7c8815a2b15b,RC-931596,3152515777232,Spar Group NGO/Gte,Tech,NGO/Gte,628404973.9936821,367241137.9326046,122605550.42501414,110172341.37978138,14689645.517304184,792,328074305.0845831,16065527.714190658,26-Mar-2023,2023,03-Feb-2024,Anambra,Onitsha North,www.spargroupngo/gte.ng,"CIT,VAT,WHT,CGT"
4358c4a1-5a3b-43ba-bfb3-4d13c3b684c6,RC-504791,0050310811127,Airtel Services LLP,Agro,LLP,2726263858.6044993,1897433346.9455926,418159857.9117341,569230004.0836778,75897333.87782371,526,92933586.99924761,82289969.66233788,15-Apr-2012,2012,28-Jul-2024,Kano,Gwale,www.airtelservicesllp.com.ng,"CIT,VAT,WHT,CGT"
1d3a8008-3f10-4da2-b941-3b57ceb9a5d2,RC-185938,7810408303533,Cadbury Networks Ltd,Retail,Ltd,142283598.85031232,135210196.10452753,20355273.295901917,40563058.83135826,5408407.844181102,378,163461583.6241883,3331815.5395414955,12-Aug-2012,2012,29-Nov-2024,Enugu,Enugu North,www.cadburynetworksltd.com.ng,"CIT,VAT,WHT,CGT"
30152a45-e2d5-425b-8c2e-96b1f00bbb76,RC-155754,5148064530578,Rack Centre Technologies NGO/Gte,Fintech,NGO/Gte,1990762282.3164735,1775092071.6979787,276345923.0914268,532527621.5093936,71003682.86791915,919,438888081.25282985,77046732.30271453,03-Apr-2025,2025,18-Dec-2025,Kano,Tarauni,www.rackcentretechnologiesngo/gte.org.ng,"CIT,VAT,WHT,CGT"
fac389a5-5e90-4957-b72e-642f40cbe826,RC-993830,1351686246723,Cadbury Enterprises LLP,Energy,LLP,617277913.1778402,582524082.2927841,59845576.275835775,174757224.68783522,23300963.291711364,697,240410279.17448452,2272745.336020775,01-Oct-2023,2023,04-Jan-2026,Abuja (FCT),Abuja Municipal,www.cadburyenterprisesllp.com.ng,"CIT,VAT,WHT,CGT"
76acd64b-2004-4842-b46d-d8e985decbc9,RC-601730,0547818863536,Konga Services Ltd,Energy,Ltd,3327540655.1975427,3228372359.1197395,613984261.9053859,968511707.7359219,129134894.36478959,792,255936800.5148015,32717495.14039942,25-Dec-2024,2024,18-Mar-2025,Enugu,Udi,www.kongaservicesltd.net.ng,"CIT,VAT,WHT,CGT"
8d7cac26-5b6d-4341-b129-137a4d9b2100,RC-700390,1478487466103,Kuda Systems Ltd,Energy,Ltd,4084403523.9431987,3054853920.0552554,897572335.070351,916456176.0165766,122194156.80221021,950,444620280.677399,161868672.74426097,27-Sep-2025,2025,02-Oct-2025,Abuja (FCT),Gwagwalada,www.kudasystemsltd.com.ng,"CIT,VAT,WHT,CGT"
32eb1af2-d99b-4fa4-8732-7bb1f4303631,RC-372427,0015642234037,Airtel Ventures NGO/Gte,Tech,NGO/Gte,2252823517.61775,1306754422.3166015,211751525.6317508,392026326.69498044,52270176.89266406,110,29577079.87997226,34327614.24820406,05-Jan-2013,2013,24-Mar-2025,Rivers,Okrika,www.airtelventuresngo/gte.ng,"CIT,VAT,WHT,CGT"
92a8f239-cd13-49bb-8994-609e403042aa,RC-460276,4106701167138,Kuda Resources PLC,Tech,PLC,4599848907.292842,4448555177.713789,402391179.68225527,1334566553.3141367,177942207.10855156,1144,336036639.2813276,270539123.9819834,20-Jun-2023,2023,15-Apr-2025,Plateau,Barkin Ladi,www.kudaresourcesplc.com.ng,"CIT,VAT,WHT,CGT"
b8906045-671a-4434-8e8a-67d5c8c98419,RC-188849,2134467654118,ABC Transport Holdings NGO/Gte,Fintech,NGO/Gte,1626323667.6854935,1209154914.4297247,140829706.0267823,362746474.3289174,48366196.57718899,892,310766274.7867804,8339258.160192842,02-Jun-2024,2024,15-Oct-2025,Lagos,Agege,www.abctransportholdingsngo/gte.org.ng,"CIT,VAT,WHT,CGT"
ec0017ab-24ef-4e5e-ae7f-a7406321fcfa,RC-300421,0402531161137,Interswitch Ventures LLP,Manufacturing,LLP,3978278531.1908092,2893910538.69096,343074118.7698545,868173161.607288,115756421.5476384,607,100317287.6257869,123112010.00641668,21-May-2012,2012,12-Dec-2024,Delta,Ughelli North,www.interswitchventuresllp.com.ng,"CIT,VAT,WHT,CGT"
b36c8df6-43ef-4778-a509-9d0ea0987265,RC-137209,3317541517223,Sterling Bank Resources PLC,Tech,PLC,4356989635.17671,4167893262.549714,774749227.2478055,1250367978.7649143,166715730.50198856,865,90801476.83629164,158298550.91646495,31-Jan-2016,2016,12-Jun-2025,Kaduna,Kaduna North,www.sterlingbankresourcesplc.com.ng,"CIT,VAT,WHT,CGT"
688a1ead-f3fb-472a-a29f-5ebce6755a23,RC-488131,4355506603344,Rack Centre Networks NGO/Gte,Fintech,NGO/Gte,4344307838.140174,2730427378.422395,893453303.1706703,819128213.5267185,109217095.1368958,92,41038385.81177584,1681986.0726154833,09-Feb-2012,2012,30-Aug-2024,Kwara,Ilorin West,www.rackcentrenetworksngo/gte.org.ng,"CIT,VAT,WHT,CGT"
fdf22a85-e8f9-463f-b98e-9664bd9e42ca,RC-530323,6003577850153,Moniepoint Ventures LLP,Tech,LLP,1512128597.1825383,1018798710.8352584,179857686.78453305,305639613.2505775,40751948.43341034,147,24244240.37260817,24144726.700209767,11-Jan-2018,2018,24-Dec-2025,Kwara,Offa,www.moniepointventuresllp.com.ng,"CIT,VAT,WHT,CGT"
cf66a809-4f45-4856-8a25-1b1dc1b38fc3,RC-580341,6844457536825,TotalEnergies Networks PLC,Tech,PLC,428726668.01185405,346044201.11169297,74227543.76986267,103813260.33350788,13841768.04446772,472,161121661.4452656,10445632.532110212,21-Aug-2025,2025,31-May-2025,Lagos,Kosofe,www.totalenergiesnetworksplc.com.ng,"CIT,VAT,WHT,CGT"
4431328a-358f-44fb-bf17-3b2e3f7daab9,RC-357202,8540504787056,Filmhouse Services LLP,Fintech,LLP,694274737.5518409,423249884.3307249,66712756.68690412,126974965.29921746,16929995.373228997,836,318735526.559483,1161757.000013274,25-Sep-2011,2011,26-Mar-2024,Lagos,Ifako-Ijaiye,www.filmhouseservicesllp.com.ng,"CIT,VAT,WHT,CGT"
3d687c82-f50b-4651-8e76-02eba0ec3583,RC-806734,4380433506705,Moniepoint Holdings LLP,Fintech,LLP,1459845368.9588695,1192323914.7782683,293717904.0566652,357697174.4334805,47692956.59113073,218,56759157.281790785,62946220.43546135,16-Nov-2022,2022,11-Mar-2024,Lagos,Lagos Island,www.moniepointholdingsllp.com.ng,"CIT,VAT,WHT,CGT"
81c5872b-2581-44ef-939c-7eaa4bcce234,RC-788162,1102273702742,Spar Holdings PLC,Fintech,PLC,3647832951.890736,3068401308.0351467,703020256.0763279,920520392.410544,122736052.32140587,932,275207155.3041686,225040819.90275744,28-Aug-2017,2017,05-Apr-2025,Edo,Ikpoba-Okha,www.sparholdingsplc.com.ng,"CIT,VAT,WHT,CGT"
1ee2277b-850d-4649-855a-01aea0586c6a,RC-584428,0373006175326,Sterling Resources PLC,Agro,PLC,769436754.6681256,593354181.3056326,186782842.77982515,178006254.39168978,23734167.252225306,229,78989132.23633918,10773536.240455765,13-Dec-2021,2021,16-Oct-2024,Enugu,Nsukka,www.sterlingresourcesplc.com.ng,"CIT,VAT,WHT,CGT"
b1633b4f-254f-4555-a4d4-c072c3d8c31a,RC-182928,0381062683128,Oando Systems NGO/Gte,Agro,NGO/Gte,2799249686.1188602,2638829770.775038,609759785.1673198,791648931.2325113,105553190.83100152,861,42784962.46344981,355670.94230986916,13-Sep-2012,2012,06-Dec-2024,Kaduna,Zaria,www.oandosystemsngo/gte.ng,"CIT,VAT,WHT,CGT"
b714a0f1-b70d-48ff-a236-95dddea1b75b,RC-775409,6211542752074,Kuda Services NGO/Gte,Agro,NGO/Gte,4952200940.466842,2827152038.2530365,406998964.41802114,848145611.4759109,113086081.53012146,480,41293243.93500068,188198033.16526723,28-May-2011,2011,19-Feb-2024,Kaduna,Kaduna South,www.kudaservicesngo/gte.org.ng,"CIT,VAT,WHT,CGT"
447f7295-05d7-4375-83de-45aa481fdf4a,RC-336015,8740084816817,Moniepoint Solutions LLP,Tech,LLP,872206923.1648407,467154695.607412,140855282.81783047,140146408.6822236,18686187.82429648,909,425690461.0501281,21442699.860940453,26-Jan-2020,2020,18-Mar-2024,Lagos,Ikeja,www.moniepointsolutionsllp.com.ng,"CIT,VAT,WHT,CGT"
16843d7b-5fc2-4573-a61c-058abbbdf38e,RC-944652,8378034333755,Union Bank Global NGO/Gte,Fintech,NGO/Gte,1167021262.1475008,1119329060.2951694,139287684.21127343,335798718.0885508,44773162.41180678,1107,518314001.85184234,32249833.286054853,07-Jul-2018,2018,17-Jun-2024,Abuja (FCT),Kwali,www.unionbankglobalngo/gte.org.ng,"CIT,VAT,WHT,CGT"
c3578b79-e67b-4449-8ae1-c0ba61f68268,RC-310323,7211452312728,Seplat Group LLP,Agro,LLP,3995788198.536758,3233156121.219024,367124970.7544013,969946836.3657072,129326244.84876098,600,127365628.49435249,218972577.84620914,05-Jul-2011,2011,05-Jan-2026,Delta,Warri South,www.seplatgroupllp.com.ng,"CIT,VAT,WHT,CGT"
a2105d0e-e054-4c2c-b448-fc5336475588,RC-383999,6537307185236,Silverbird Solutions Ltd,Agro,Ltd,3922987542.9530683,3223594832.1313324,801060480.4065986,967078449.6393996,128943793.2852533,377,156420618.26409993,69922124.7050019,12-May-2023,2023,30-Sep-2025,Ogun,Abeokuta North,www.silverbirdsolutionsltd.com.ng,"CIT,VAT,WHT,CGT"
396a4bc6-0c27-458e-bbe2-e7bd3d774d54,RC-922524,1338328085357,Zenith Industries LLP,Tech,LLP,500011256.3274735,344396282.3017474,121112414.10985309,103318884.6905242,13775851.292069895,776,229128470.21118695,3421292.2684644675,30-May-2017,2017,31-Jan-2024,Ogun,Abeokuta North,www.zenithindustriesllp.com.ng,"CIT,VAT,WHT,CGT"
21704792-223c-44f8-841c-1afd95d4491f,RC-990145,0260585132021,Dangote Sugar Nigeria Ltd,Tech,Ltd,3419441780.9665403,3032949775.6242585,561693114.3155619,909884932.6872776,121317991.02497034,472,68826440.2871842,119776917.97260165,24-Jun-2017,2017,22-Nov-2024,Plateau,Jos South,www.dangotesugarnigerialtd.com.ng,"CIT,VAT,WHT,CGT"
bb01c0ba-93fc-4131-a5dd-1d7bde58581a,RC-751765,6333674423174,Zenith Bank Industries LLP,Manufacturing,LLP,1725594401.905812,1563138053.1788294,301099297.2760612,468941415.9536488,62525522.12715318,106,21522656.092741393,17537003.622269776,27-Jan-2017,2017,06-Jul-2024,Rivers,Eleme,www.zenithbankindustriesllp.com.ng,"CIT,VAT,WHT,CGT"
d8ed9c27-6d45-4b99-be5e-2b029345476b,RC-825857,7180841611116,Semicolon Africa Solutions PLC,Agro,PLC,219379300.65439168,191098184.89656952,30989400.71730294,57329455.46897086,7643927.3958627805,161,5723019.274635735,5479814.202400325,03-Dec-2015,2015,07-Apr-2024,Kaduna,Zaria,www.semicolonafricasolutionsplc.ng,"CIT,VAT,WHT,CGT"
a2a98bea-9bab-452a-9b4d-e9bd3bace6a3,RC-867768,5661275328734,GTCO Nigeria PLC,Tech,PLC,2706446124.587241,1965469178.4725125,570489375.0031453,589640753.5417538,78618767.1389005,696,155822911.71597216,91223299.95139381,27-Mar-2017,2017,28-May-2024,Oyo,Ibadan South-West,www.gtconigeriaplc.com.ng,"CIT,VAT,WHT,CGT"
7d5eb1f3-9a5a-4469-b508-3d508f16b1f4,RC-969138,6223012306163,Ibeto Global NGO/Gte,Fintech,NGO/Gte,1618667974.5929084,1438575112.3987305,382226414.62757325,431572533.71961915,57543004.49594922,727,94877093.72305268,76000020.47772709,03-Nov-2022,2022,14-Apr-2025,Abuja (FCT),Abaji,www.ibetoglobalngo/gte.org.ng,"CIT,VAT,WHT,CGT"
4fbc5ba9-ce05-4ead-99f1-87f9b3f8f1e3,RC-694942,6637460025585,Moniepoint Global PLC,Agro,PLC,1049591268.5129367,686777402.0117171,123067093.45436686,206033220.60351512,27471096.080468684,756,57346653.20497448,43911465.80474566,15-Mar-2011,2011,01-Mar-2024,Abuja (FCT),Abuja Municipal,www.moniepointglobalplc.com.ng,"CIT,VAT,WHT,CGT"
f335a079-acfc-4561-b40d-763b934ad0f4,RC-674761,2226016224260,Union Bank Logistics Ltd,Retail,Ltd,4440857764.411267,4352915650.859929,775627134.2039309,1305874695.2579787,174116626.03439716,291,35369319.28175408,207687722.29791313,29-Nov-2023,2023,19-May-2025,Kaduna,Kaduna North,www.unionbanklogisticsltd.com.ng,"CIT,VAT,WHT,CGT"
62db20d4-65e4-42ec-baf8-7ad4db1f0972,RC-870747,7642481577345,Slot Global NGO/Gte,Agro,NGO/Gte,1034876128.407445,1017362042.995736,225598690.16789505,305208612.8987208,40694481.71982944,652,228669937.56505042,69830890.36281726,06-Oct-2022,2022,23-Jun-2025,Akwa Ibom,Ikot Ekpene,www.slotglobalngo/gte.org.ng,"CIT,VAT,WHT,CGT"
89ac541b-5e99-4708-a9aa-007f471af280,RC-493817,1007034560450,FBN Nigeria PLC,Retail,PLC,691833367.9424627,622769407.4187614,170652537.39915144,186830822.2256284,24910776.296750456,554,144042639.13893726,40643776.04326932,11-Mar-2013,2013,09-Sep-2024,Kano,Kano Municipal,www.fbnnigeriaplc.com.ng,"CIT,VAT,WHT,CGT"
bc9775c9-d5de-4bac-997e-539c794459ca,RC-951171,8125168716821,BUA Systems NGO/Gte,Agro,NGO/Gte,3205178974.5366845,2456674365.2784176,602111737.2450969,737002309.5835253,98266974.6111367,837,198234152.03627566,59309034.779779166,24-Sep-2020,2020,25-May-2025,Kwara,Ilorin West,www.buasystemsngo/gte.org.ng,"CIT,VAT,WHT,CGT"
eef51d0c-5425-4648-b15a-05c45d8ab6cc,RC-208870,6107777428887,OPay Logistics LLP,Fintech,LLP,323854673.81901443,173677067.95220333,57780625.99082596,52103120.385661,6947082.718088133,464,82053224.66460963,4157418.7499161684,22-Oct-2013,2013,28-Dec-2025,Kaduna,Kafanchan,www.opaylogisticsllp.com.ng,"CIT,VAT,WHT,CGT"
bf30dad3-50e2-4848-af98-d8f7de523847,RC-558927,8780606446875,Elizade Group PLC,Fintech,PLC,79294952.30075271,67963617.62563932,16022604.03663181,20389085.287691794,0.0,16,2932873.0779766333,4049993.5378504316,25-Nov-2021,2021,26-Apr-2024,Edo,Oredo,www.elizadegroupplc.ng,"CIT,VAT,WHT,CGT"
f7af7758-5eab-4208-b438-f63341ea85d6,RC-224533,0036764282788,Kuda Ventures Ltd,Fintech,Ltd,2447585417.211975,1874289977.8020341,307116027.6376847,562286993.3406103,74971599.11208136,1124,441192203.89488417,120297132.33569059,19-Sep-2016,2016,01-Jan-2026,Rivers,Obio-Akpor,www.kudaventuresltd.com.ng,"CIT,VAT,WHT,CGT"
a6479fb7-6f9e-4207-aec7-a2ab5a5c4c44,RC-284463,7514868506013,MTN Enterprises NGO/Gte,Fintech,NGO/Gte,838260239.0217098,754560672.4194021,147597023.671563,226368201.72582063,30182426.896776084,979,176918404.74839956,44648517.73425872,01-Feb-2024,2024,25-Feb-2025,Kano,Kano Municipal,www.mtnenterprisesngo/gte.org.ng,"CIT,VAT,WHT,CGT"
5affa2c0-1a3a-4c9b-bec2-19396c8d6326,RC-702199,7656551602501,Mikano Technologies NGO/Gte,Energy,NGO/Gte,247228707.5915601,156013055.612534,28972551.211536743,46803916.683760196,6240522.224501359,380,77683271.70365357,1020849.8205531866,28-Jul-2020,2020,01-Mar-2024,Kaduna,Kaduna South,www.mikanotechnologiesngo/gte.org.ng,"CIT,VAT,WHT,CGT"
543d3850-195a-4205-ae1b-60833534c3d8,RC-529480,1447372620801,Access Technologies NGO/Gte,Manufacturing,NGO/Gte,4441022586.297923,3543145702.870642,811684781.7134246,1062943710.8611926,141725828.1148257,1048,62781547.8576761,253738924.52851743,16-Apr-2011,2011,09-Jan-2025,Rivers,Obio-Akpor,www.accesstechnologiesngo/gte.org.ng,"CIT,VAT,WHT,CGT"
ba3e97ec-b8a3-4048-94da-11412bed6a28,RC-309184,0320445234720,Seplat Technologies LLP,Tech,LLP,4013855366.3500953,2536568998.5175033,882270297.4435109,760970699.555251,101462759.94070013,937,134224283.76090708,140215238.14205337,22-Dec-2017,2017,02-Sep-2024,Plateau,Jos North,www.seplattechnologiesllp.com.ng,"CIT,VAT,WHT,CGT"
e399ce3e-bd05-4b92-bdba-7d12bb6755b9,RC-563973,7326572015646,Globacom Resources Ltd,Tech,Ltd,1208103636.7042058,755242413.224284,255711261.27298066,226572723.96728522,30209696.528971363,578,97435079.96148378,5729576.187104235,04-Apr-2012,2012,04-Nov-2025,Lagos,Agege,www.globacomresourcesltd.net.ng,"CIT,VAT,WHT,CGT"
d0025108-ea46-48a3-b2e8-1650392f6dd3,RC-651746,7537272702776,Access Bank Solutions Ltd,Agro,Ltd,4532373993.100129,3770420925.45984,809739133.8635931,1131126277.6379519,150816837.0183936,1100,267445096.3476446,142351338.89883953,14-Nov-2018,2018,09-Apr-2024,Abuja (FCT),Kwali,www.accessbanksolutionsltd.com.ng,"CIT,VAT,WHT,CGT"
d6120b21-a089-4482-afd3-2e7c94012fed,RC-275900,6050165710574,Sterling Bank Technologies Ltd,Retail,Ltd,1197218745.5010211,621888733.9097964,121487145.54375978,186566620.1729389,24875549.356391855,104,51520312.170923926,11307475.543276789,04-Jul-2016,2016,27-Jan-2025,Abuja (FCT),Kuje,www.sterlingbanktechnologiesltd.com.ng,"CIT,VAT,WHT,CGT"
cfedbbb0-d564-4d31-b40b-8b48f76e19cc,RC-664821,4376776751757,Coscharis Services Ltd,Manufacturing,Ltd,420534331.1916938,330018588.97381514,67371477.54911315,99005576.69214454,13200743.558952605,489,110081227.93362801,15845573.519008882,05-May-2019,2019,30-Mar-2025,Lagos,Alimosho,www.coscharisservicesltd.net.ng,"CIT,VAT,WHT,CGT"
0dded591-21cd-475c-9469-d62b30b7b309,RC-669438,4678178384372,Opay Networks PLC,Energy,PLC,64658178.063353226,57874926.74070064,5985765.679188052,17362478.022210192,0.0,318,73799750.31824327,2679094.5979668275,29-Jun-2017,2017,05-May-2024,Edo,Ikpoba-Okha,www.opaynetworksplc.com.ng,"CIT,VAT,WHT,CGT"
06053d31-add0-45a3-8bff-9675cc5a9f45,RC-779743,1277208543241,MTN Technologies PLC,Tech,PLC,4099548859.054599,3913808848.6957445,864121471.3338807,1174142654.6087234,156552353.94782978,856,409681435.769802,171720941.38899255,22-Dec-2017,2017,04-Aug-2024,Kwara,Ilorin East,www.mtntechnologiesplc.ng,"CIT,VAT,WHT,CGT"
5bdc4581-f971-45c3-bf97-239d582fc1d1,RC-768260,6375502121566,Galaxy Backbone West Africa NGO/Gte,Tech,NGO/Gte,4829729826.596149,3635432440.72764,498843112.4600507,1090629732.218292,145417297.6291056,740,108794620.3151876,16456028.261526179,27-Jul-2020,2020,14-Oct-2024,Delta,Sapele,www.galaxybackbonewestafricango/gte.ng,"CIT,VAT,WHT,CGT"
2320e717-db6d-4b28-9dde-c67db41695a0,RC-790432,7261236352141,BUA Cement Group PLC,Tech,PLC,2772413687.2477193,2241337829.696817,420120330.08253986,672401348.9090451,89653513.18787268,1087,517204547.24162644,58045364.46210356,31-Jan-2021,2021,12-Feb-2024,Delta,Ughelli North,www.buacementgroupplc.ng,"CIT,VAT,WHT,CGT"
9b335abc-81af-411e-b545-1bdf278e30c4,RC-632758,7702626885176,UBA Services LLP,Manufacturing,LLP,4656474552.207259,2767496392.036734,683087851.3097318,830248917.6110202,110699855.68146937,467,167750296.27960265,18401110.693271533,25-Jan-2016,2016,25-Mar-2025,Oyo,Ibadan North,www.ubaservicesllp.com.ng,"CIT,VAT,WHT,CGT"
703d0c6e-c316-4830-b2a1-b9417b476107,RC-988228,1224340177284,PiggyVest Holdings PLC,Retail,PLC,3989278948.188366,3488663939.1785016,779872653.0467505,1046599181.7535504,139546557.56714007,738,233971766.62880948,193710492.55956623,13-Nov-2018,2018,27-May-2025,Kwara,Ilorin West,www.piggyvestholdingsplc.com.ng,"CIT,VAT,WHT,CGT"
b47d1e82-d5bc-4868-aa08-4be36f62d6f2,RC-534756,0370481652435,Zenith Bank Systems NGO/Gte,Manufacturing,NGO/Gte,1749196649.4896069,956820742.9210751,371757685.90887594,287046222.8763225,38272829.716843,464,19297990.685899936,11559209.814157432,04-May-2021,2021,31-Dec-2024,Kano,Tarauni,www.zenithbanksystemsngo/gte.ng,"CIT,VAT,WHT,CGT"
ac268878-c4ba-4677-856d-a81c61c0321a,RC-548489,5606671413013,First Bank Industries LLP,Agro,LLP,2763015494.770858,2173178122.188593,578360499.9161029,651953436.6565778,86927124.88754372,1178,333990499.1587996,60155875.10653973,17-Sep-2022,2022,27-Aug-2025,Enugu,Udi,www.firstbankindustriesllp.com.ng,"CIT,VAT,WHT,CGT"
4b86c56f-3dd5-48e9-b74d-4931ddd419fa,RC-180915,2265352581001,Oando Enterprises Ltd,Tech,Ltd,4492777295.121407,4442762802.185188,630677970.2894714,1332828840.6555564,177710512.08740753,572,199233340.21875283,254737129.09404302,27-Nov-2017,2017,07-Jun-2025,Lagos,Oshodi-Isolo,www.oandoenterprisesltd.net.ng,"CIT,VAT,WHT,CGT"
46eecf22-e9d7-49dd-a07b-a8f0a0277493,RC-926329,3370662602052,Kuda Logistics Ltd,Retail,Ltd,4090125405.766342,3062294321.9729233,726065015.788626,918688296.591877,122491772.87891693,737,332962307.8859378,185050038.82540724,30-Sep-2018,2018,18-Mar-2024,Rivers,Ikwerre,www.kudalogisticsltd.net.ng,"CIT,VAT,WHT,CGT"
0efc25db-3024-4643-ad04-6ccd607b5bdd,RC-142490,1557507302558,Seplat Solutions Ltd,Retail,Ltd,354593085.4686617,337926483.8596367,82509494.82707772,101377945.15789102,13517059.35438547,473,111548507.68121897,22603112.949638955,30-Sep-2011,2011,08-Aug-2025,Rivers,Obio-Akpor,www.seplatsolutionsltd.net.ng,"CIT,VAT,WHT,CGT"
dbb027e6-4052-4372-9575-c630f7104b0c,RC-329190,5751303550000,Zenith Bank Systems LLP,Fintech,LLP,3484016346.5441732,2984792955.706308,544257699.8473295,895437886.7118924,119391718.22825232,364,68128262.83231558,37518324.02740353,31-Dec-2019,2019,15-Apr-2025,Abuja (FCT),Gwagwalada,www.zenithbanksystemsllp.com.ng,"CIT,VAT,WHT,CGT"
fd5672fe-1a05-4925-b624-ab2192ba8511,RC-386444,8630735571315,Nestle Networks PLC,Retail,PLC,2086897016.3064811,1231443424.588606,221829687.3369475,369433027.37658185,49257736.983544245,77,16077564.53818127,11786987.277863255,01-Jun-2017,2017,04-May-2025,Edo,Oredo,www.nestlenetworksplc.ng,"CIT,VAT,WHT,CGT"
a0f0524d-5128-4866-8c16-59beedc34dcd,RC-684907,5514877446438,Zenith Bank Global Ltd,Fintech,Ltd,3557366741.935454,3415425268.3339953,317693655.5688643,1024627580.5001986,136617010.7333598,582,274609740.4944228,72549159.4443627,30-May-2024,2024,24-Sep-2025,Kano,Gwale,www.zenithbankgloballtd.net.ng,"CIT,VAT,WHT,CGT"
9f858aa9-ca46-4370-88d4-d4266f64fce7,RC-378335,2533464215780,NLNG Solutions Ltd,Retail,Ltd,2649618134.496304,1471199957.1879663,370317489.9940635,441359987.1563899,58847998.28751866,544,117953010.27352852,26721589.52713842,08-Sep-2015,2015,14-Jan-2025,Lagos,Eti-Osa,www.nlngsolutionsltd.com.ng,"CIT,VAT,WHT,CGT"
5188dfda-54a6-4fc1-b391-c616af9aea84,RC-693984,3157501834680,Galaxy Backbone Logistics LLP,Fintech,LLP,3058253376.914363,1534368302.6604342,444093356.9074986,460310490.7981303,61374732.10641737,45,6552031.165867115,102068113.91544974,17-Apr-2013,2013,13-Jun-2025,Abuja (FCT),Abaji,www.galaxybackbonelogisticsllp.com.ng,"CIT,VAT,WHT,CGT"
61edd295-7356-40da-b7d4-1cd3bda9c568,RC-823763,5368835632022,Shoprite Nigeria NGO/Gte,Retail,NGO/Gte,21104365.95239263,15095089.43710707,3824611.6105978154,0.0,0.0,54,1633089.894448489,343224.04206441087,19-Mar-2020,2020,14-Jun-2024,Plateau,Barkin Ladi,www.shopritenigeriango/gte.ng,"CIT,VAT,WHT,CGT"
e5aa8dd0-82b5-480f-a7b4-6984f08c0f92,RC-614210,1433212716521,Oando Solutions Ltd,Tech,Ltd,1534775934.6425614,1045295987.5972772,355965241.0511216,313588796.27918315,41811839.50389109,873,303274024.43584865,50126864.35827081,05-Jan-2012,2012,25-Oct-2024,Delta,Sapele,www.oandosolutionsltd.com.ng,"CIT,VAT,WHT,CGT"
d49c4a24-e11f-4421-8bff-0be39fae6796,RC-774888,8548632607588,Semicolon Nigeria PLC,Energy,PLC,4015374397.208246,3348367590.9687943,790660402.1288294,1004510277.2906382,133934703.63875178,472,31123229.578762185,217568694.99972495,13-May-2017,2017,04-May-2024,Akwa Ibom,Uyo,www.semicolonnigeriaplc.com.ng,"CIT,VAT,WHT,CGT"
00af5f62-0768-4694-b82a-ac1e475bdba8,RC-445763,7867154157110,Zenith Bank Group PLC,Fintech,PLC,2197883597.2318263,1521334760.787754,346706500.54529583,456400428.2363262,60853390.431510165,544,215644509.2052576,109873971.50387484,02-May-2015,2015,12-Sep-2024,Kwara,Offa,www.zenithbankgroupplc.com.ng,"CIT,VAT,WHT,CGT"
76679b95-059d-49d6-897f-48ef32c7e90f,RC-541254,1224641203336,Access Networks Ltd,Fintech,Ltd,359739323.44614905,334521329.6331438,67145631.1634298,100356398.88994314,13380853.185325751,261,121692605.03080891,10200468.75560327,03-Nov-2022,2022,16-Oct-2025,Rivers,Port Harcourt,www.accessnetworksltd.com.ng,"CIT,VAT,WHT,CGT"
7a0540ce-b005-4a19-a8e4-b61cb08a889d,RC-929855,1567647704273,Nigerian Breweries Holdings PLC,Fintech,PLC,1323583156.7492454,1321367964.0933774,237946832.90392184,396410389.2280132,52854718.5637351,84,15265742.26377631,52317861.4762564,03-Dec-2021,2021,15-Oct-2025,Lagos,Eti-Osa,www.nigerianbreweriesholdingsplc.com.ng,"CIT,VAT,WHT,CGT"
54a36ea4-ac64-4782-a057-415b910fcb3b,RC-821356,4175104100732,Galaxy Backbone Ventures NGO/Gte,Tech,NGO/Gte,3930340464.722966,2398137415.274008,976925064.6658505,719441224.5822023,95925496.61096032,372,180926637.7933025,63933882.86978435,25-Jun-2012,2012,06-Mar-2025,Kaduna,Kaduna North,www.galaxybackboneventuresngo/gte.ng,"CIT,VAT,WHT,CGT"
f447b0b6-d966-4359-b836-e0fc742c51b3,RC-730773,2418021212456,Seplat Global PLC,Tech,PLC,4601507549.353592,3864409037.8051925,954820790.7512553,1159322711.3415577,154576361.51220772,1030,175356148.3202955,129617104.2409028,09-Jan-2014,2014,04-Jul-2025,Rivers,Ikwerre,www.seplatglobalplc.ng,"CIT,VAT,WHT,CGT"
ecfc0c5c-10cc-424c-b1be-f34603db504c,RC-115544,2621704216535,Ibeto Global LLP,Manufacturing,LLP,4660092263.395847,3730088276.4750333,591699644.3997071,1119026482.94251,149203531.05900133,432,78037394.57917587,215986543.28587657,10-Jun-2014,2014,25-May-2025,Kano,Kano Municipal,www.ibetogloballlp.com.ng,"CIT,VAT,WHT,CGT"
37e23c3a-f90e-4640-826e-6b36ec42c755,RC-881889,8216635605710,Interswitch Ventures NGO/Gte,Tech,NGO/Gte,2608528544.14416,2335944636.5686,439831898.47869885,700783390.97058,93437785.46274401,334,49880335.961202696,13010195.052590072,08-Aug-2011,2011,05-Nov-2025,Kano,Gwale,www.interswitchventuresngo/gte.ng,"CIT,VAT,WHT,CGT"
2e669dc0-769e-4761-9ad1-db8e823dee96,RC-221976,4143376676521,Semicolon Resources NGO/Gte,Fintech,NGO/Gte,2477024654.8737683,2207221070.9721117,383380623.9566953,662166321.2916335,88288842.83888447,524,146125827.41496268,82571736.04247406,10-Dec-2013,2013,24-Jul-2025,Rivers,Okrika,www.semicolonresourcesngo/gte.org.ng,"CIT,VAT,WHT,CGT"
71b07cfa-e388-45d8-9d76-cf010bc7a381,RC-650300,5146826486003,Andela Logistics PLC,Energy,PLC,2308873619.8383355,2259916422.967828,434860036.0513417,677974926.8903483,90396656.91871311,416,89655163.93661839,62141887.298195876,06-May-2016,2016,20-Sep-2024,Delta,Warri South,www.andelalogisticsplc.com.ng,"CIT,VAT,WHT,CGT"
ed40dfe2-4dfd-47de-a49c-9bbf799fe9a2,RC-493175,0545822116426,Zenith Bank Networks LLP,Manufacturing,LLP,1783696705.392306,1684530899.216996,255646470.28253263,505359269.76509875,67381235.96867985,134,33773952.48678631,19268128.36116755,01-Oct-2020,2020,28-Mar-2024,Delta,Uyo,www.zenithbanknetworksllp.com.ng,"CIT,VAT,WHT,CGT"
ab1ba6ab-b2c1-4618-b108-1182eb097cf8,RC-743508,5808587680475,Coscharis Holdings PLC,Tech,PLC,175410242.11930007,138159133.48861858,15498444.404019272,41447740.046585575,5526365.339544743,443,188820728.90372536,9851760.083393611,21-Jan-2016,2016,02-Jun-2025,Plateau,Barkin Ladi,www.coscharisholdingsplc.com.ng,"CIT,VAT,WHT,CGT"
0cdac6bd-8f0e-45fb-83d1-f272a3e2fa80,RC-152610,4504367843872,Union Bank Global Ltd,Fintech,Ltd,1903568653.9701798,1363364758.5550656,266941178.15400326,409009427.5665197,54534590.342202626,508,71535584.7471275,46394191.60501215,09-Dec-2016,2016,08-Nov-2024,Lagos,Alimosho,www.unionbankgloballtd.net.ng,"CIT,VAT,WHT,CGT"
90b2f590-65a9-464e-b584-58787dc1f6bd,RC-445568,5342332461626,SevenUp Enterprises LLP,Energy,LLP,4438471375.042576,2840048150.706956,422919747.75216734,852014445.2120868,113601926.02827823,228,112789032.03385085,137332017.96430284,03-Oct-2019,2019,23-Dec-2024,Anambra,Nnewi North,www.sevenupenterprisesllp.com.ng,"CIT,VAT,WHT,CGT"
9ab15de6-3a59-44a3-8e84-67ea768e8426,RC-810338,7575507357528,Airtel Networks Ltd,Fintech,Ltd,2827028931.8172865,2495814666.9195166,334944122.9606074,748744400.0758549,99832586.67678067,438,171412588.43884483,98330285.94894746,10-Apr-2018,2018,21-Jan-2025,Akwa Ibom,Ikot Ekpene,www.airtelnetworksltd.net.ng,"CIT,VAT,WHT,CGT"
11e08a27-c74c-4d62-8329-3a068daed9fa,RC-215568,6542624486647,Glovo Ventures PLC,Retail,PLC,4019057075.4833984,4006713475.1650805,961358546.372651,1202014042.549524,160268539.0066032,440,176975887.35516137,246964960.50580284,26-May-2017,2017,17-Dec-2025,Akwa Ibom,Uyo,www.glovoventuresplc.com.ng,"CIT,VAT,WHT,CGT"
2588489c-fb9c-4ec4-adac-2ce6c669e140,RC-851042,0782060565624,Sterling Enterprises Ltd,Energy,Ltd,1240107813.2688682,1187437052.919788,291047869.89602643,356231115.8759363,47497482.11679152,322,149891830.0792852,41265383.138911635,15-Dec-2022,2022,07-Apr-2024,Lagos,Kosofe,www.sterlingenterprisesltd.net.ng,"CIT,VAT,WHT,CGT"
90f236fd-c8fe-44d0-8001-5abae9e6a820,RC-402659,8532103687742,Nigerian Breweries Technologies Ltd,Agro,Ltd,1362466642.474636,1117513201.8352487,121821358.16509241,335253960.5505746,44700528.07340995,182,43524285.86017168,36440861.24568004,06-May-2020,2020,23-Nov-2024,Lagos,Oshodi-Isolo,www.nigerianbreweriestechnologiesltd.net.ng,"CIT,VAT,WHT,CGT"
c7fcf6f9-6889-4a6a-8d7d-479d97664a0c,RC-987362,3248414258078,SevenUp Group NGO/Gte,Tech,NGO/Gte,4094779638.423175,2658933170.2902102,845905314.4461526,797679951.0870631,106357326.81160842,577,107461102.47672667,68936376.84741415,05-Nov-2013,2013,28-Feb-2025,Anambra,Nnewi North,www.sevenupgroupngo/gte.org.ng,"CIT,VAT,WHT,CGT"
04fca39d-1203-4584-9f32-bd8db4d8e2f5,RC-579576,7563208228470,Shoprite Ventures PLC,Retail,PLC,987847907.494358,654391466.6542768,219869395.82581878,196317439.99628305,26175658.666171074,1106,347560738.1631237,43354400.877496816,17-Aug-2023,2023,07-Aug-2024,Delta,Ughelli North,www.shopriteventuresplc.com.ng,"CIT,VAT,WHT,CGT"
02003e52-383d-4c2d-886b-6ce280d6238c,RC-325148,2528002187452,Ardova Holdings NGO/Gte,Energy,NGO/Gte,3527165553.053529,2241835042.7899127,664703601.8689214,672550512.8369738,89673401.7115965,382,147992749.542484,79659638.46111377,09-Jan-2021,2021,30-Oct-2025,Akwa Ibom,Uyo,www.ardovaholdingsngo/gte.ng,"CIT,VAT,WHT,CGT"
496a4db1-45a8-40fe-98cd-a7783b8fdaef,RC-798032,8120517432055,Dangote Sugar Ventures PLC,Tech,PLC,3776330751.7041945,2377830270.991606,938046027.8152984,713349081.2974819,95113210.83966425,19,1279182.3833693569,131179697.45906557,04-Sep-2024,2024,30-Sep-2025,Ogun,Ijebu Ode,www.dangotesugarventuresplc.com.ng,"CIT,VAT,WHT,CGT"
f023244c-366a-4dd7-a45c-4f65bc04b32d,RC-552799,8344822233321,GTBank Group NGO/Gte,Energy,NGO/Gte,2364436610.634276,2082553430.8788939,454272850.0718521,624766029.2636682,83302137.23515576,555,56530542.24172319,41254037.85910259,24-Apr-2015,2015,05-Sep-2025,Akwa Ibom,Eket,www.gtbankgroupngo/gte.org.ng,"CIT,VAT,WHT,CGT"
53a7fb06-9499-463c-8660-7700296462dc,RC-872510,8642024664826,Access Bank Technologies Ltd,Tech,Ltd,3949930576.382813,3203133626.561229,478487753.569678,960940087.9683688,128125345.06244917,689,215727654.29266325,67993292.74635568,09-Nov-2024,2024,26-Jun-2025,Oyo,Akinyele,www.accessbanktechnologiesltd.com.ng,"CIT,VAT,WHT,CGT"
ac38e4ab-bbb5-414f-a61c-4830bf8183c0,RC-467445,5131162640054,Nigerian Breweries Industries Ltd,Tech,Ltd,4786076169.54041,2567548957.8301206,618562229.0916556,770264687.3490361,102701958.31320482,469,91458980.55962363,130958626.02029777,25-Dec-2016,2016,05-Mar-2024,Lagos,Alimosho,www.nigerianbreweriesindustriesltd.com.ng,"CIT,VAT,WHT,CGT"
a34db182-6833-4e78-9337-90bb3851ffed,RC-196125,2878315668444,Dangote Sugar Technologies NGO/Gte,Agro,NGO/Gte,4275297490.548636,2258885653.038499,995820819.4356914,677665695.9115497,90355426.12153995,399,12616726.756208796,60328263.538544,01-Oct-2013,2013,06-Feb-2024,Akwa Ibom,Uyo,www.dangotesugartechnologiesngo/gte.ng,"CIT,VAT,WHT,CGT"
10a6046f-72f9-4e29-9024-bcb808056d31,RC-309652,3625536878030,NLNG Solutions NGO/Gte,Energy,NGO/Gte,4281719506.3493724,2906449986.178861,855336589.4892066,871934995.8536583,116257999.44715445,286,135971032.09802592,121035315.53857325,14-Feb-2018,2018,14-Sep-2024,Kaduna,Zaria,www.nlngsolutionsngo/gte.ng,"CIT,VAT,WHT,CGT"
a3bad9e2-e7a7-47b1-8c19-adfc57eaea36,RC-491211,3265485868440,Interswitch Services Ltd,Energy,Ltd,4073225655.413629,2538318958.235796,476721581.18469197,761495687.4707388,101532758.32943185,913,39329213.20326003,10421463.788643064,18-Dec-2017,2017,21-Dec-2024,Oyo,Akinyele,www.interswitchservicesltd.com.ng,"CIT,VAT,WHT,CGT"
501f715e-ce37-43ba-882b-b7eeb4dd1d80,RC-219734,3778361474745,Flutterwave Nigeria PLC,Manufacturing,PLC,2015564616.135241,1801321129.8289487,395745758.0668497,540396338.9486846,72052845.19315796,662,306744213.9827659,90176334.43445952,31-Jan-2024,2024,08-Mar-2024,Delta,Sapele,www.flutterwavenigeriaplc.ng,"CIT,VAT,WHT,CGT"
3b5b1efd-0bf3-42e9-89ce-f45ffca54b73,RC-707012,4216510756401,Chi Enterprises Ltd,Energy,Ltd,3142020565.310392,2664980694.048346,347663142.12082607,799494208.2145038,106599227.76193385,48,8224763.365817305,153595266.95601672,29-Jan-2016,2016,01-Sep-2024,Abuja (FCT),Abuja Municipal,www.chienterprisesltd.com.ng,"CIT,VAT,WHT,CGT"
51bc0159-ba0f-48c9-82cf-47051ec77569,RC-511685,6206754831261,Dangote Sugar Networks Ltd,Fintech,Ltd,27452299.539066806,25291742.51328985,5931991.415136479,0.0,0.0,674,157495118.87482756,909204.2424234425,26-Jun-2016,2016,02-Jun-2024,Kano,Nasarawa,www.dangotesugarnetworksltd.net.ng,"CIT,VAT,WHT,CGT"
314a59bc-41c4-4c79-87e5-1b1899b5660b,RC-143863,4610378703402,Seplat Networks Ltd,Tech,Ltd,1284067832.4384778,1056013640.8254933,163578934.5947413,316804092.247648,42240545.63301974,614,297260928.5160852,28335724.351848055,04-Nov-2016,2016,31-Jul-2025,Akwa Ibom,Ikot Ekpene,www.seplatnetworksltd.com.ng,"CIT,VAT,WHT,CGT"
fd5f28dc-d847-482a-9db6-5269c9d701fb,RC-241886,2618731325602,Paystack Nigeria Ltd,Tech,Ltd,333751473.02898216,319595980.5274041,47084039.574291326,95878794.15822123,12783839.221096165,1038,77577878.80333675,18398641.14854794,17-Oct-2016,2016,10-Nov-2025,Kwara,Offa,www.paystacknigerialtd.com.ng,"CIT,VAT,WHT,CGT"
bc8e1fff-ed4e-4b8b-9df9-ae13f18e8451,RC-816796,7151606013350,Oando Nigeria Ltd,Manufacturing,Ltd,1378207934.0447826,999872821.1099088,284027397.79821944,299961846.33297265,39994912.84439635,480,233112107.98269668,2099641.219507124,19-Jan-2024,2024,26-Jan-2025,Kano,Gwale,www.oandonigerialtd.com.ng,"CIT,VAT,WHT,CGT"
a0cecdb0-9cdb-4c84-9ab8-8155aa72397c,RC-910469,7782662875730,Globacom Systems Ltd,Agro,Ltd,1149895428.0630236,1101654543.0987306,121520858.39864574,330496362.92961913,44066181.723949224,878,293658920.7469751,42165282.265952095,24-Mar-2020,2020,02-Feb-2025,Lagos,Surulere,www.globacomsystemsltd.net.ng,"CIT,VAT,WHT,CGT"
36a33d4e-96ab-48db-8b48-6c4167e0f356,RC-804592,4857806280212,Chi Enterprises NGO/Gte,Retail,NGO/Gte,4933465342.8439245,3565593347.192601,506074187.58036995,1069678004.1577803,142623733.88770404,729,313803939.64659923,20969279.433400206,06-Nov-2013,2013,19-Jun-2024,Oyo,Akinyele,www.chienterprisesngo/gte.org.ng,"CIT,VAT,WHT,CGT"
65c34b45-cab2-446f-a43d-d9d8dfea3597,RC-158903,0056478682048,Sterling Industries LLP,Energy,LLP,490171646.4741459,431033857.5577283,49864134.460947156,129310157.26731849,17241354.302309133,636,189577137.8692206,1287096.0612660844,15-Apr-2015,2015,06-Sep-2024,Abuja (FCT),Abaji,www.sterlingindustriesllp.com.ng,"CIT,VAT,WHT,CGT"
6fe1ef2f-a5ab-4ada-a3c9-7f01c276c834,RC-431844,0363766775350,Oando Technologies NGO/Gte,Tech,NGO/Gte,3407187405.9629226,2283772765.85136,503638253.00701654,685131829.7554079,91350910.6340544,294,99686310.70347457,79556900.75476947,06-Dec-2020,2020,19-Feb-2024,Lagos,Alimosho,www.oandotechnologiesngo/gte.org.ng,"CIT,VAT,WHT,CGT"
ff18095d-9ca3-46e2-bac9-9188c280700e,RC-353592,5454588551236,Sterling Nigeria PLC,Retail,PLC,3300560667.3562374,3041020981.881215,467661233.71247405,912306294.5643646,121640839.2752486,554,194409627.74413663,147273340.27866116,02-Nov-2019,2019,23-Oct-2024,Lagos,Alimosho,www.sterlingnigeriaplc.com.ng,"CIT,VAT,WHT,CGT"
120b35a8-54aa-4711-9da4-8afaf2b5674d,RC-148433,1837887637561,Flutterwave Global PLC,Fintech,PLC,3278638529.825702,2581777847.887517,797473106.1873946,774533354.366255,103271113.91550069,948,29735091.320249647,138665879.196338,30-Jan-2020,2020,04-Sep-2025,Abuja (FCT),Abaji,www.flutterwaveglobalplc.ng,"CIT,VAT,WHT,CGT"
6bd343a4-0295-47e6-939c-289c79e001d1,RC-641179,1203308225140,Opay Industries PLC,Energy,PLC,1650484628.7456968,1399967469.447899,140123944.71866858,419990240.8343697,55998698.77791596,1158,389385170.29306984,79456295.30019107,29-Mar-2017,2017,26-Sep-2024,Kaduna,Kaduna North,www.opayindustriesplc.ng,"CIT,VAT,WHT,CGT"
8fe21326-10e6-4ba2-bc93-954353c203bc,RC-320038,3011104428447,Glovo Networks Ltd,Tech,Ltd,905971288.4773396,831380786.6109704,202774875.92337298,249414235.9832911,33255231.464438815,895,428758454.7774541,36811750.5969639,07-Dec-2024,2024,04-Dec-2024,Kano,Nasarawa,www.glovonetworksltd.net.ng,"CIT,VAT,WHT,CGT"
cb601387-e1ec-4027-bf1d-27afe22e89cc,RC-916198,2350402480585,Kuda Networks PLC,Manufacturing,PLC,373316142.57134104,262863452.30162302,41182493.86477481,78859035.69048691,10514538.09206492,471,87808548.59795785,12302604.733030101,17-Jun-2024,2024,07-Mar-2025,Delta,Uyo,www.kudanetworksplc.com.ng,"CIT,VAT,WHT,CGT"
f3052f90-3548-4ebe-8fa4-96f256227fb7,RC-296675,1016781360514,Zenith Bank Nigeria LLP,Retail,LLP,235465169.464837,139804741.45167968,43055387.31602853,41941422.4355039,5592189.658067187,88,41732588.772061884,5980279.690163116,06-May-2015,2015,10-Jan-2025,Ogun,Abeokuta North,www.zenithbanknigeriallp.com.ng,"CIT,VAT,WHT,CGT"
ea86b7b5-fc38-4ddc-a012-69240e61b6c3,RC-944035,8882736006322,Opay Services NGO/Gte,Agro,NGO/Gte,4593344094.725022,2453471029.495462,919021081.0605736,736041308.8486385,98138841.17981848,801,118386289.75975496,9636287.991811674,24-Oct-2022,2022,27-Jul-2025,Rivers,Okrika,www.opayservicesngo/gte.ng,"CIT,VAT,WHT,CGT"
59708156-b211-43e3-8f18-79af873a859f,RC-928226,5402557742106,AltSchool Nigeria Ltd,Energy,Ltd,135775928.07102245,118395998.72234745,31911558.624378994,35518799.61670423,4735839.948893898,804,185283863.65461746,3643953.278284918,31-Dec-2018,2018,29-Jan-2025,Lagos,Kosofe,www.altschoolnigerialtd.com.ng,"CIT,VAT,WHT,CGT"
a8f42f34-4b16-45a1-a181-ea41dc6fa5b1,RC-856925,8710262701168,Stanbic Group LLP,Agro,LLP,126696625.85106812,110564086.28644995,28053693.639974467,33169225.885934986,4422563.451457998,527,200623942.2641691,919278.0274263988,23-Apr-2011,2011,24-Nov-2025,Lagos,Lagos Island,www.stanbicgroupllp.com.ng,"CIT,VAT,WHT,CGT"
0be6106a-5c6a-4fbd-8eb0-ab062a5f03cb,RC-720525,5434080807020,Access Bank Systems PLC,Retail,PLC,772822005.910396,574448299.8225237,190263904.24316224,172334489.9467571,22977931.99290095,1017,497742745.20026714,40138005.25565151,25-Jan-2015,2015,16-Oct-2025,Abuja (FCT),Kwali,www.accessbanksystemsplc.ng,"CIT,VAT,WHT,CGT"
6d424696-dccd-46c5-94f1-07ab20961f3f,RC-982905,3412548126253,Oando Holdings LLP,Energy,LLP,1414185128.2073293,977146237.6557027,235224529.7534255,293143871.2967108,39085849.50622811,655,272370410.25901055,30530626.301808506,07-Feb-2021,2021,16-Mar-2024,Plateau,Jos North,www.oandoholdingsllp.com.ng,"CIT,VAT,WHT,CGT"
baad045b-1943-49d2-87b3-313523c294fd,RC-236903,3110243706520,Elizade Resources Ltd,Fintech,Ltd,2010916582.588379,1189550261.643022,221139716.99693102,356865078.49290663,47582010.465720885,1175,140107661.6606949,23931725.59352333,26-May-2017,2017,09-Aug-2024,Kano,Tarauni,www.elizaderesourcesltd.com.ng,"CIT,VAT,WHT,CGT"
b4861af0-3986-458b-bfb1-59f328a39287,RC-173159,6773503222121,Dangote Sugar Ventures NGO/Gte,Agro,NGO/Gte,4800227528.533729,2440693152.31692,865165659.9429442,732207945.6950759,97627726.09267679,206,96760368.2643371,84032520.32526729,06-Oct-2019,2019,15-Jun-2024,Akwa Ibom,Eket,www.dangotesugarventuresngo/gte.org.ng,"CIT,VAT,WHT,CGT"
d8200f5c-4b91-4b5c-961e-16eb3fb6f558,RC-531373,0524481118431,Airtel West Africa PLC,Tech,PLC,4760174142.239055,4648107451.049608,694283001.551289,1394432235.3148825,185924298.04198432,216,70884810.55792138,44781518.94351929,20-Jul-2025,2025,25-Feb-2024,Anambra,Nnewi North,www.airtelwestafricaplc.com.ng,"CIT,VAT,WHT,CGT"
1fde07fe-6ec4-441a-bb8b-795797c7ebea,RC-135757,1455508014013,Nigerian Breweries Ventures LLP,Energy,LLP,4946511048.539689,4686237440.899093,1216374026.7859745,1405871232.2697277,187449497.6359637,391,47214928.21946098,318629690.5167109,17-Dec-2023,2023,02-Sep-2024,Kano,Tarauni,www.nigerianbreweriesventuresllp.com.ng,"CIT,VAT,WHT,CGT"
08247fa1-49f0-49c8-a706-1f26e2d8df9f,RC-312774,6815055486266,AltSchool Ventures LLP,Manufacturing,LLP,30201053.358646326,18887108.610091284,7031220.98861967,0.0,0.0,442,107959524.69019605,528246.8527001858,17-May-2018,2018,24-Sep-2025,Rivers,Okrika,www.altschoolventuresllp.com.ng,"CIT,VAT,WHT,CGT"
dcbfee7e-ed2b-4e0d-a44a-9d98776b70c6,RC-628604,6865210220561,Galaxy Backbone Industries NGO/Gte,Tech,NGO/Gte,1967176513.314828,1876188733.970739,392383403.8344797,562856620.1912216,75047549.35882956,32,13259377.86073625,24151603.93494419,29-Jan-2022,2022,25-Jul-2024,Kaduna,Zaria,www.galaxybackboneindustriesngo/gte.ng,"CIT,VAT,WHT,CGT"
236339b9-6d43-41c4-86df-e9836be995ad,RC-692586,4812407848385,Sterling Bank Logistics PLC,Tech,PLC,1624520495.965305,1366020518.2214713,354252979.8973668,409806155.4664414,54640820.72885885,853,353502277.4654157,47022542.548655644,03-Jul-2016,2016,07-Jul-2025,Delta,Warri South,www.sterlingbanklogisticsplc.com.ng,"CIT,VAT,WHT,CGT"
9aec4aef-868c-455c-901a-4e5fbb4efab0,RC-155371,8526423506472,ABC Transport Services PLC,Retail,PLC,2220627103.7108564,1765584640.6513472,548988013.1560574,529675392.1954041,70623385.62605388,810,282572746.3045976,96496615.51464811,01-May-2017,2017,09-May-2025,Lagos,Eti-Osa,www.abctransportservicesplc.com.ng,"CIT,VAT,WHT,CGT"
f19e6ba8-3ba2-4dd8-8502-9d473d3b5a8a,RC-917698,8051257567403,PiggyVest Enterprises PLC,Retail,PLC,4184758634.734967,2518003031.904781,375946931.5496881,755400909.5714343,100720121.27619123,491,65853045.01246852,175589361.3266989,19-Sep-2019,2019,20-Apr-2025,Kaduna,Kaduna South,www.piggyvestenterprisesplc.ng,"CIT,VAT,WHT,CGT"
a27c71c4-4dde-4304-8b16-d5a8e1ea8e78,RC-929226,0064362641713,OPay Nigeria LLP,Energy,LLP,200759440.86081442,102721422.53967704,27370039.620822843,30816426.76190311,4108856.9015870816,727,115097793.45545067,56580.78118687601,16-Sep-2013,2013,10-Jan-2025,Akwa Ibom,Uyo,www.opaynigeriallp.com.ng,"CIT,VAT,WHT,CGT"
ab4dda9c-782c-4f89-87ca-e311a51cc888,RC-235198,1574211336850,NLNG Services PLC,Agro,PLC,4023922381.667032,2223822357.463343,351842766.78712773,667146707.239003,88952894.29853372,178,73505499.04601832,80131575.984622,08-Mar-2016,2016,07-May-2024,Lagos,Eti-Osa,www.nlngservicesplc.ng,"CIT,VAT,WHT,CGT"
3219cf47-1124-4778-b09e-94dfa546e368,RC-830389,3836725561237,OPay Group Ltd,Fintech,Ltd,813494362.2305311,587135984.5497391,102069192.46764076,176140795.36492172,23485439.381989565,28,5589975.98982805,9015602.923527092,31-Dec-2014,2014,30-May-2025,Lagos,Ifako-Ijaiye,www.opaygroupltd.com.ng,"CIT,VAT,WHT,CGT"
37f6def0-2730-43d4-96f6-be5b7b598def,RC-687790,3214276370175,Interswitch Enterprises Ltd,Agro,Ltd,3163783017.300764,2657322157.341847,555014600.1979735,797196647.2025541,106292886.29367387,803,116735753.13630179,139185421.35361394,03-Jun-2014,2014,12-Jun-2025,Oyo,Ibadan North,www.interswitchenterprisesltd.net.ng,"CIT,VAT,WHT,CGT"
1dff83dd-d294-42c4-8cf3-058a8eab8f6a,RC-713570,5684272222571,Filmhouse West Africa PLC,Retail,PLC,706649489.040081,411609479.6847929,127956997.92420983,123482843.90543786,16464379.187391715,61,21639358.535978444,19630910.14030422,20-Apr-2012,2012,18-Apr-2025,Anambra,Onitsha North,www.filmhousewestafricaplc.ng,"CIT,VAT,WHT,CGT"
59c36ea7-c38d-435a-bcb1-1da82d469a6a,RC-411469,1783573447262,Ardova Group PLC,Manufacturing,PLC,4991132628.422022,2726172919.8289537,559238124.367757,817851875.9486861,109046916.79315816,43,8779833.820900436,66882911.288212135,13-Aug-2025,2025,28-Mar-2025,Rivers,Port Harcourt,www.ardovagroupplc.com.ng,"CIT,VAT,WHT,CGT"
a006c801-5cc8-40ca-8217-7f226c70bbaa,RC-451581,4325886156747,Semicolon Africa Nigeria LLP,Fintech,LLP,2749894126.707091,1512554242.3073392,314215313.49401426,453766272.69220173,60502169.69229357,888,234430968.13749108,33614588.96626736,05-Dec-2021,2021,17-Mar-2024,Abuja (FCT),Kuje,www.semicolonafricanigeriallp.com.ng,"CIT,VAT,WHT,CGT"
9f5dc9bf-9452-49f4-b3b0-ab9f54f839f6,RC-100338,7261246232202,Eroton Resources PLC,Manufacturing,PLC,3899840125.455299,2413710723.6652513,717135864.8404174,724113217.0995754,96548428.94661005,1113,103454931.65438868,127498745.37983626,16-Jul-2014,2014,31-Oct-2024,Anambra,Onitsha North,www.erotonresourcesplc.com.ng,"CIT,VAT,WHT,CGT"
d66e226e-c635-4460-8517-96cbd3768ed9,RC-627867,1171867142615,Flutterwave Systems NGO/Gte,Agro,NGO/Gte,3703047536.0769887,3293839920.8055363,922041553.4080566,988151976.2416608,131753596.83222145,229,57907497.75182634,185772248.10323936,15-Aug-2021,2021,20-Aug-2025,Kaduna,Kafanchan,www.flutterwavesystemsngo/gte.org.ng,"CIT,VAT,WHT,CGT"
1d402b51-9454-4930-b2cf-2257a88360cd,RC-239612,8188600653283,Semicolon Logistics Ltd,Manufacturing,Ltd,3026171209.740636,2659960785.048447,596043061.8160981,797988235.5145341,106398431.40193789,415,97166041.01592122,114950570.80533107,10-Jul-2019,2019,24-May-2024,Rivers,Okrika,www.semicolonlogisticsltd.com.ng,"CIT,VAT,WHT,CGT"
be8efbd5-79e2-41c7-9fc4-63d4a3a47df9,RC-870775,6414582165473,Stanbic Resources Ltd,Tech,Ltd,2588727384.03546,1671184188.3445432,388769575.5437224,501355256.50336295,66847367.53378173,889,224925023.22028005,3903775.165604689,11-Dec-2020,2020,26-Feb-2024,Enugu,Enugu North,www.stanbicresourcesltd.net.ng,"CIT,VAT,WHT,CGT"
1b1fbfed-26eb-4e0a-bc07-3d78364f3cd1,RC-103780,6350328265134,Spar Ventures Ltd,Fintech,Ltd,3398128965.7104034,2484860207.573556,421099307.80585605,745458062.2720667,99394408.30294225,1185,592484813.2301162,4381092.350932329,10-Mar-2011,2011,10-Feb-2025,Kaduna,Kafanchan,www.sparventuresltd.net.ng,"CIT,VAT,WHT,CGT"
5b8c97c0-6b13-428a-85aa-ab64291fb4bd,RC-674445,6445721775360,Elizade Services Ltd,Agro,Ltd,214638541.65997806,108483929.40092091,47101595.2936636,32545178.82027627,4339357.176036837,1141,153262505.05336252,5180910.884100865,10-Sep-2014,2014,17-Apr-2025,Abuja (FCT),Abaji,www.elizadeservicesltd.com.ng,"CIT,VAT,WHT,CGT"
d4524277-4946-49a2-a8b0-50ac1212f1fd,RC-782502,0668724744340,GTCO Technologies NGO/Gte,Tech,NGO/Gte,357024768.1725275,333974751.6207926,69460188.53664619,100192425.48623778,13358990.064831706,944,76060320.18964528,10289931.855064098,28-May-2017,2017,06-Oct-2025,Lagos,Kosofe,www.gtcotechnologiesngo/gte.ng,"CIT,VAT,WHT,CGT"
a1162ca6-f905-4e54-a565-75b1e2371a5a,RC-491099,5622480674685,Decagon Group PLC,Manufacturing,PLC,2504261686.1160893,2247380292.391947,369063957.35027987,674214087.717584,89895211.69567788,165,54874617.369178295,157501331.60219616,26-Aug-2022,2022,08-Sep-2025,Ogun,Ijebu Ode,www.decagongroupplc.com.ng,"CIT,VAT,WHT,CGT"
a1d6bfa5-4c54-4801-972c-d633139942e9,RC-760611,2504032136645,ABC Transport Industries Ltd,Manufacturing,Ltd,3280370855.1023784,1731412164.1798182,372044088.8033988,519423649.2539454,69256486.56719273,169,78121528.19936389,66189558.98618387,31-Mar-2017,2017,05-Dec-2025,Ogun,Ijebu Ode,www.abctransportindustriesltd.com.ng,"CIT,VAT,WHT,CGT"
e0dc6f97-532e-4689-a5cb-7b8224d791aa,RC-352975,2305000430282,FBN Networks PLC,Fintech,PLC,3416635767.1253448,3076825531.936444,762764284.8125315,923047659.5809331,123073021.27745776,780,78511498.3811635,125813270.25789388,19-Nov-2014,2014,28-Nov-2025,Abuja (FCT),Bwari,www.fbnnetworksplc.ng,"CIT,VAT,WHT,CGT"
0e5f2439-150d-4549-b3ff-ea6108f0cf48,RC-225631,0773461752130,Spar Technologies LLP,Manufacturing,LLP,335482451.82831806,332812365.6986108,28945428.09518654,99843709.70958324,13312494.627944432,108,44590310.51991439,12363165.18650167,24-Jan-2014,2014,19-Oct-2024,Plateau,Barkin Ladi,www.spartechnologiesllp.com.ng,"CIT,VAT,WHT,CGT"
bafa3ef0-206a-465a-a3c2-429683f49b7e,RC-208479,4520012141251,Cadbury Services LLP,Agro,LLP,546397349.0312932,490513974.11329615,121004232.96467113,147154192.23398885,19620558.964531846,251,76245468.67684868,32125989.01527467,17-Apr-2024,2024,10-Dec-2024,Anambra,Idemili South,www.cadburyservicesllp.com.ng,"CIT,VAT,WHT,CGT"
e28099b4-9839-41f1-aefc-656037aaf89f,RC-879123,1675288656550,Moniepoint Systems PLC,Retail,PLC,2537714523.771797,2481404616.440388,298164627.77812386,744421384.9321164,99256184.65761553,1107,285611890.7256365,28049264.440170757,13-Jul-2021,2021,29-Sep-2024,Abuja (FCT),Abuja Municipal,www.moniepointsystemsplc.com.ng,"CIT,VAT,WHT,CGT"
a76dc224-830b-4848-80fa-2c2df0e02d4a,RC-638024,1533754367673,ABC Transport Holdings PLC,Retail,PLC,4696808817.186209,3628926345.1739974,721457000.7605671,1088677903.5521991,145157053.8069599,339,11688964.902449086,218071065.03622386,10-Jul-2016,2016,05-Nov-2025,Edo,Oredo,www.abctransportholdingsplc.com.ng,"CIT,VAT,WHT,CGT"
5b0aae5f-7654-44b6-b496-0c720dfafb2d,RC-998322,3203671641540,Eroton West Africa LLP,Tech,LLP,3244757774.943201,1692520825.4034674,806792223.9526792,507756247.6210402,67700833.0161387,774,221688583.1927852,60292871.53628117,20-Sep-2013,2013,30-Jun-2025,Delta,Warri South,www.erotonwestafricallp.com.ng,"CIT,VAT,WHT,CGT"
62094ff5-925f-4e76-a1b3-116d2a2aefef,RC-970148,3023847751608,Peace Mass Logistics Ltd,Tech,Ltd,2121800792.4958248,1642276379.249746,231946292.7393737,492682913.7749238,65691055.16998985,928,203780949.6286378,119971663.23627676,28-Sep-2021,2021,13-Sep-2024,Lagos,Mushin,www.peacemasslogisticsltd.com.ng,"CIT,VAT,WHT,CGT"
9a89a158-44e6-4f73-aab6-660895524e0e,RC-737615,8833047648214,Eroton Networks PLC,Fintech,PLC,808451121.2180424,787755384.3184874,75864616.46609707,236326615.2955462,31510215.372739498,530,213323439.4802847,7079832.525407796,14-Sep-2011,2011,17-Jun-2024,Plateau,Barkin Ladi,www.erotonnetworksplc.ng,"CIT,VAT,WHT,CGT"
fcf72c1d-e431-4326-bc82-5fba61f7632c,RC-787421,0716800430135,Dangote Sugar Solutions LLP,Manufacturing,LLP,2406769236.066108,1656825376.87901,292847595.9503819,497047613.06370294,66273015.0751604,762,41402188.84357062,63099712.05962892,22-Jan-2023,2023,13-Oct-2024,Lagos,Oshodi-Isolo,www.dangotesugarsolutionsllp.com.ng,"CIT,VAT,WHT,CGT"
6b4a88bf-b686-4b91-af2a-1bfe82a7f170,RC-852942,8058526735722,Nigerian Breweries Systems PLC,Fintech,PLC,2441032835.093958,1359708524.9517221,562766446.2154026,407912557.4855166,54388340.998068884,624,124515870.74466491,33994326.89291693,07-Oct-2020,2020,13-Apr-2024,Kaduna,Kaduna South,www.nigerianbreweriessystemsplc.com.ng,"CIT,VAT,WHT,CGT"
8a28fb77-cac1-452b-b0ac-b113ad2e33b8,RC-659653,6576420732183,Rack Centre Solutions Ltd,Fintech,Ltd,3715222837.70302,3291128271.974569,567539005.0522652,987338481.5923706,131645130.87898275,661,256629353.21888545,139920324.69094038,14-Mar-2018,2018,18-Nov-2025,Lagos,Ikeja,www.rackcentresolutionsltd.com.ng,"CIT,VAT,WHT,CGT"
fa848d20-3e16-479e-af3b-a1dba51d8f95,RC-578072,8160564122277,MainOne Services Ltd,Tech,Ltd,1235899142.7199905,1038531095.0528439,121318803.30795671,311559328.51585317,41541243.80211376,638,241921954.6918754,11658852.835636223,17-Feb-2022,2022,17-Aug-2024,Akwa Ibom,Ikot Ekpene,www.mainoneservicesltd.net.ng,"CIT,VAT,WHT,CGT"
b60764ed-eeed-46a2-9943-40423ce1a8d4,RC-871588,5870777871368,Peace Mass Logistics PLC,Energy,PLC,1045593248.2598065,923713506.9603009,248719033.53419212,277114052.08809024,36948540.27841204,417,132908661.21269962,26897177.504630517,23-Nov-2020,2020,06-Oct-2024,Rivers,Port Harcourt,www.peacemasslogisticsplc.com.ng,"CIT,VAT,WHT,CGT"
56212639-45ad-49a7-b031-3fc6f7ae0d6d,RC-959858,0155818785243,Moniepoint Resources PLC,Agro,PLC,1538921415.6251376,874795761.4969302,358511412.62244564,262438728.44907907,34991830.45987721,479,239261340.27665684,24386917.09183827,19-May-2015,2015,06-Jan-2026,Kaduna,Kaduna North,www.moniepointresourcesplc.com.ng,"CIT,VAT,WHT,CGT"
5bbd1ccf-60d9-410b-9f86-921610bcac11,RC-759174,8403633457277,GTCO Networks LLP,Agro,LLP,2238646701.4836564,1543630136.3042982,509736398.0920607,463089040.8912894,61745205.45217193,203,53974013.05799324,63757000.787121,11-Feb-2017,2017,30-Jun-2024,Akwa Ibom,Eket,www.gtconetworksllp.com.ng,"CIT,VAT,WHT,CGT"
20d0c25b-7050-474e-80ed-3bb7c8fdf506,RC-241845,6731726515574,Paystack Services LLP,Manufacturing,LLP,4433421364.280969,4422841277.531801,547177030.2225137,1326852383.2595403,176913651.10127205,872,58964255.27042346,212169477.92005146,28-Apr-2021,2021,18-Aug-2025,Kano,Kano Municipal,www.paystackservicesllp.com.ng,"CIT,VAT,WHT,CGT"
b6e63c80-484d-49bf-8fdf-de98ae71594d,RC-144579,7555648246765,Opay Systems LLP,Fintech,LLP,3951232869.962072,3212095715.6602473,873945830.3992586,963628714.6980742,128483828.62640989,969,31423483.712149467,84048756.96338886,25-Mar-2021,2021,05-Jan-2025,Akwa Ibom,Uyo,www.opaysystemsllp.com.ng,"CIT,VAT,WHT,CGT"
499abc71-ec80-40a1-9162-4ac2a11a3afa,RC-263203,4360841163812,Flutterwave Holdings Ltd,Retail,Ltd,982468605.3664293,574059809.4241761,168883053.29556033,172217942.82725284,22962392.376967043,204,67212952.24376039,38105103.15307807,10-Dec-2017,2017,05-Nov-2025,Akwa Ibom,Uyo,www.flutterwaveholdingsltd.com.ng,"CIT,VAT,WHT,CGT"
cf99462a-8d76-4d31-83a0-127aa32196f4,RC-842136,7176208431572,Nigerian Breweries Services NGO/Gte,Energy,NGO/Gte,244441712.02129492,144804718.92315215,55805040.11197866,43441415.67694564,5792188.756926086,476,61141930.2900413,8544483.018522317,15-Jun-2015,2015,21-Jan-2026,Lagos,Mushin,www.nigerianbreweriesservicesngo/gte.org.ng,"CIT,VAT,WHT,CGT"
a42d7c40-1261-4a74-80a9-63cef9a1197b,RC-742043,8325703128667,BUA Cement Services Ltd,Retail,Ltd,3968904994.3847055,2022846810.7811608,983009505.1500306,606854043.2343482,80913872.43124643,1006,367083266.60272485,17181015.909642372,03-May-2023,2023,27-Feb-2025,Oyo,Akinyele,www.buacementservicesltd.com.ng,"CIT,VAT,WHT,CGT"
f882851b-d5d2-4e6c-a1c8-d535b4963683,RC-102737,1881040175065,Chi Systems PLC,Retail,PLC,3895006275.50624,3283165813.6426845,515772890.2495851,984949744.0928053,131326632.54570737,110,36318510.26205234,8632948.092351804,17-Jan-2026,2026,01-Mar-2024,Abuja (FCT),Kuje,www.chisystemsplc.ng,"CIT,VAT,WHT,CGT"
acf68aa7-00c8-4e62-8633-bdbb3b602d23,RC-705298,1271442721400,PiggyVest Enterprises NGO/Gte,Energy,NGO/Gte,1650157550.118869,1400853838.0535216,245910712.67664582,420256151.41605645,56034153.52214087,426,113248337.47864701,67664689.72005792,12-Mar-2020,2020,29-Apr-2025,Rivers,Okrika,www.piggyvestenterprisesngo/gte.ng,"CIT,VAT,WHT,CGT"
ade12a9b-9543-4145-8d0c-b5d857dd5451,RC-338034,7800840415653,Rack Centre Global NGO/Gte,Energy,NGO/Gte,3528262637.446809,2107430431.3742828,682171731.9979799,632229129.4122849,84297217.25497131,355,132105561.74285653,100432062.71274514,14-May-2023,2023,03-Apr-2025,Lagos,Eti-Osa,www.rackcentreglobalngo/gte.ng,"CIT,VAT,WHT,CGT"
da007cd6-4e42-45fc-bc58-4915e1d5cd50,RC-448276,7053647081421,AltSchool Nigeria NGO/Gte,Agro,NGO/Gte,793067690.3223091,543059067.2741172,143056527.81785154,162917720.18223515,21722362.69096469,1117,448081257.1448563,15759480.798631435,09-Jul-2012,2012,24-Jun-2024,Enugu,Enugu North,www.altschoolnigeriango/gte.ng,"CIT,VAT,WHT,CGT"
c122d7c8-0c9d-4309-a4cb-e2d322423032,RC-833395,2280342247702,Mikano Enterprises PLC,Agro,PLC,2477123785.9861803,2102617432.2444391,583762115.3937612,630785229.6733317,84104697.28977756,662,215234736.27239862,58768024.066919886,15-Apr-2020,2020,18-Jul-2024,Plateau,Barkin Ladi,www.mikanoenterprisesplc.ng,"CIT,VAT,WHT,CGT"
e892cdac-5155-4d09-9c45-9483466c87f5,RC-938001,8323787125622,Nestle Solutions PLC,Tech,PLC,3029004498.454262,2939619284.4941573,245526709.7251049,881885785.3482472,117584771.3797663,853,91850287.78551623,113113606.42491876,15-Mar-2018,2018,13-Mar-2024,Kaduna,Kafanchan,www.nestlesolutionsplc.com.ng,"CIT,VAT,WHT,CGT"
2545ed4e-4634-49a4-8f26-53206d607c81,RC-815552,5055384758372,Konga Ventures NGO/Gte,Agro,NGO/Gte,2722699295.022837,1615541491.8296516,414709006.8821136,484662447.5488955,64621659.673186064,1013,336281329.0680308,79148821.62534466,18-Mar-2017,2017,25-Oct-2024,Edo,Oredo,www.kongaventuresngo/gte.ng,"CIT,VAT,WHT,CGT"
37faf57b-587a-451d-8264-d82a5903496b,RC-363792,1181781630668,Semicolon Africa Ventures PLC,Energy,PLC,1258521711.8855636,713844487.4918435,164868569.3916525,214153346.24755302,28553779.49967374,256,22726619.105904408,35968968.82000183,29-Aug-2020,2020,07-Mar-2024,Delta,Sapele,www.semicolonafricaventuresplc.com.ng,"CIT,VAT,WHT,CGT"
c241e738-28a3-41d1-bd44-6130135d4094,RC-145707,3648055615028,GTCO Holdings PLC,Energy,PLC,361043628.6612167,318765848.4236338,65340026.50250474,95629754.52709015,12750633.936945353,247,24317972.385421626,22476641.321274415,08-Jul-2011,2011,11-Jul-2024,Lagos,Ifako-Ijaiye,www.gtcoholdingsplc.ng,"CIT,VAT,WHT,CGT"
d446a43b-d6d9-45aa-8e4f-76999b8396dc,RC-963547,8532102526747,FBN Services PLC,Tech,PLC,4276405293.478856,3982620683.7794847,507166914.2167558,1194786205.1338453,159304827.3511794,817,301168833.160606,200791285.2803651,12-Jun-2017,2017,06-Jun-2024,Delta,Ughelli North,www.fbnservicesplc.ng,"CIT,VAT,WHT,CGT"
620b7fa0-25fb-44c6-ac15-d065530324ea,RC-400076,1603284837885,Kuda Nigeria PLC,Fintech,PLC,4688190022.6461115,3304627664.7742186,830010378.2710733,991388299.4322655,132185106.59096874,465,176500487.90826777,226946205.06911007,18-Oct-2013,2013,13-Feb-2024,Lagos,Agege,www.kudanigeriaplc.ng,"CIT,VAT,WHT,CGT"
c69e5db6-f9af-499b-a09e-deb88f4960e5,RC-998012,7355881848712,Oando Nigeria LLP,Agro,LLP,4225681491.6386065,2954960086.171058,643877901.1857321,886488025.8513174,118198403.44684233,862,340297411.2591255,168885187.56647065,17-Aug-2013,2013,14-Sep-2024,Oyo,Ibadan South-West,www.oandonigeriallp.com.ng,"CIT,VAT,WHT,CGT"
a3d4b438-ce3c-4c7b-8a81-bf1c59f64099,RC-998045,5521428471572,Pointek Systems NGO/Gte,Fintech,NGO/Gte,3278507951.782703,2550374732.576742,786146520.347721,765112419.7730227,102014989.3030697,804,96249496.21086988,88268520.38362743,26-Aug-2024,2024,12-Mar-2025,Lagos,Alimosho,www.pointeksystemsngo/gte.org.ng,"CIT,VAT,WHT,CGT"
41efd52d-97af-4bc6-ae6d-43bc7b1e2c80,RC-148206,7400678801655,Sterling Services Ltd,Tech,Ltd,4105055307.5466695,3104480620.1212993,551073815.5388093,931344186.0363897,124179224.80485198,50,21513519.19591546,44218926.02942834,14-Nov-2023,2023,11-Sep-2024,Anambra,Nnewi North,www.sterlingservicesltd.com.ng,"CIT,VAT,WHT,CGT"
dffb1419-214a-46e3-a039-9168a5538902,RC-988523,4213573572535,Silverbird Holdings Ltd,Energy,Ltd,4425214530.298784,2490723481.831049,596851069.182366,747217044.5493146,99628939.27324197,230,84765684.6733926,55654596.24535761,08-Aug-2011,2011,19-Apr-2025,Plateau,Barkin Ladi,www.silverbirdholdingsltd.net.ng,"CIT,VAT,WHT,CGT"
729e3022-28eb-4660-b342-fb643593fb44,RC-926193,7581636608804,Access Industries LLP,Manufacturing,LLP,1652526535.8013225,1536643469.9029102,332340537.67934704,460993040.97087306,61465738.79611641,41,14325159.688622903,84972913.0860817,20-May-2023,2023,15-Apr-2024,Enugu,Enugu North,www.accessindustriesllp.com.ng,"CIT,VAT,WHT,CGT"
d2e0a266-f2c1-4d06-83eb-fffe188c9296,RC-454365,2858377365078,Sterling Ventures PLC,Energy,PLC,828307234.9556282,458454885.9511574,121538433.99640678,137536465.78534722,18338195.438046295,577,107325476.191825,26500088.9704728,11-Nov-2018,2018,30-Jul-2024,Oyo,Ibadan South-West,www.sterlingventuresplc.com.ng,"CIT,VAT,WHT,CGT"
531cba35-3107-4390-8d6f-74ea1bb0e0ad,RC-543831,4100686111171,Peace Mass Holdings LLP,Energy,LLP,280481650.49533886,269942395.8012048,44169796.47714842,80982718.74036144,10797695.832048193,904,229373451.90798172,2594246.3610775894,27-Oct-2021,2021,30-Dec-2024,Edo,Ikpoba-Okha,www.peacemassholdingsllp.com.ng,"CIT,VAT,WHT,CGT"
f850af48-3d29-4384-a0a5-a0aabd2096f1,RC-377186,1403636003856,Cadbury Systems LLP,Agro,LLP,3484974864.0620317,3308779305.1254272,787561943.237223,992633791.5376282,132351172.20501709,39,15906048.510947976,140570973.3503922,06-Jun-2011,2011,23-May-2024,Rivers,Eleme,www.cadburysystemsllp.com.ng,"CIT,VAT,WHT,CGT"
120e3f38-d945-43ba-9842-b23b10cdaea8,RC-345305,6141705715380,MTN Logistics Ltd,Fintech,Ltd,1450264312.269115,1154253141.568973,271697809.1123521,346275942.4706919,46170125.662758924,643,231180163.6645675,47987801.60279338,17-Jul-2022,2022,21-Apr-2025,Kano,Gwale,www.mtnlogisticsltd.com.ng,"CIT,VAT,WHT,CGT"
4f8cdf3b-fc95-4918-8638-a34e2fb2a0c0,RC-775042,3556875607141,Peace Mass Networks LLP,Manufacturing,LLP,226771491.46938878,218154267.2983836,26579207.30975097,65446280.18951508,8726170.691935344,844,394331280.89772594,2773332.2564000855,01-Feb-2012,2012,28-Apr-2024,Lagos,Ifako-Ijaiye,www.peacemassnetworksllp.com.ng,"CIT,VAT,WHT,CGT"
59a3dcb3-aa31-49db-95ac-cab65a4cb8ce,RC-644685,0442860842834,ABC Transport Networks PLC,Manufacturing,PLC,1419012055.407482,1387949289.3021061,194580393.91047472,416384786.79063183,55517971.57208425,1042,500097451.5801315,65241432.55112038,02-Feb-2015,2015,07-May-2024,Kwara,Offa,www.abctransportnetworksplc.com.ng,"CIT,VAT,WHT,CGT"
ca95fc5d-db79-43d2-aa37-6decfd8e1229,RC-590575,3608161577688,Sterling Industries NGO/Gte,Tech,NGO/Gte,110140893.21856777,59516414.44792409,13412628.647392508,17854924.334377225,0.0,211,18871719.335021134,2060210.0594929988,27-Sep-2016,2016,25-Feb-2024,Lagos,Eti-Osa,www.sterlingindustriesngo/gte.ng,"CIT,VAT,WHT,CGT"
df1cf612-ead8-4940-b7c1-236f847f825a,RC-907263,0666200152013,AltSchool Global NGO/Gte,Agro,NGO/Gte,1968592413.7198358,1680878350.454729,252345069.814796,504263505.1364187,67235134.01818916,556,252324065.7248291,13252696.211669419,28-Apr-2011,2011,07-Sep-2024,Ogun,Sagamu,www.altschoolglobalngo/gte.org.ng,"CIT,VAT,WHT,CGT"
38298a63-53c7-41c2-b3e6-a8c77ba5b1cb,RC-988196,5031687423737,Access Bank Resources NGO/Gte,Energy,NGO/Gte,611796121.9964886,518338478.72580165,132417675.60835305,155501543.61774048,20733539.149032068,209,95045542.77467279,36379020.22975483,09-Dec-2012,2012,01-Nov-2025,Kano,Kano Municipal,www.accessbankresourcesngo/gte.ng,"CIT,VAT,WHT,CGT"
0b8e6b01-d714-4738-98b5-be4173edaae1,RC-284006,4762431025602,Airtel Logistics LLP,Agro,LLP,4889971469.437595,4612556478.240806,1020087183.9651433,1383766943.4722416,184502259.12963223,14,786699.9366172324,331935244.3650503,31-May-2022,2022,16-Nov-2024,Abuja (FCT),Abaji,www.airtellogisticsllp.com.ng,"CIT,VAT,WHT,CGT"
32a21bb6-f363-41f2-a165-785e26436d74,RC-218204,2432656545074,BUA Cement Logistics LLP,Fintech,LLP,1086637936.8520808,733146813.3566345,251979814.70143422,219944044.00699034,29325872.53426538,674,227651627.30335346,3875575.3444238254,24-Mar-2015,2015,03-Mar-2024,Delta,Sapele,www.buacementlogisticsllp.com.ng,"CIT,VAT,WHT,CGT"
b15288a9-0824-4b1e-aca9-5a67e2bbab64,RC-610714,0717244647738,Nestle Technologies LLP,Fintech,LLP,1772737353.4989092,909952884.9486002,223403899.32638258,272985865.48458004,36398115.39794401,406,105121707.03034785,62343085.278030954,27-Feb-2013,2013,06-Oct-2024,Kaduna,Zaria,www.nestletechnologiesllp.com.ng,"CIT,VAT,WHT,CGT"
3c74dce7-31af-4dd1-a58b-7ab6bc6d7e1d,RC-353977,6711108884820,Kuda Industries Ltd,Retail,Ltd,2223821021.8522134,2076489126.13356,518150028.55538785,622946737.840068,83059565.0453424,1066,485941971.05501646,119842817.22262926,22-Apr-2013,2013,05-Jun-2025,Rivers,Okrika,www.kudaindustriesltd.com.ng,"CIT,VAT,WHT,CGT"
42deebf6-0a7e-4990-b1d0-beaca8555626,RC-479445,1208132616666,MainOne Enterprises LLP,Retail,LLP,2887791187.4398255,1948417194.0714712,322258357.8097965,584525158.2214414,77936687.76285885,1190,234526518.40344012,20300102.667154618,02-Mar-2023,2023,17-May-2024,Lagos,Kosofe,www.mainoneenterprisesllp.com.ng,"CIT,VAT,WHT,CGT"
c61593e5-b5c3-455b-9b93-d4fdf2c3d919,RC-374780,8485321012855,UBA Industries LLP,Tech,LLP,99937218.75509746,82944183.01242268,19511743.87883468,24883254.903726805,0.0,29,7712604.12335764,4142722.47872568,10-May-2011,2011,25-Mar-2025,Rivers,Port Harcourt,www.ubaindustriesllp.com.ng,"CIT,VAT,WHT,CGT"
8317cf49-55ba-46fd-b37c-527cc150cc24,RC-386749,6220202751188,SevenUp West Africa PLC,Agro,PLC,686132799.5729041,357749046.38724935,147466888.98104933,107324713.9161748,14309961.855489975,1071,333102533.23722166,25466241.99688569,22-Aug-2021,2021,30-Dec-2025,Lagos,Surulere,www.sevenupwestafricaplc.ng,"CIT,VAT,WHT,CGT"
8e7dd74a-ad0c-4eb1-901d-2fdf4ed3eddb,RC-953407,6505182653420,Dangote Networks NGO/Gte,Energy,NGO/Gte,4754969185.798807,4280294303.981156,461183499.0829919,1284088291.1943467,171211772.15924624,845,259367982.13564298,39888254.710019596,24-Jun-2011,2011,29-Jul-2025,Lagos,Oshodi-Isolo,www.dangotenetworksngo/gte.org.ng,"CIT,VAT,WHT,CGT"
1e50ef00-5d83-41ee-ac79-ee1c8564624a,RC-107770,5080611506534,AltSchool Resources Ltd,Tech,Ltd,3784517168.3007145,2526137611.4681983,433939714.95939004,757841283.4404595,101045504.45872794,1137,397007419.6940394,17410687.751063105,26-Oct-2012,2012,06-Dec-2024,Kano,Tarauni,www.altschoolresourcesltd.com.ng,"CIT,VAT,WHT,CGT"
c5eab109-599b-4445-9d98-24869ea63c0f,RC-218934,7804604150337,Galaxy Backbone Enterprises LLP,Tech,LLP,4103106481.736768,2672728695.391312,767444484.5525177,801818608.6173936,106909147.81565249,782,369822810.7708714,134825675.66371828,19-Jul-2025,2025,02-Mar-2025,Edo,Ikpoba-Okha,www.galaxybackboneenterprisesllp.com.ng,"CIT,VAT,WHT,CGT"
709e387f-7520-45d5-a067-16923d89d9b2,RC-130816,4184511077832,Jumia Nigeria Ltd,Fintech,Ltd,4933131336.995838,2864759418.4126053,840220194.1574484,859427825.5237815,114590376.73650421,839,268888528.7243423,4270763.47010812,03-Jul-2022,2022,04-Apr-2025,Lagos,Alimosho,www.jumianigerialtd.com.ng,"CIT,VAT,WHT,CGT"
1e293259-1fc8-4dcc-9580-75ddd35798f0,RC-770003,6004658700201,Zenith Solutions NGO/Gte,Retail,NGO/Gte,3066170659.67609,2335970503.7515635,518515393.19494796,700791151.1254691,93438820.15006255,17,3464865.59076677,58053602.44260204,28-Apr-2024,2024,02-Oct-2025,Oyo,Akinyele,www.zenithsolutionsngo/gte.ng,"CIT,VAT,WHT,CGT"
a816ae37-d210-4433-99c0-6feffc3adca0,RC-226673,8765381626886,FBN Holdings PLC,Agro,PLC,2346774678.445271,2044486778.9169133,413373147.26954144,613346033.675074,81779471.15667653,333,70156893.75035265,144557659.7860798,19-May-2017,2017,08-Jan-2026,Edo,Oredo,www.fbnholdingsplc.com.ng,"CIT,VAT,WHT,CGT"
5c438426-8ab2-4986-8c96-bcfc228ac6d5,RC-451688,0621476782755,Union Bank West Africa NGO/Gte,Energy,NGO/Gte,1038676243.996458,672032397.2540853,230198167.31786394,201609719.17622557,26881295.890163414,720,75329093.22621915,18048359.200049303,18-Oct-2016,2016,18-Jun-2025,Abuja (FCT),Kwali,www.unionbankwestafricango/gte.org.ng,"CIT,VAT,WHT,CGT"
751f3d1d-ea08-4480-b61c-93b19bc41dcd,RC-208690,5481506563836,Union Bank Holdings LLP,Fintech,LLP,4954752322.183432,3073898251.006149,1065748229.3933537,922169475.3018446,122955930.04024595,1192,371778394.30710304,105768324.33288904,17-Aug-2024,2024,29-Feb-2024,Lagos,Eti-Osa,www.unionbankholdingsllp.com.ng,"CIT,VAT,WHT,CGT"
3b839939-b171-46fc-aaa3-caa764d90094,RC-324865,6511842777484,Dangote Sugar Industries LLP,Retail,LLP,4272385276.8320475,3708890254.8038816,890035190.2115633,1112667076.4411645,148355610.19215527,713,293928657.40703195,21550466.939639103,28-Jul-2014,2014,25-Nov-2024,Delta,Sapele,www.dangotesugarindustriesllp.com.ng,"CIT,VAT,WHT,CGT"
4e2ed999-984c-4bdb-bd13-99b0e13734af,RC-981209,5617284714876,Nigerian Breweries Logistics LLP,Tech,LLP,2510513589.961516,2396170370.7548347,330350364.6658339,718851111.2264503,95846814.83019339,233,63891006.12627328,118839287.89507246,18-Dec-2018,2018,27-Jun-2025,Abuja (FCT),Bwari,www.nigerianbrewerieslogisticsllp.com.ng,"CIT,VAT,WHT,CGT"
79a0fa55-ea41-4222-bfeb-c74328d41177,RC-472649,2204588350015,Konga Holdings Ltd,Tech,Ltd,880788237.4888381,683880389.0278851,136868469.15368107,205164116.70836553,27355215.561115403,1046,374495540.70753944,29582033.755335312,11-Mar-2011,2011,10-Sep-2025,Oyo,Ibadan North,www.kongaholdingsltd.net.ng,"CIT,VAT,WHT,CGT"
611426b4-9258-44b3-a622-6260711760f7,RC-320254,7761862806851,Moniepoint Systems Ltd,Manufacturing,Ltd,3288064205.8042164,2775602472.560113,300936806.9449075,832680741.7680339,111024098.90240452,1099,295139358.7235164,110392029.1853818,16-Dec-2016,2016,11-Oct-2024,Anambra,Idemili South,www.moniepointsystemsltd.net.ng,"CIT,VAT,WHT,CGT"
c6955eaf-8c3c-4594-9fe2-a5bb71b64628,RC-234336,0155308044667,Airtel West Africa LLP,Retail,LLP,3951397269.222568,3190569535.5066166,980255008.0185484,957170860.6519849,127622781.42026466,1134,418034943.62147766,148340029.68898645,31-Dec-2015,2015,16-Jul-2025,Rivers,Eleme,www.airtelwestafricallp.com.ng,"CIT,VAT,WHT,CGT"
c4794561-ad8c-45d6-9041-6a1c6287b257,RC-285943,7788600842065,MTN Systems NGO/Gte,Tech,NGO/Gte,4758001891.133813,3249249069.7869773,1108341882.8682368,974774720.9360931,129969962.7914791,1057,413701120.89313346,170705849.0503465,23-Jan-2019,2019,17-Aug-2024,Abuja (FCT),Gwagwalada,www.mtnsystemsngo/gte.ng,"CIT,VAT,WHT,CGT"
c5d5a5df-2c39-4ad5-9738-ab9a659567db,RC-690509,3544283281426,Honeywell Holdings LLP,Fintech,LLP,3709689900.7568054,3121920067.6055217,456826465.62224466,936576020.2816565,124876802.70422088,674,299215269.92206836,127910640.12232764,18-Aug-2014,2014,08-Oct-2024,Abuja (FCT),Gwagwalada,www.honeywellholdingsllp.com.ng,"CIT,VAT,WHT,CGT"
dcde346b-08d6-42ad-9062-3a9fe7902a6a,RC-111208,3177008381431,TotalEnergies Solutions NGO/Gte,Tech,NGO/Gte,2120404880.9428935,1446944353.402443,456536032.54150295,434083306.0207329,57877774.13609772,210,91556459.05164737,95019832.67334607,27-Aug-2018,2018,29-Jul-2025,Kwara,Offa,www.totalenergiessolutionsngo/gte.org.ng,"CIT,VAT,WHT,CGT"
d41c3d10-3d55-447f-8053-11247e9edf25,RC-389798,5727452067224,Rack Centre Enterprises Ltd,Tech,Ltd,3936149200.596238,3903199621.472748,650225918.5690844,1170959886.4418242,156127984.8589099,410,121190692.7670679,197676850.5779558,20-Aug-2023,2023,18-Jan-2025,Abuja (FCT),Gwagwalada,www.rackcentreenterprisesltd.com.ng,"CIT,VAT,WHT,CGT"
d205aa16-6a2b-4fea-b354-7e2c00da2fd6,RC-840394,0650550411478,Airtel Ventures LLP,Manufacturing,LLP,943611034.4951347,782116978.9310255,190495760.21464607,234635093.67930764,31284679.15724102,795,73764919.41143917,44037421.61227032,30-Aug-2023,2023,19-Jul-2024,Oyo,Akinyele,www.airtelventuresllp.com.ng,"CIT,VAT,WHT,CGT"
bf59aa02-9cff-4aba-b39b-9f3d2c38fdea,RC-894344,7814210888771,Airtel Networks NGO/Gte,Fintech,NGO/Gte,2659670722.52824,1996048676.551756,238926980.7006855,598814602.9655267,79841947.06207024,1098,266282972.74685553,3202360.1948536476,03-May-2020,2020,30-Jun-2024,Akwa Ibom,Uyo,www.airtelnetworksngo/gte.ng,"CIT,VAT,WHT,CGT"
141e4320-cd9b-4420-aea8-94db83fd8dd0,RC-352642,6270567713463,GIG Logistics Enterprises LLP,Manufacturing,LLP,3104011809.5978537,2510236452.3184323,670695664.4829606,753070935.6955297,100409458.0927373,689,129668282.3812622,106718427.01346307,18-Dec-2022,2022,07-Jul-2025,Kano,Nasarawa,www.giglogisticsenterprisesllp.com.ng,"CIT,VAT,WHT,CGT"
c05208c6-1ca4-48da-95f6-945cf667fd6d,RC-167837,7644430145738,Decagon Nigeria Ltd,Manufacturing,Ltd,2801505783.3607984,1811515942.9258008,294661647.7709337,543454782.8777403,72460637.71703203,739,92311757.7170092,56500224.48455787,25-Jun-2017,2017,02-Mar-2025,Lagos,Mushin,www.decagonnigerialtd.net.ng,"CIT,VAT,WHT,CGT"
a02bb19f-03f4-4bbf-a689-fc1d20ed267d,RC-114256,5256412571377,GTBank Industries NGO/Gte,Manufacturing,NGO/Gte,4904714585.710379,3993520869.2388887,440711252.0838853,1198056260.7716665,159740834.76955554,825,170234370.93431902,226940608.34066767,02-Oct-2011,2011,20-Oct-2025,Rivers,Eleme,www.gtbankindustriesngo/gte.org.ng,"CIT,VAT,WHT,CGT"
c2066f54-be12-4f8a-8f1f-7be43f770463,RC-768510,8677053680670,TotalEnergies Group Ltd,Tech,Ltd,1383009134.9781284,1280144734.2227147,271689677.9809599,384043420.2668144,51205789.368908584,299,27170701.569503374,38940207.209349625,24-Nov-2013,2013,04-Mar-2025,Delta,Warri South,www.totalenergiesgroupltd.com.ng,"CIT,VAT,WHT,CGT"
5e7a2bf7-44bc-4bfd-bfda-5f78e6a73df8,RC-880067,7060776474716,BUA Cement West Africa PLC,Agro,PLC,2048223839.8899372,1377817578.6120703,209598003.19270113,413345273.5836211,55112703.144482814,293,113175311.19444141,29322274.788634226,11-May-2023,2023,28-Feb-2024,Oyo,Ibadan North,www.buacementwestafricaplc.ng,"CIT,VAT,WHT,CGT"
b65ce92f-f383-46ce-b719-1f8e562e49c7,RC-648222,7067816688408,Zenith Enterprises NGO/Gte,Fintech,NGO/Gte,2611110981.2831492,2323110588.2419615,650446541.0511639,696933176.4725884,92924423.52967846,364,12250652.493713403,40676573.78386489,27-Dec-2014,2014,07-Nov-2024,Lagos,Oshodi-Isolo,www.zenithenterprisesngo/gte.org.ng,"CIT,VAT,WHT,CGT"
30d86054-0f97-4de0-8a56-6ff6da203436,RC-670847,2842628522126,PiggyVest Nigeria Ltd,Tech,Ltd,3365784121.6391463,1869523903.9751334,760991954.0684577,560857171.19254,74780956.15900534,926,185069065.42375273,137303075.14131647,08-Dec-2012,2012,27-Oct-2025,Delta,Warri South,www.piggyvestnigerialtd.com.ng,"CIT,VAT,WHT,CGT"
45c09fdb-b45f-42dd-a4eb-9d5f13cee41f,RC-324205,4144403288842,Palmpay Technologies LLP,Agro,LLP,3458726699.2987027,2995484415.2937098,385493913.5997745,898645324.588113,119819376.6117484,1081,43262440.57181127,186680226.80278578,14-Mar-2021,2021,16-Mar-2024,Plateau,Jos South,www.palmpaytechnologiesllp.com.ng,"CIT,VAT,WHT,CGT"
aafd79cf-15ec-46e5-bea0-9aec8629376c,RC-215145,3786466420762,Nigerian Breweries Networks NGO/Gte,Tech,NGO/Gte,1948714757.9142928,1647788288.0054893,374569259.20879304,494336486.4016468,65911531.52021957,39,1648814.6873061405,11885719.810975542,17-Apr-2021,2021,18-Dec-2025,Kwara,Ilorin East,www.nigerianbreweriesnetworksngo/gte.ng,"CIT,VAT,WHT,CGT"
9abe9f2e-3977-4637-8762-22d19769b238,RC-894829,8774625010246,Palmpay Networks PLC,Tech,PLC,16285096.051367054,11542392.814693348,3326723.885493581,0.0,0.0,34,6958433.961972683,614546.0234708699,12-Aug-2023,2023,06-Dec-2024,Anambra,Onitsha North,www.palmpaynetworksplc.com.ng,"CIT,VAT,WHT,CGT"
6623e77e-9a9a-46eb-aaeb-0cb9e20d8e85,RC-269484,4304633844536,Zenith Services LLP,Manufacturing,LLP,612560710.076585,586012192.1678876,57220620.739619896,175803657.65036628,23440487.686715502,861,216953452.03374305,35853454.11856584,17-Mar-2012,2012,18-Oct-2024,Lagos,Ikeja,www.zenithservicesllp.com.ng,"CIT,VAT,WHT,CGT"
4de624fe-d570-43e3-bf9e-878f8ad07615,RC-606923,5184720168380,Konga Holdings NGO/Gte,Agro,NGO/Gte,2362917547.186716,2129383144.7022214,351760431.06235975,638814943.4106663,85175325.78808886,891,95255483.47705065,54763765.79149181,08-Feb-2025,2025,25-Jan-2026,Abuja (FCT),Abaji,www.kongaholdingsngo/gte.org.ng,"CIT,VAT,WHT,CGT"
cfe4f89d-7c8f-472a-bf33-9868a07f5f48,RC-582031,7660585538685,Shoprite Services Ltd,Fintech,Ltd,4243747083.527884,3231825801.169715,1007877117.6576691,969547740.3509145,129273032.0467886,974,318041282.8257047,90716712.35036637,30-Mar-2015,2015,18-Dec-2024,Anambra,Idemili South,www.shopriteservicesltd.com.ng,"CIT,VAT,WHT,CGT"
4ef61ea9-4c16-47c0-a9be-edc41954aaf7,RC-844893,2820563203821,Paystack Group PLC,Retail,PLC,1479786819.004779,1120690950.5114112,222719720.1783597,336207285.15342337,44827638.02045645,586,230271911.56227094,7365737.236597495,18-Mar-2024,2024,19-Jan-2026,Rivers,Eleme,www.paystackgroupplc.com.ng,"CIT,VAT,WHT,CGT"
e8a36e71-ad53-48bf-9c22-061375092c3d,RC-509390,0006111215277,Chi Holdings PLC,Manufacturing,PLC,3437411847.6539917,2740257164.4325337,379018902.00086445,822077149.3297601,109610286.57730135,462,114220202.27543932,178098389.5690745,29-Jul-2011,2011,30-Dec-2024,Kano,Kano Municipal,www.chiholdingsplc.ng,"CIT,VAT,WHT,CGT"
4b7d30f0-4b16-4e63-b36b-375afc507b0e,RC-337666,2684151843414,UBA Enterprises LLP,Energy,LLP,3935972873.916174,3547132393.961529,607751895.2853302,1064139718.1884586,141885295.75846115,385,187654703.42064968,70991097.50914906,09-Jul-2024,2024,10-Jul-2024,Akwa Ibom,Eket,www.ubaenterprisesllp.com.ng,"CIT,VAT,WHT,CGT"
c579ab9f-9d73-4338-a596-88474e293596,RC-222445,4745273403726,Sterling Bank Global LLP,Agro,LLP,3220590406.3799815,2748664498.427758,350473424.1592452,824599349.5283275,109946579.93711033,1193,274230963.35928786,148733617.219133,27-May-2018,2018,28-Oct-2025,Rivers,Ikwerre,www.sterlingbankgloballlp.com.ng,"CIT,VAT,WHT,CGT"
bf2d8a36-118b-4dd5-8d16-d7e56ece63b5,RC-430122,3430323475727,Cadbury Group LLP,Tech,LLP,85879754.1991843,57131484.549133115,18489093.85674149,17139445.364739932,0.0,58,23213785.396132074,1822180.222592939,15-Nov-2021,2021,03-Oct-2024,Anambra,Idemili South,www.cadburygroupllp.com.ng,"CIT,VAT,WHT,CGT"
75c73d3d-01ee-45ff-8a5e-222a303c35db,RC-947259,2104842017453,FBN Systems LLP,Agro,LLP,385996458.72143817,351041900.1878184,70464416.90760908,105312570.05634552,14041676.007512737,209,88189536.52641332,21835525.01796963,29-Nov-2023,2023,05-Mar-2025,Akwa Ibom,Uyo,www.fbnsystemsllp.com.ng,"CIT,VAT,WHT,CGT"
ead2d39f-83bc-4925-ad24-cde0101d489b,RC-700766,3641855732601,Mikano Ventures NGO/Gte,Manufacturing,NGO/Gte,2066180719.487329,1895930252.7400446,502169789.52656287,568779075.8220134,75837210.10960178,105,34303310.622998886,61918761.602014184,06-Sep-2024,2024,18-Apr-2025,Kwara,Ilorin East,www.mikanoventuresngo/gte.ng,"CIT,VAT,WHT,CGT"
5335310b-b962-4e53-87bd-8780dded1f60,RC-900332,0723066747544,UBA Technologies Ltd,Tech,Ltd,1911439231.6326568,1856103104.2211926,288979821.3237774,556830931.2663578,74244124.16884771,27,2414851.3263796405,8278646.328044195,24-Aug-2016,2016,16-Feb-2024,Rivers,Obio-Akpor,www.ubatechnologiesltd.net.ng,"CIT,VAT,WHT,CGT"
e91f8854-61e3-4e68-b8d6-199c62de2a48,RC-556349,7786854334042,Andela Services NGO/Gte,Retail,NGO/Gte,395191865.916904,246821722.10422817,63001371.05663345,74046516.63126844,9872868.884169128,914,315721328.47174025,12831686.95463192,01-Jul-2015,2015,15-Jan-2026,Plateau,Jos South,www.andelaservicesngo/gte.ng,"CIT,VAT,WHT,CGT"
124d01c2-ec14-4203-901f-55abe5b72cdc,RC-633046,5310334010314,Decagon Industries NGO/Gte,Fintech,NGO/Gte,1206041267.127699,1037247433.5111055,134727232.13137224,311174230.0533317,41489897.34044422,66,32190328.283193957,8556357.233652577,06-Sep-2020,2020,13-Jul-2025,Kano,Gwale,www.decagonindustriesngo/gte.org.ng,"CIT,VAT,WHT,CGT"
ccfa0e71-cf29-49d8-833c-949b4707209e,RC-261834,7787508172612,Access Bank Nigeria Ltd,Energy,Ltd,1038844992.1397336,847128856.021094,209025074.772991,254138656.80632818,33885154.24084376,130,32569482.523884293,2516285.725275654,06-Sep-2012,2012,19-Nov-2025,Oyo,Ibadan South-West,www.accessbanknigerialtd.com.ng,"CIT,VAT,WHT,CGT"
899bc93f-61e7-442c-bcb3-a6b241ef0598,RC-456248,8850737740138,First Bank Group LLP,Retail,LLP,1443331508.9056823,1376351224.6494071,151426949.66962895,412905367.3948221,55054048.985976286,989,465565059.8352489,20369033.745023806,16-Jul-2021,2021,05-Jan-2025,Ogun,Abeokuta North,www.firstbankgroupllp.com.ng,"CIT,VAT,WHT,CGT"
3bc23bcc-5ee7-47a0-8958-799253c86219,RC-674999,7718805840872,Ibeto West Africa NGO/Gte,Fintech,NGO/Gte,4580839475.780627,2668894369.3822565,722805910.3802102,800668310.8146769,106755774.77529027,727,108325740.0585444,33429449.558984436,17-Jul-2023,2023,28-Jul-2024,Rivers,Eleme,www.ibetowestafricango/gte.org.ng,"CIT,VAT,WHT,CGT"
0bce7eea-19bb-4b0a-bd46-0c9358514d25,RC-838645,3203308567064,Kuda Industries LLP,Fintech,LLP,54505245.65022782,43084615.06959577,12070497.929582292,0.0,0.0,271,67335946.68159667,555424.4101602476,08-Jul-2018,2018,04-Nov-2024,Rivers,Obio-Akpor,www.kudaindustriesllp.com.ng,"CIT,VAT,WHT,CGT"
f73edb4d-4756-4497-8248-469bd737fc56,RC-205321,2263381108064,Zenith Bank Technologies PLC,Tech,PLC,4309855133.248446,3443280742.585876,509789825.5763198,1032984222.7757628,137731229.70343503,139,62585110.34538566,37829436.7974072,16-May-2016,2016,01-Apr-2024,Ogun,Sagamu,www.zenithbanktechnologiesplc.com.ng,"CIT,VAT,WHT,CGT"
b5f1ff74-5147-4837-8783-54250a32cdff,RC-830403,4278747183765,Ardova Nigeria LLP,Tech,LLP,526647476.30715466,344568924.5416156,43742833.320998415,103370677.36248468,13782756.981664624,1044,488041967.1713992,19012380.982631944,29-Nov-2011,2011,15-Nov-2024,Abuja (FCT),Kuje,www.ardovanigeriallp.com.ng,"CIT,VAT,WHT,CGT"
28e1c73f-ab0f-4d0f-b564-d7a9745dd3f3,RC-407724,7356216717313,Chi Holdings NGO/Gte,Tech,NGO/Gte,846241178.9504247,429886740.964505,206534809.93114915,128966022.2893515,17195469.6385802,1146,487969121.2925729,31241622.700523175,15-Apr-2017,2017,15-May-2024,Abuja (FCT),Gwagwalada,www.chiholdingsngo/gte.ng,"CIT,VAT,WHT,CGT"
1786b623-b9b2-4fda-8193-09eca9d4ea4e,RC-409006,2028703845812,Flutterwave Systems PLC,Fintech,PLC,1287239672.3774655,1162223917.5322442,164506155.35067496,348667175.25967324,46488956.701289766,569,44227449.13135848,14413300.307961576,22-Dec-2025,2025,06-Oct-2024,Edo,Oredo,www.flutterwavesystemsplc.com.ng,"CIT,VAT,WHT,CGT"
0bec16a1-d1b3-4678-a61f-0dd10f3501b8,RC-228413,7418416087463,Cadbury Technologies NGO/Gte,Manufacturing,NGO/Gte,1903973935.9606,1413254265.7844677,400447128.2913627,423976279.7353403,56530170.63137871,987,364165032.6740249,66009728.55301657,24-Mar-2014,2014,13-Oct-2025,Plateau,Barkin Ladi,www.cadburytechnologiesngo/gte.org.ng,"CIT,VAT,WHT,CGT"
d499be91-ad60-4ebc-9400-c4c4800f38e1,RC-264044,7376511577861,Ibeto Networks NGO/Gte,Energy,NGO/Gte,4190755071.1772165,3855930016.2147317,729808718.0223984,1156779004.8644195,154237200.64858928,830,355832450.5923978,198745421.1719834,19-Jul-2011,2011,22-Oct-2024,Lagos,Surulere,www.ibetonetworksngo/gte.org.ng,"CIT,VAT,WHT,CGT"
467ff01d-a602-46ac-ac9a-032e93a6c584,RC-517417,1174821213458,Semicolon Global PLC,Retail,PLC,1255031848.4562669,656898984.2712624,308877471.3807485,197069695.28137872,26275959.370850496,56,6449592.64065858,4194940.779956249,26-Jan-2013,2013,13-Apr-2025,Abuja (FCT),Bwari,www.semicolonglobalplc.com.ng,"CIT,VAT,WHT,CGT"
3e69015d-4a9e-4d88-8b7b-c452799d4952,RC-612655,8851520386614,MTN Networks NGO/Gte,Energy,NGO/Gte,1167695609.952659,1143102155.9374354,160220529.91908744,342930646.7812306,45724086.23749742,913,234697157.4698581,34003347.52569158,12-Oct-2017,2017,10-Aug-2024,Oyo,Akinyele,www.mtnnetworksngo/gte.org.ng,"CIT,VAT,WHT,CGT"
a4fd555f-65b9-4c60-bcd7-28105015ddab,RC-743544,2466126033307,Nestle Logistics NGO/Gte,Energy,NGO/Gte,4660519060.83736,3944400238.0802245,449468703.3705711,1183320071.4240673,157776009.52320898,806,272034034.32147306,260590368.09723735,22-Feb-2022,2022,22-Dec-2024,Kano,Kano Municipal,www.nestlelogisticsngo/gte.org.ng,"CIT,VAT,WHT,CGT"
a7bf5eb1-9a83-49db-b8b3-9795c2786ee1,RC-309846,2617337021837,Palmpay Networks LLP,Tech,LLP,4767847144.968279,4658454374.221016,885343571.7588663,1397536312.2663047,186338174.96884063,211,97917068.21743011,21942174.15125575,31-Dec-2025,2025,08-Aug-2025,Enugu,Nsukka,www.palmpaynetworksllp.com.ng,"CIT,VAT,WHT,CGT"
d3e3ebcb-93ff-4740-9332-bb519b9b2114,RC-877687,0623574342172,Konga Solutions Ltd,Tech,Ltd,1968149143.8917954,1915549189.1556075,295077207.46802574,574664756.7466822,76621967.5662243,658,275477164.8082901,63944429.49404748,08-May-2019,2019,27-Jul-2024,Lagos,Agege,www.kongasolutionsltd.net.ng,"CIT,VAT,WHT,CGT"
6b0be75c-d189-4215-aaaf-7674b4e022b8,RC-508198,4404744550574,Globacom Solutions LLP,Manufacturing,LLP,3131679546.733994,3068743922.3640394,302958524.15610826,920623176.7092118,122749756.89456157,356,110923692.06144592,2501651.664005555,24-Oct-2024,2024,22-Nov-2025,Kaduna,Kafanchan,www.globacomsolutionsllp.com.ng,"CIT,VAT,WHT,CGT"
1dbedb59-4bd9-4f05-b87b-b618dcc76576,RC-658103,7682754227376,Honeywell Solutions LLP,Manufacturing,LLP,1744287501.9313831,1112462451.5109804,308402836.2259692,333738735.4532941,44498498.060439214,806,108114850.43823563,48246364.67206746,02-May-2011,2011,12-Nov-2025,Oyo,Ibadan South-West,www.honeywellsolutionsllp.com.ng,"CIT,VAT,WHT,CGT"
9d4f6ff3-c7bf-41e1-9f4a-87c2dade33f8,RC-834580,7060287167231,GTBank Logistics Ltd,Manufacturing,Ltd,4807531429.817521,2900375733.9483542,1102056039.9061852,870112720.1845063,116015029.35793418,1039,265316307.74480978,216649025.58588356,24-Oct-2013,2013,16-Mar-2024,Delta,Warri South,www.gtbanklogisticsltd.com.ng,"CIT,VAT,WHT,CGT"
bb9ab857-7db7-41a5-b900-081c3b40b2df,RC-633032,7466742536238,Interswitch Group Ltd,Tech,Ltd,3352055110.158384,2791625130.9600787,818972167.579539,837487539.2880236,111665005.23840316,394,173217714.27644014,57547810.97296744,07-Oct-2011,2011,28-Jun-2025,Kwara,Ilorin East,www.interswitchgroupltd.net.ng,"CIT,VAT,WHT,CGT"
eb2d6f9a-a3ac-490c-82ce-611bcdaa361f,RC-220544,6351356184781,Semicolon Systems LLP,Retail,LLP,1207340897.1102126,856938022.9014027,163957673.62843645,257081406.8704208,34277520.91605611,66,30129713.64589957,34136312.31780949,04-May-2016,2016,06-Dec-2024,Plateau,Barkin Ladi,www.semicolonsystemsllp.com.ng,"CIT,VAT,WHT,CGT"
b05d33bf-3662-4467-a07d-a20b36955a11,RC-208472,5248715230442,ABC Transport Services NGO/Gte,Tech,NGO/Gte,1754457305.2383828,1322096249.6686132,210795162.0147058,396628874.9005839,52883849.98674453,1007,399321150.1167207,29219385.78055481,30-Oct-2011,2011,11-Nov-2025,Plateau,Jos North,www.abctransportservicesngo/gte.ng,"CIT,VAT,WHT,CGT"
217acb95-a77a-423f-b181-afcceaabf3ff,RC-816444,4802044668178,UBA Holdings Ltd,Energy,Ltd,768042334.8475314,532347642.55112684,132010670.30560893,159704292.76533803,21293905.702045076,802,105569161.6777708,17799468.018119376,15-Feb-2011,2011,07-Apr-2025,Oyo,Ibadan South-West,www.ubaholdingsltd.com.ng,"CIT,VAT,WHT,CGT"
15d6e59b-4583-41f2-acb3-28d25b8a7ee8,RC-339496,7784353447605,Airtel Industries PLC,Manufacturing,PLC,840736733.3995774,714085994.3691319,200417517.73999804,214225798.31073958,28563439.77476528,1007,135420831.22594577,18653664.55791294,17-Mar-2018,2018,10-Jul-2024,Enugu,Nsukka,www.airtelindustriesplc.ng,"CIT,VAT,WHT,CGT"
855d6075-da43-45fa-b56f-f9169b090857,RC-691799,0838764161135,Seplat West Africa Ltd,Manufacturing,Ltd,875032359.5074116,470633732.5033224,115538297.83662862,141190119.7509967,18825349.300132897,396,34289964.67592573,16612605.466574237,21-Sep-2012,2012,06-Feb-2025,Plateau,Barkin Ladi,www.seplatwestafricaltd.net.ng,"CIT,VAT,WHT,CGT"
51fa0c59-e300-4b8c-b0ef-45cdf4b0c974,RC-966944,2586147778050,Silverbird Networks NGO/Gte,Manufacturing,NGO/Gte,3901411399.747557,2716373588.2318106,547579550.6851478,814912076.4695431,108654943.52927242,405,46024408.985712335,38724538.1855336,20-Jan-2021,2021,07-Oct-2025,Akwa Ibom,Ikot Ekpene,www.silverbirdnetworksngo/gte.org.ng,"CIT,VAT,WHT,CGT"
60154419-ceeb-4e66-82c7-e17dc10531b2,RC-912411,5143070361382,Glovo Solutions Ltd,Fintech,Ltd,356287050.74188375,214060232.0579234,59375164.62794526,64218069.61737702,8562409.282316936,521,53796622.8940709,12808985.573374407,07-Sep-2015,2015,24-Feb-2025,Rivers,Obio-Akpor,www.glovosolutionsltd.net.ng,"CIT,VAT,WHT,CGT"
cd19d413-4851-4f9e-b54f-7d243c46b4a2,RC-182185,6264003632506,Interswitch Logistics NGO/Gte,Tech,NGO/Gte,3637754814.841829,3418671292.204282,899635041.1851623,1025601387.6612844,136746851.68817127,176,29233033.296556357,16361483.217846606,01-Apr-2020,2020,06-Jul-2025,Kano,Nasarawa,www.interswitchlogisticsngo/gte.ng,"CIT,VAT,WHT,CGT"
e942fdb6-7f90-4373-b2de-9ef717a9b372,RC-430009,2201585562234,Pointek Nigeria NGO/Gte,Energy,NGO/Gte,366542320.66436976,299795627.74099606,82218625.03983624,89938688.32229881,11991825.109639842,898,40101661.56040479,13450713.641015135,28-Sep-2022,2022,23-Feb-2025,Lagos,Ikeja,www.pointeknigeriango/gte.ng,"CIT,VAT,WHT,CGT"
f9aef3e3-5054-4438-8f57-56b7facee312,RC-981228,4132278282114,Access Bank Logistics LLP,Energy,LLP,1126605473.9365582,877450799.4117943,119558986.44408175,263235239.82353827,35098031.976471774,1002,311355569.2546678,61840199.78836837,16-Nov-2021,2021,24-Apr-2025,Lagos,Ikeja,www.accessbanklogisticsllp.com.ng,"CIT,VAT,WHT,CGT"
bf6eecc1-863e-40b6-8d2f-2d9fe9f45f60,RC-742415,4550383865287,Flutterwave Technologies NGO/Gte,Fintech,NGO/Gte,304793650.07537663,270172151.1914023,64406431.61007006,81051645.3574207,10806886.047656093,200,52009024.645549156,5757613.846882316,28-Dec-2019,2019,07-Aug-2025,Lagos,Oshodi-Isolo,www.flutterwavetechnologiesngo/gte.ng,"CIT,VAT,WHT,CGT"
84f57eb8-a613-4576-93e1-ccd31d6502d6,RC-203647,6301756423782,Zenith Networks Ltd,Agro,Ltd,536234572.7645217,355126421.19432825,73600099.98241065,106537926.35829847,14205056.847773131,88,38035523.128870465,58901.52734596427,10-Jan-2022,2022,30-Dec-2025,Lagos,Surulere,www.zenithnetworksltd.com.ng,"CIT,VAT,WHT,CGT"
d06d4447-7320-4685-86ad-70e57e69fc02,RC-373849,6802573754505,OPay West Africa PLC,Agro,PLC,4975401790.057658,4521996167.971294,1230011133.9016094,1356598850.3913882,180879846.71885177,7,1704914.3234542178,122821987.23490922,08-Mar-2023,2023,10-Aug-2025,Edo,Ikpoba-Okha,www.opaywestafricaplc.ng,"CIT,VAT,WHT,CGT"
45013783-7248-4ef1-82ff-b0c0e141c429,RC-394688,0734714033671,NLNG Logistics NGO/Gte,Agro,NGO/Gte,4788318794.74555,2981365550.4752035,973529325.7387394,894409665.1425611,119254622.01900814,1027,307410810.3370747,73658765.06607771,14-Oct-2015,2015,08-Feb-2024,Lagos,Lagos Island,www.nlnglogisticsngo/gte.org.ng,"CIT,VAT,WHT,CGT"
ed0b76db-c8d9-4c50-8245-6b63b8abbd1f,RC-694214,5700551123381,Oando Industries PLC,Agro,PLC,2966779228.21991,2111489046.941723,455494722.53676873,633446714.0825169,84459561.87766893,632,81769449.15753707,12712020.048999865,15-Jan-2017,2017,22-Dec-2024,Lagos,Alimosho,www.oandoindustriesplc.ng,"CIT,VAT,WHT,CGT"
0e94c0cf-0282-4a3f-9486-43649970d0c3,RC-898544,1015377215853,Ibeto Ventures NGO/Gte,Fintech,NGO/Gte,4670202987.709923,4299019627.01449,613068137.1021961,1289705888.104347,171960785.0805796,920,82312235.96300189,102022015.17230304,29-Jun-2018,2018,23-Dec-2024,Abuja (FCT),Gwagwalada,www.ibetoventuresngo/gte.org.ng,"CIT,VAT,WHT,CGT"
2ef49891-fa63-4ed0-b21c-7835aba94710,RC-841743,8578847434686,Palmpay Networks NGO/Gte,Agro,NGO/Gte,3334258652.3122454,2195197695.74169,365681361.27754766,658559308.722507,87807907.82966761,506,237129875.77607393,95228980.37524848,30-Jan-2024,2024,10-Feb-2025,Anambra,Nnewi North,www.palmpaynetworksngo/gte.ng,"CIT,VAT,WHT,CGT"
f0e41943-5008-4c57-aaab-4eaa059bf059,RC-606603,2170576660551,Palmpay Logistics Ltd,Agro,Ltd,1985591639.6198025,1575384619.7755098,349230392.0413135,472615385.93265295,63015384.79102039,411,156709449.777222,47508889.89378995,09-Nov-2024,2024,16-May-2024,Rivers,Eleme,www.palmpaylogisticsltd.com.ng,"CIT,VAT,WHT,CGT"
8263f0e8-2165-412f-9590-520d99f6db77,RC-303355,3020448660080,Slot Technologies NGO/Gte,Tech,NGO/Gte,4447852150.686474,4110786444.955068,1109041977.0808249,1233235933.4865203,164431457.79820272,307,82173447.77364299,28441213.04187731,02-Feb-2015,2015,27-Jan-2025,Kwara,Ilorin West,www.slottechnologiesngo/gte.org.ng,"CIT,VAT,WHT,CGT"
f7fad275-c9cb-4bf7-a0b8-3eda98b22e4d,RC-433429,0441621330222,Access Bank Resources LLP,Retail,LLP,4796881477.088584,3569323536.6491632,835644534.7698209,1070797060.994749,142772941.46596652,863,103205898.89051655,164002119.2403755,04-Jun-2016,2016,27-Jun-2025,Edo,Oredo,www.accessbankresourcesllp.com.ng,"CIT,VAT,WHT,CGT"
c5b8e09f-43de-4ee0-aa45-5dd14af12dfc,RC-426171,2881715825582,MTN West Africa LLP,Energy,LLP,1536099024.0071843,1128101330.2570353,236714980.38081178,338430399.0771106,45124053.21028141,1036,450270454.4536476,21374667.37423095,09-Dec-2019,2019,23-Feb-2025,Kwara,Ilorin East,www.mtnwestafricallp.com.ng,"CIT,VAT,WHT,CGT"
b571d5f2-e4c4-42c4-b37d-14d66a054707,RC-885257,6524347346483,Jumia Ventures NGO/Gte,Energy,NGO/Gte,3636021227.207132,1913165621.0875654,724009443.1263973,573949686.3262696,76526624.84350263,687,169604695.9552821,870642.918129786,10-Aug-2015,2015,02-Apr-2025,Abuja (FCT),Gwagwalada,www.jumiaventuresngo/gte.ng,"CIT,VAT,WHT,CGT"
72b31602-c70c-4f17-81e2-75f0ee242703,RC-440202,3341385760683,Access Bank Ventures Ltd,Tech,Ltd,810270968.7457203,468737185.7953671,127096131.04760265,140621155.73861012,18749487.431814685,707,140002678.4629673,4270719.752135729,28-Jun-2015,2015,06-Feb-2024,Plateau,Jos North,www.accessbankventuresltd.net.ng,"CIT,VAT,WHT,CGT"
3b8d7702-3741-4980-940c-674e11d22936,RC-524403,2725474631706,MTN Solutions NGO/Gte,Energy,NGO/Gte,1089963357.4199655,1051787929.9265116,174147980.27353755,315536378.9779535,42071517.197060466,213,60780606.4089761,35800278.83435739,15-Oct-2023,2023,11-Oct-2025,Delta,Ughelli North,www.mtnsolutionsngo/gte.ng,"CIT,VAT,WHT,CGT"
830c88c1-f6e8-4a71-b4b9-bd9ec2f1c697,RC-987543,2326778716772,Access Bank Enterprises PLC,Agro,PLC,2705889983.689018,1811438018.4251194,305301917.53397274,543431405.5275358,72457520.73700477,362,83562531.6160692,8043627.30559272,04-May-2023,2023,06-Oct-2025,Plateau,Jos North,www.accessbankenterprisesplc.com.ng,"CIT,VAT,WHT,CGT"
d91a2b4e-0958-462c-a348-ca788c7b7405,RC-502218,7880254482582,Airtel Resources LLP,Tech,LLP,4242342751.428257,2537605641.1375895,1003079936.8780268,761281692.3412768,101504225.64550358,275,120522664.867694,146882416.94557315,16-Apr-2017,2017,09-Feb-2025,Kaduna,Kafanchan,www.airtelresourcesllp.com.ng,"CIT,VAT,WHT,CGT"
21e5cd5d-7562-455e-bb32-3d98befed7cc,RC-813644,5362058061660,Filmhouse Nigeria NGO/Gte,Fintech,NGO/Gte,3321962523.5833573,2481870183.9982767,580870470.0240871,744561055.199483,99274807.35993107,195,88548042.32790658,3948222.6955222436,19-Feb-2011,2011,20-Jul-2025,Kaduna,Kaduna North,www.filmhousenigeriango/gte.org.ng,"CIT,VAT,WHT,CGT"
aae198ee-503b-4236-9d3c-43b9c4b60718,RC-196433,0326387412036,Pointek Logistics LLP,Manufacturing,LLP,2736474523.9527564,2526922864.1363664,421550512.97290385,758076859.2409099,101076914.56545466,1038,205946609.45933282,16807711.67768744,05-May-2012,2012,07-Sep-2025,Ogun,Sagamu,www.pointeklogisticsllp.com.ng,"CIT,VAT,WHT,CGT"
d04a313e-e2ec-4da6-9cca-a7157fc055b1,RC-159392,3688037875765,Filmhouse Solutions NGO/Gte,Fintech,NGO/Gte,102013369.5075563,72143352.43948062,12277158.55835242,21643005.731844183,0.0,724,214306326.71008158,3073174.9191614036,12-Jul-2014,2014,07-Aug-2025,Kano,Tarauni,www.filmhousesolutionsngo/gte.ng,"CIT,VAT,WHT,CGT"
d5aa74a7-c806-4093-94aa-84eab34eaa79,RC-641941,1821543130245,Zenith Bank Enterprises PLC,Manufacturing,PLC,2052548318.8666177,1110701617.668329,341320894.1158891,333210485.30049866,44428064.70673316,1030,295814730.1170715,68750538.96378712,09-Aug-2018,2018,09-Sep-2024,Edo,Egor,www.zenithbankenterprisesplc.ng,"CIT,VAT,WHT,CGT"
aebde502-b92d-4ebb-a6bc-fb2a0e20b905,RC-396382,6322683460071,Andela Group LLP,Agro,LLP,3403633960.9752574,2575031429.322714,386982424.4721467,772509428.7968141,103001257.17290856,305,133787658.53155121,118807703.03757994,07-Nov-2017,2017,27-Dec-2024,Kano,Kano Municipal,www.andelagroupllp.com.ng,"CIT,VAT,WHT,CGT"
3c8754c4-e328-47be-9aeb-a81afe355cb5,RC-395947,7604207264723,Nigerian Breweries Holdings Ltd,Fintech,Ltd,3699977811.8109026,2434321075.1578503,541329730.0165036,730296322.547355,97372843.00631401,613,235669417.1958146,72509644.56262727,08-Mar-2020,2020,06-Jul-2024,Kano,Kano Municipal,www.nigerianbreweriesholdingsltd.com.ng,"CIT,VAT,WHT,CGT"
84b128a5-ff88-4ac7-82ff-5c1e82666fa9,RC-179442,2250342016607,BUA Cement Ventures NGO/Gte,Fintech,NGO/Gte,1163651813.0337965,1035175295.1950647,213719693.7704912,310552588.55851936,41407011.80780259,62,24977388.959563293,35290601.304836676,23-Apr-2019,2019,06-Jun-2024,Akwa Ibom,Ikot Ekpene,www.buacementventuresngo/gte.org.ng,"CIT,VAT,WHT,CGT"
c99c83a2-6139-4964-8986-ba2dbdf69d4e,RC-353019,8557680147134,Paystack Networks NGO/Gte,Tech,NGO/Gte,2998730608.7608924,2094198923.6043422,630750777.4853932,628259677.0813026,83767956.9441737,1028,269462611.8564259,43690824.94438798,06-Jul-2012,2012,04-Feb-2024,Oyo,Egbeda,www.paystacknetworksngo/gte.org.ng,"CIT,VAT,WHT,CGT"
0544bd0d-deab-4ca0-8938-34b67514e553,RC-366387,1678477102547,Airtel Solutions PLC,Tech,PLC,1869500385.0841246,1856118014.5470655,245310725.41198173,556835404.3641196,74244720.58188263,15,4105608.32444106,125734688.48252912,26-Nov-2015,2015,16-Jul-2024,Lagos,Surulere,www.airtelsolutionsplc.com.ng,"CIT,VAT,WHT,CGT"
bafce691-52a5-4865-b67f-b560cca51a30,RC-139924,0852240036738,Spar Ventures LLP,Manufacturing,LLP,1830043365.97825,1410545081.0732613,277525973.1259078,423163524.3219784,56421803.24293045,321,29771623.370635055,81061912.57829185,18-Aug-2015,2015,12-Mar-2025,Edo,Ikpoba-Okha,www.sparventuresllp.com.ng,"CIT,VAT,WHT,CGT"
14294bec-af9f-44d7-9932-f0d21f5e500a,RC-782335,7620068464205,OPay Enterprises NGO/Gte,Energy,NGO/Gte,3307604395.0430007,1855162146.5661783,587955501.7763532,556548643.9698535,74206485.86264713,797,230936757.6332138,45949239.55385465,10-Aug-2013,2013,16-Jun-2025,Abuja (FCT),Bwari,www.opayenterprisesngo/gte.org.ng,"CIT,VAT,WHT,CGT"
4027f206-4c68-4488-bcec-5d779d4defd3,RC-176235,4750047887755,Ardova Networks LLP,Energy,LLP,3342850326.299729,2508560665.08473,377146069.97821987,752568199.525419,100342426.6033892,1085,183835859.92520002,83021317.51181626,08-Mar-2012,2012,28-Nov-2024,Kwara,Ilorin West,www.ardovanetworksllp.com.ng,"CIT,VAT,WHT,CGT"
74e13872-a734-45e3-b389-914af3cd910d,RC-441007,3461333113425,Paystack Logistics PLC,Agro,PLC,3090689884.374994,1767270528.4360154,550589381.2749661,530181158.5308046,70690821.13744062,785,177463367.73900217,120410685.14426957,08-Sep-2023,2023,15-Mar-2024,Oyo,Akinyele,www.paystacklogisticsplc.com.ng,"CIT,VAT,WHT,CGT"
b8be236c-8556-4886-b426-999506f9ad55,RC-684274,6688765021584,Glovo Industries Ltd,Tech,Ltd,4854320939.431829,3331286627.474575,760238443.9038506,999385988.2423725,133251465.098983,1050,192281634.63760623,156599756.39863333,02-May-2017,2017,15-Apr-2025,Lagos,Ikeja,www.glovoindustriesltd.net.ng,"CIT,VAT,WHT,CGT"
ba86a7fc-ca5f-4951-b0b6-d4e9c3505558,RC-919047,0166863210727,Coscharis Technologies Ltd,Retail,Ltd,1555207057.4408855,1034075018.2058289,264008089.8868329,310222505.46174866,41363000.72823316,704,224546799.455063,54767132.93128329,18-Sep-2017,2017,07-May-2024,Oyo,Egbeda,www.coscharistechnologiesltd.net.ng,"CIT,VAT,WHT,CGT"
a32d9285-6e85-4605-8dd1-fe75bde4ff95,RC-177303,3446237554027,Mikano Industries Ltd,Manufacturing,Ltd,1920359835.6166449,1183377523.5843449,228285492.31079313,355013257.07530344,47335100.94337379,597,109535114.63431367,39495349.59257453,23-Dec-2013,2013,26-Jun-2025,Kaduna,Kafanchan,www.mikanoindustriesltd.com.ng,"CIT,VAT,WHT,CGT"
ac93c6cf-afef-412b-b2ac-c894a5bf29a1,RC-698087,0001437870616,Sterling Solutions NGO/Gte,Energy,NGO/Gte,2062706799.6231506,1254974310.7509832,386219823.4070235,376492293.22529495,50198972.43003933,1122,105519711.34332964,61164197.051764324,28-Sep-2025,2025,13-Aug-2025,Edo,Ikpoba-Okha,www.sterlingsolutionsngo/gte.org.ng,"CIT,VAT,WHT,CGT"
1440b0af-fd38-40af-aff6-ac1d85ceb985,RC-929679,3855516313546,GTBank Nigeria Ltd,Agro,Ltd,3665543746.6517286,2401689128.9367456,866074559.332695,720506738.6810237,96067565.15746982,139,12889665.049307013,68238360.40681669,20-Dec-2025,2025,04-Jul-2024,Ogun,Sagamu,www.gtbanknigerialtd.net.ng,"CIT,VAT,WHT,CGT"
c75a1e6e-80a6-4f9a-a372-48791eef1575,RC-632930,2652434825356,Shoprite Group LLP,Tech,LLP,1978406271.709745,1012062384.5902692,249862518.52852637,303618715.37708074,40482495.38361077,798,133825076.89372587,69627467.83481178,06-Nov-2017,2017,04-Oct-2025,Anambra,Idemili South,www.shopritegroupllp.com.ng,"CIT,VAT,WHT,CGT"
690e3ceb-4a68-4a8d-a25c-74a2237823b1,RC-140121,5403258626450,Dangote Industries LLP,Manufacturing,LLP,2861386618.380391,2646945012.509322,331673005.4936205,794083503.7527966,105877800.50037289,176,66870466.49778277,192302490.40911636,15-Oct-2025,2025,01-Jan-2026,Lagos,Kosofe,www.dangoteindustriesllp.com.ng,"CIT,VAT,WHT,CGT"
21d195e5-8b4d-4654-a62a-e795e2fb9d3c,RC-582894,3376208544634,TotalEnergies Ventures NGO/Gte,Energy,NGO/Gte,615020161.0377616,531854701.45946664,124525046.3679111,159556410.43783998,21274188.058378667,578,276867217.96537906,32521996.7775362,14-Jun-2013,2013,02-Feb-2025,Oyo,Akinyele,www.totalenergiesventuresngo/gte.ng,"CIT,VAT,WHT,CGT"
216644c7-95b5-46ea-8601-96a1055cfb91,RC-361286,1270084201824,Flutterwave Group LLP,Agro,LLP,307669567.6133564,279288331.5152414,66577677.810533166,83786499.45457241,11171533.260609655,745,281589881.7405118,10873688.785196032,21-Jan-2016,2016,12-Sep-2024,Delta,Uyo,www.flutterwavegroupllp.com.ng,"CIT,VAT,WHT,CGT"
122cb1a4-f9f4-495c-a8c6-0c50eeced55a,RC-506431,2328277801226,GTCO Ventures NGO/Gte,Retail,NGO/Gte,951231462.1652678,783723626.464689,204998012.74275446,235117087.9394067,31348945.058587562,163,54505580.37738078,12961296.47459689,17-Nov-2023,2023,04-Dec-2025,Delta,Ughelli North,www.gtcoventuresngo/gte.ng,"CIT,VAT,WHT,CGT"
4ecf730b-9852-4730-a8dd-aca0387c6fa8,RC-279583,3061776318428,Stanbic Logistics PLC,Tech,PLC,3355087663.044327,2543727983.0970473,723458203.0927501,763118394.9291142,101749119.3238819,565,259682605.4762292,11946302.416324493,19-Oct-2011,2011,18-Apr-2024,Rivers,Obio-Akpor,www.stanbiclogisticsplc.ng,"CIT,VAT,WHT,CGT"
20645671-4ceb-44aa-84ba-101dec48548e,RC-466396,5361340462836,PiggyVest Nigeria NGO/Gte,Retail,NGO/Gte,3879224057.5363307,2875006783.0005746,768055763.4552135,862502034.9001724,115000271.32002299,989,94022460.635355,62411826.06934321,29-Jul-2013,2013,01-Sep-2024,Enugu,Enugu North,www.piggyvestnigeriango/gte.ng,"CIT,VAT,WHT,CGT"
79ba923f-f41f-45ff-a9be-96544e5118c8,RC-573772,7102343301878,BUA Cement Resources LLP,Tech,LLP,2674225616.454161,2627357051.6397915,376868315.93551046,788207115.4919374,105094282.06559166,856,193870255.06124058,140848569.82430848,14-Jan-2016,2016,12-Mar-2025,Abuja (FCT),Kwali,www.buacementresourcesllp.com.ng,"CIT,VAT,WHT,CGT"
ca10e8dc-664e-47b7-b1b0-c6e46b1a12f5,RC-119776,4741772043408,SevenUp Resources NGO/Gte,Agro,NGO/Gte,2948781592.98016,1819937629.9654744,390096960.15889275,545981288.9896423,72797505.19861898,950,118473960.81733409,84365007.56797832,13-Feb-2022,2022,04-Nov-2024,Oyo,Ibadan North,www.sevenupresourcesngo/gte.ng,"CIT,VAT,WHT,CGT"
5d64f325-ea25-43cb-a598-bb43add42c69,RC-885336,7421304444061,Elizade Services NGO/Gte,Energy,NGO/Gte,842190684.5321591,501893398.0851479,200299122.13545182,150568019.42554438,20075735.923405915,61,4422497.538516819,1283805.9000192508,21-Oct-2021,2021,25-Nov-2025,Enugu,Nsukka,www.elizadeservicesngo/gte.org.ng,"CIT,VAT,WHT,CGT"
b554a170-1e24-44af-a1ba-5dd159098fde,RC-599992,3122202302614,Shoprite Global LLP,Tech,LLP,3438132795.3483973,2927953151.0808835,743866397.6387995,878385945.324265,117118126.04323535,848,311908775.4296304,138851888.42053375,30-Mar-2019,2019,17-Mar-2025,Kaduna,Kaduna South,www.shopritegloballlp.com.ng,"CIT,VAT,WHT,CGT"
db3b0585-9bac-4e4c-bb34-2a9bbefe107a,RC-895979,8370077635286,Peace Mass Global NGO/Gte,Manufacturing,NGO/Gte,4099685098.4652276,3146775710.1082187,636887827.2099273,944032713.0324656,125871028.40432875,659,249066399.17988575,110358212.06357682,07-Mar-2024,2024,26-Aug-2024,Enugu,Enugu North,www.peacemassglobalngo/gte.ng,"CIT,VAT,WHT,CGT"
dbe6dd54-e51c-4bf3-ad93-7650c42280f3,RC-297380,3742351535613,Kuda Resources Ltd,Fintech,Ltd,724326057.1139302,616254607.5444374,100241785.73055537,184876382.2633312,24650184.301777497,727,315870587.88356936,17979706.320677567,15-Apr-2022,2022,11-Feb-2025,Edo,Ikpoba-Okha,www.kudaresourcesltd.net.ng,"CIT,VAT,WHT,CGT"
b56d569c-0e31-4329-949d-1d5381b9ca02,RC-671677,8654267617840,Decagon Global NGO/Gte,Tech,NGO/Gte,322476198.17018,236732793.70465234,45622434.85559654,71019838.1113957,9469311.748186095,707,73339791.60571384,14880619.15593924,20-Aug-2013,2013,03-Sep-2024,Lagos,Mushin,www.decagonglobalngo/gte.org.ng,"CIT,VAT,WHT,CGT"
1de72d41-313e-4d3a-9348-32259f4d76b3,RC-772678,8361521853088,Kuda Technologies Ltd,Retail,Ltd,3500897026.308652,3384373426.9706783,772485802.854291,1015312028.0912035,135374937.07882714,522,218548175.30090603,239125655.33687124,20-Apr-2024,2024,26-Nov-2024,Lagos,Ikeja,www.kudatechnologiesltd.com.ng,"CIT,VAT,WHT,CGT"
128132cc-89a1-4ec9-8128-64ef8ec35417,RC-398893,7858105660233,Access Bank Ventures LLP,Energy,LLP,3996168412.2614655,2783874305.702389,564283067.4821541,835162291.7107166,111354972.22809555,100,40612962.06730384,90622548.23555873,21-Jan-2015,2015,13-Nov-2025,Lagos,Lagos Island,www.accessbankventuresllp.com.ng,"CIT,VAT,WHT,CGT"
8ffaeaef-3753-4394-84bf-f864adeae685,RC-617268,7263281247271,Eroton Technologies LLP,Fintech,LLP,1927106413.0214782,1196186767.4800892,324502199.691725,358856030.2440267,47847470.699203566,932,262014230.93893516,8164822.598043566,19-Feb-2013,2013,02-Jul-2024,Abuja (FCT),Abaji,www.erotontechnologiesllp.com.ng,"CIT,VAT,WHT,CGT"
ddb2d7bd-d9dc-4d30-b98b-49d70796c414,RC-606702,0822245563351,Genesis Group Technologies PLC,Manufacturing,PLC,113904325.10310993,88741657.98176204,9867896.359311663,26622497.39452861,0.0,1109,60488211.04022479,5132109.097427528,23-Apr-2016,2016,02-Feb-2025,Enugu,Enugu North,www.genesisgrouptechnologiesplc.com.ng,"CIT,VAT,WHT,CGT"
525aca90-37ff-494b-8d9d-c5d65c101d5e,RC-779328,8315624767348,Stanbic Global PLC,Retail,PLC,4385110601.134993,2977536407.1851425,974255750.8354466,893260922.1555427,119101456.2874057,154,55005675.84884784,81408384.91694523,20-Apr-2017,2017,12-Aug-2025,Kaduna,Kaduna North,www.stanbicglobalplc.com.ng,"CIT,VAT,WHT,CGT"
f13c18ee-29dd-4dde-b544-79eac471dd06,RC-938008,2245122618114,TotalEnergies Networks LLP,Fintech,LLP,1474111050.6195543,803244424.1131622,254213403.09066883,240973327.23394865,32129776.964526486,157,12410270.590625253,11610694.687120695,22-May-2014,2014,29-Apr-2025,Anambra,Onitsha North,www.totalenergiesnetworksllp.com.ng,"CIT,VAT,WHT,CGT"
82aa60e3-12e4-4a00-8f40-aaaa1ff34eab,RC-223159,4707477504686,Slot Group PLC,Tech,PLC,4118395008.3517046,4077879578.297492,674018221.71897,1223363873.4892476,163115183.13189968,380,65959727.032092094,84906641.79270612,27-Sep-2018,2018,06-Aug-2025,Anambra,Onitsha North,www.slotgroupplc.com.ng,"CIT,VAT,WHT,CGT"
7ae11c05-a028-4285-9d58-ff45d3e23b4a,RC-785943,6757140734457,Jumia Global LLP,Energy,LLP,230578364.08747196,202286025.44742844,54352864.69622958,60685807.63422853,8091441.017897137,965,97302172.61841415,3986378.5353447385,24-Apr-2011,2011,15-Apr-2024,Anambra,Nnewi North,www.jumiagloballlp.com.ng,"CIT,VAT,WHT,CGT"
587e72d1-5eb7-4e8b-8b86-c5181ea015fa,RC-928298,7853074885356,Eroton Enterprises Ltd,Tech,Ltd,1047309782.0327231,546609647.0955956,101850528.9701858,163982894.12867868,21864385.883823823,246,83119056.59258038,26341580.97582105,26-Aug-2014,2014,22-Jan-2026,Oyo,Ibadan South-West,www.erotonenterprisesltd.net.ng,"CIT,VAT,WHT,CGT"
12da5c87-6304-4e95-82b1-a0b2996df320,RC-641064,4338302503168,Seplat Industries NGO/Gte,Retail,NGO/Gte,1483570602.704321,1454899053.914959,267979939.55334592,436469716.17448765,58195962.15659836,1009,365350035.00926214,34108355.08824492,16-Feb-2011,2011,24-Nov-2024,Lagos,Eti-Osa,www.seplatindustriesngo/gte.org.ng,"CIT,VAT,WHT,CGT"
6ffb77bd-906e-4d64-81c5-39f27982d7c5,RC-690416,3271514328131,Rack Centre Logistics PLC,Retail,PLC,2724645526.195943,2346241526.7269654,636144923.7974985,703872458.0180897,93849661.06907862,526,80325946.90532283,21993932.905495334,31-Mar-2025,2025,17-Dec-2024,Abuja (FCT),Kwali,www.rackcentrelogisticsplc.ng,"CIT,VAT,WHT,CGT"
9621913d-5728-47de-ba48-21a0f42d386c,RC-270309,5252867867744,Airtel Global NGO/Gte,Fintech,NGO/Gte,3933803605.852121,2353787488.88636,523543777.0853145,706136246.665908,94151499.5554544,136,58083868.478017986,174483705.02413914,06-Aug-2019,2019,23-Oct-2025,Lagos,Ikeja,www.airtelglobalngo/gte.ng,"CIT,VAT,WHT,CGT"
ea136619-111d-48be-aeec-6379f4a746e3,RC-352345,7368834282735,Dangote Global PLC,Manufacturing,PLC,4053008075.131677,3093636352.9412284,466803090.172097,928090905.8823684,123745454.11764914,85,8177159.85398389,165802711.4147605,13-Jul-2011,2011,06-Dec-2024,Lagos,Agege,www.dangoteglobalplc.com.ng,"CIT,VAT,WHT,CGT"
61e455d3-3fe9-4eb3-a791-95de705f6802,RC-618043,0642676723046,Rack Centre Enterprises LLP,Retail,LLP,4625800783.524592,4453418302.57314,928481163.7145725,1336025490.771942,178136732.1029256,516,25148953.511505224,310961811.5160788,29-Oct-2011,2011,07-Jul-2025,Abuja (FCT),Bwari,www.rackcentreenterprisesllp.com.ng,"CIT,VAT,WHT,CGT"
4c4aa4ff-75bb-4a5f-8818-0b8b17a957df,RC-969467,5666474450410,Palmpay Group Ltd,Fintech,Ltd,4613903837.16752,2402231288.330027,618323034.64434,720669386.499008,96089251.53320108,1087,354573266.8858644,142062589.27547398,28-Jun-2020,2020,08-Dec-2025,Abuja (FCT),Abaji,www.palmpaygroupltd.net.ng,"CIT,VAT,WHT,CGT"
620523ea-d5ea-4c7b-b8ab-e1871122868a,RC-740553,4003864782110,Paystack Industries LLP,Agro,LLP,3019140673.589714,2027502092.7471998,316609258.9579465,608250627.8241599,81100083.709888,851,47022891.068811946,106840481.77832022,17-Nov-2018,2018,28-Sep-2024,Ogun,Ijebu Ode,www.paystackindustriesllp.com.ng,"CIT,VAT,WHT,CGT"
d9c6a448-8138-4fc0-ac9f-423046d080f9,RC-486855,7120532117405,SevenUp Technologies Ltd,Tech,Ltd,1254029726.4525518,826274658.3617972,174743845.03943536,247882397.50853914,33050986.33447189,1054,388968108.3749897,35949507.36584966,04-Mar-2011,2011,19-Jul-2025,Kano,Gwale,www.sevenuptechnologiesltd.net.ng,"CIT,VAT,WHT,CGT"
592abc50-f4b2-44b3-8844-2472030ac100,RC-257710,6814123144787,Elizade Technologies LLP,Agro,LLP,1548824188.5404248,948905814.5616591,345198232.15077674,284671744.3684977,37956232.582466364,582,183047223.94786096,60341852.26936066,19-May-2024,2024,16-Feb-2025,Delta,Uyo,www.elizadetechnologiesllp.com.ng,"CIT,VAT,WHT,CGT"
66e0fd9c-23ec-497b-bf60-49e2661fa3e0,RC-496208,2708312720083,BUA West Africa Ltd,Energy,Ltd,719181273.9419866,510682551.72784966,76283285.05147891,153204765.5183549,20427302.06911399,820,203424017.61656684,7406876.841575937,30-May-2016,2016,26-Apr-2024,Kaduna,Zaria,www.buawestafricaltd.com.ng,"CIT,VAT,WHT,CGT"
890c5c5e-3c13-4cf0-ab24-cc4cfad32d2f,RC-809356,8423425850484,Nigerian Breweries Solutions PLC,Fintech,PLC,1335119795.6622562,937330550.3208427,290940771.9221225,281199165.0962528,37493222.01283371,254,32401136.838694308,44872253.43888439,11-Mar-2018,2018,27-Oct-2024,Lagos,Oshodi-Isolo,www.nigerianbreweriessolutionsplc.ng,"CIT,VAT,WHT,CGT"
2560586e-4318-40e6-9620-3cc3c98d58c9,RC-684284,4243440556651,BUA Cement Systems NGO/Gte,Energy,NGO/Gte,4249641958.240572,2183459165.9976726,913752875.1643618,655037749.7993017,87338366.6399069,734,248911211.12693465,65314113.406804286,04-Sep-2016,2016,08-Oct-2024,Lagos,Kosofe,www.buacementsystemsngo/gte.ng,"CIT,VAT,WHT,CGT"
fddd9f51-40bb-4781-b94d-47033eeccb02,RC-470794,8357470486348,ABC Transport Networks NGO/Gte,Manufacturing,NGO/Gte,3388706357.160119,2255480940.870583,775225936.1807178,676644282.2611749,90219237.63482332,689,155494433.21994233,20593517.166383967,31-Jul-2014,2014,04-Mar-2025,Akwa Ibom,Uyo,www.abctransportnetworksngo/gte.ng,"CIT,VAT,WHT,CGT"
fa18809d-6299-4c13-9453-254977b8528e,RC-444346,5680761021553,Glovo Technologies LLP,Retail,LLP,369760632.82383174,365712818.26998186,58854237.76831719,109713845.48099455,14628512.730799275,133,40994308.40230832,25435637.84920112,10-Mar-2025,2025,19-Jun-2024,Lagos,Kosofe,www.glovotechnologiesllp.com.ng,"CIT,VAT,WHT,CGT"
8808b986-347c-4bd4-a989-3a9aabcdfa42,RC-443973,8460221672638,MTN Global PLC,Agro,PLC,2355939639.276158,1491173334.464232,482756406.06178,447352000.3392696,59646933.37856928,1105,389530449.61785567,16556783.64055804,17-Jan-2017,2017,10-Jun-2025,Lagos,Lagos Island,www.mtnglobalplc.ng,"CIT,VAT,WHT,CGT"
319be2bf-f36a-4068-bb13-81af20e807b7,RC-705462,1847561228487,Dangote Group NGO/Gte,Agro,NGO/Gte,1796623198.8189352,1416143908.3524845,386399661.44466,424843172.50574535,56645756.33409938,101,26312567.126382712,26897536.82490659,14-Apr-2017,2017,16-Mar-2025,Oyo,Ibadan South-West,www.dangotegroupngo/gte.org.ng,"CIT,VAT,WHT,CGT"
516d6653-302e-4de1-810f-001846de5cb3,RC-961677,8436858868881,GTBank Services NGO/Gte,Retail,NGO/Gte,2423221037.7852035,1460948813.48527,238628412.39732483,438284644.045581,58437952.5394108,465,164740873.84417605,13297474.454938365,19-Jun-2022,2022,12-Oct-2025,Oyo,Ibadan North,www.gtbankservicesngo/gte.org.ng,"CIT,VAT,WHT,CGT"
8421177e-9b6f-409f-8e07-4fec76898ec2,RC-295054,3835262353881,Konga Logistics PLC,Fintech,PLC,362430279.0206515,190929017.72846404,35973448.81839891,57278705.31853921,7637160.709138562,663,118902011.07736982,9282338.402232347,29-Nov-2017,2017,06-Jul-2024,Plateau,Barkin Ladi,www.kongalogisticsplc.com.ng,"CIT,VAT,WHT,CGT"
0e370514-2025-495f-8d57-36c7718daa90,RC-931683,5560888400667,Nigerian Breweries Ventures PLC,Fintech,PLC,274819057.3995076,197451887.88017613,29333522.97074542,59235566.36405284,7898075.515207045,493,163886883.04115376,3838056.885536036,29-Aug-2022,2022,30-Aug-2025,Akwa Ibom,Uyo,www.nigerianbreweriesventuresplc.com.ng,"CIT,VAT,WHT,CGT"
7a3120d3-858e-454a-b788-5b33db554ff3,RC-631908,4468136406862,GIG Logistics Networks PLC,Fintech,PLC,2432004629.5122595,1529649031.6700184,416585136.02507365,458894709.50100553,61185961.26680074,839,415246906.5878569,50862484.40725411,22-Dec-2018,2018,09-Dec-2025,Kaduna,Zaria,www.giglogisticsnetworksplc.ng,"CIT,VAT,WHT,CGT"
736d2bea-1648-4465-b1f3-080fa49422b9,RC-268467,3540733736746,Nigerian Breweries Systems Ltd,Agro,Ltd,2345948025.41248,1508268966.8487766,224430053.38171574,452480690.05463296,60330758.67395107,741,99731675.98120902,101396517.9684903,07-Sep-2016,2016,14-Aug-2025,Kwara,Ilorin East,www.nigerianbreweriessystemsltd.net.ng,"CIT,VAT,WHT,CGT"
14529938-4393-4855-b217-fd1803a3b14a,RC-933373,1833711081442,Kuda Services PLC,Energy,PLC,2381205887.2587028,1829677055.0083435,338293599.22019666,548903116.502503,73187082.20033374,1039,101321362.06626059,76771537.97470897,11-Jun-2015,2015,01-Apr-2025,Enugu,Nsukka,www.kudaservicesplc.com.ng,"CIT,VAT,WHT,CGT"
98eee14c-9d39-41c1-89bc-2d217105f667,RC-469975,8022265583331,FBN Solutions PLC,Fintech,PLC,4150424119.8634543,3281276769.1314898,976216028.524442,984383030.7394469,131251070.7652596,446,141207979.02646878,23253222.942722734,16-Mar-2014,2014,17-Feb-2024,Abuja (FCT),Abuja Municipal,www.fbnsolutionsplc.ng,"CIT,VAT,WHT,CGT"
bc8845e5-e351-4a11-93be-45d1acce1335,RC-556062,0404807600228,Rack Centre Ventures LLP,Energy,LLP,4732761030.844921,4401008221.100367,509082920.1567737,1320302466.3301098,176040328.84401467,405,133901948.49382916,132991879.43262643,04-Oct-2016,2016,14-Jul-2024,Lagos,Surulere,www.rackcentreventuresllp.com.ng,"CIT,VAT,WHT,CGT"
422b113f-7b4a-4c63-8de6-f8dbf46d22d2,RC-356068,4728751122867,Andela Technologies Ltd,Manufacturing,Ltd,1383546848.800171,818366190.3400295,202914056.47841296,245509857.10200882,32734647.61360118,121,18296869.42778474,40215148.192380615,24-Nov-2020,2020,14-Sep-2024,Akwa Ibom,Eket,www.andelatechnologiesltd.net.ng,"CIT,VAT,WHT,CGT"
88e250e1-db4a-404d-b1c3-904af5ea9df8,RC-403755,0860811800584,GTCO Solutions Ltd,Energy,Ltd,4947872316.195736,4901307304.799337,806663097.6356722,1470392191.4398012,196052292.1919735,927,193726163.91184378,166015353.0619623,22-Jan-2023,2023,12-Mar-2025,Lagos,Ikeja,www.gtcosolutionsltd.net.ng,"CIT,VAT,WHT,CGT"
1b6f6272-9136-49be-a915-b972ebe24406,RC-395256,6023505063127,Sterling Bank Enterprises NGO/Gte,Fintech,NGO/Gte,3174151988.8176584,3075581722.900442,256367414.03615054,922674516.8701326,123023268.91601768,1074,330638959.9367854,49736214.070703365,21-Apr-2025,2025,29-Jun-2025,Edo,Egor,www.sterlingbankenterprisesngo/gte.org.ng,"CIT,VAT,WHT,CGT"
eed6aa9e-a783-44fd-b0e5-619cb2725dca,RC-337124,0037755854116,Elizade Systems PLC,Retail,PLC,3609687604.1212854,3451416049.958483,425767357.2365159,1035424814.9875449,138056641.99833933,139,58731609.49252453,244268321.41781574,30-Jun-2025,2025,04-Oct-2024,Kwara,Ilorin West,www.elizadesystemsplc.ng,"CIT,VAT,WHT,CGT"
62a6bf3a-96ed-4ec3-a5e5-29c270a4219f,RC-271609,6010277826273,Zenith Bank Nigeria PLC,Agro,PLC,2346717506.3984375,2102819711.2945213,556593943.825799,630845913.3883563,84112788.45178086,780,337181030.7374365,13979670.063682677,28-Mar-2025,2025,14-Mar-2024,Kaduna,Kaduna South,www.zenithbanknigeriaplc.ng,"CIT,VAT,WHT,CGT"
8fdc9358-b0f8-4780-9301-be0bc5fb8fa3,RC-916926,6632283178576,Decagon Ventures NGO/Gte,Fintech,NGO/Gte,1691768452.176245,1610489387.7003374,211189959.30215707,483146816.3101012,64419575.508013494,117,11060173.725983543,107483944.82869905,19-May-2016,2016,17-Jan-2026,Lagos,Agege,www.decagonventuresngo/gte.org.ng,"CIT,VAT,WHT,CGT"
8780de37-e203-4a98-9823-c8203bb09f66,RC-727318,1242338246288,GIG Logistics Industries Ltd,Energy,Ltd,3329359267.2138023,2013239487.7296424,661396686.0821124,603971846.3188927,80529579.5091857,340,56206939.15586231,77607796.56102099,10-Jan-2014,2014,19-Dec-2024,Delta,Uyo,www.giglogisticsindustriesltd.net.ng,"CIT,VAT,WHT,CGT"
64812d19-0dbb-47a5-9256-d1847ffe05b8,RC-106171,2201635820064,Sterling Bank Global NGO/Gte,Fintech,NGO/Gte,2365897869.373291,1984019942.1116624,452947512.04592794,595205982.6334987,79360797.6844665,449,214267521.33834815,106100557.1440888,25-Mar-2013,2013,05-Sep-2025,Kano,Kano Municipal,www.sterlingbankglobalngo/gte.org.ng,"CIT,VAT,WHT,CGT"
9095882b-320d-47fa-889a-45d061df6728,RC-480932,7055771446516,Glovo Holdings NGO/Gte,Energy,NGO/Gte,12069589.316529155,6295992.772750929,2946341.7037945217,0.0,0.0,265,14296671.173587441,410729.11414985836,13-Sep-2011,2011,25-Apr-2024,Lagos,Ikeja,www.glovoholdingsngo/gte.ng,"CIT,VAT,WHT,CGT"
5019a8c8-8f0a-46bf-8d01-05f36c7db7ba,RC-341720,2022327545268,Nestle Nigeria Ltd,Retail,Ltd,4934726526.616577,2912009933.9945064,752421904.49805,873602980.1983519,116480397.35978025,222,51147849.97743392,103545527.93202142,03-Feb-2016,2016,23-Mar-2025,Lagos,Mushin,www.nestlenigerialtd.net.ng,"CIT,VAT,WHT,CGT"
47cd00d3-9f90-4e93-a234-0e558b94e131,RC-223021,8075844305270,Zenith Technologies LLP,Tech,LLP,2737912879.625537,2244181607.3095374,357230638.53839254,673254482.1928612,89767264.2923815,680,337687682.16216344,6727869.265181794,06-Apr-2021,2021,16-Apr-2024,Delta,Sapele,www.zenithtechnologiesllp.com.ng,"CIT,VAT,WHT,CGT"
125b4c0d-c6f1-4fba-a935-12ba2b916ade,RC-163032,0420258040716,Elizade Systems Ltd,Agro,Ltd,4503033762.139811,3871345077.6176543,991071151.036333,1161403523.2852962,154853803.10470617,95,25646779.16136331,39039260.84173846,21-Oct-2011,2011,14-Sep-2024,Abuja (FCT),Abuja Municipal,www.elizadesystemsltd.net.ng,"CIT,VAT,WHT,CGT"
221a200d-16ef-4439-8c7f-dd11de5cca15,RC-608750,1883850535122,Genesis Group Services Ltd,Retail,Ltd,2500213824.526009,2248162333.7928634,393408568.5460482,674448700.137859,89926493.35171454,1119,87403926.57095891,52204073.259353474,10-May-2018,2018,20-Jul-2024,Oyo,Akinyele,www.genesisgroupservicesltd.com.ng,"CIT,VAT,WHT,CGT"
3a89b05a-956c-48f0-a641-3f6e82fd03ae,RC-162146,4378827861015,Zenith Technologies NGO/Gte,Fintech,NGO/Gte,2634006482.3266063,2626113986.6907926,606033917.1173569,787834196.0072378,105044559.4676317,587,78450631.31304683,164075640.08292896,19-Mar-2012,2012,21-May-2025,Oyo,Egbeda,www.zenithtechnologiesngo/gte.ng,"CIT,VAT,WHT,CGT"
7ddd43ef-6a61-4c87-92f9-041369210ae8,RC-654355,4826871535721,Seplat Systems PLC,Agro,PLC,781862338.979305,398616903.5069615,166295647.7816286,119585071.05208845,15944676.14027846,853,411968356.38698834,17556342.711836245,31-Jan-2021,2021,02-Apr-2025,Lagos,Kosofe,www.seplatsystemsplc.ng,"CIT,VAT,WHT,CGT"
6171aefe-49a6-4752-86ed-53321c114b40,RC-546679,4303085332014,BUA Resources Ltd,Fintech,Ltd,4532810719.81319,2672406780.0972824,396671927.43133104,801722034.0291847,106896271.20389129,256,97188303.53572816,11058098.205645312,15-Nov-2015,2015,03-Mar-2024,Kwara,Ilorin East,www.buaresourcesltd.com.ng,"CIT,VAT,WHT,CGT"
d4ea2d62-0871-4df3-b6a2-c3e6c075690b,RC-908621,8752214072150,Access Bank Solutions NGO/Gte,Retail,NGO/Gte,4369173364.529347,3197372794.3197184,598519103.4361882,959211838.2959155,127894911.77278873,272,124892433.70598829,188409481.99357212,14-Jun-2022,2022,22-Mar-2025,Kano,Kano Municipal,www.accessbanksolutionsngo/gte.ng,"CIT,VAT,WHT,CGT"
8152d8b7-6f3c-47f5-9ddc-c0509d59998e,RC-765698,2842187148014,AltSchool Global Ltd,Energy,Ltd,4089321241.8806014,3381017463.442738,879343707.2585971,1014305239.0328214,135240698.53770953,494,71814452.27088048,64308696.20575463,13-Apr-2024,2024,03-Jul-2024,Anambra,Idemili South,www.altschoolgloballtd.net.ng,"CIT,VAT,WHT,CGT"
d5a16b5f-27ba-4d08-99d0-a80686db84c4,RC-445441,5662067060085,Nestle West Africa PLC,Tech,PLC,508705303.8617644,418323675.3281842,104724435.93418789,125497102.59845525,16732947.013127368,116,57240225.085971,14064847.364533996,20-Nov-2022,2022,01-Sep-2025,Abuja (FCT),Kwali,www.nestlewestafricaplc.com.ng,"CIT,VAT,WHT,CGT"
63cbf447-0fef-49ff-9e80-bfa67150fb79,RC-340853,4857585735537,Elizade Nigeria PLC,Tech,PLC,1212624742.1801379,943389340.3260849,132461873.72764218,283016802.09782547,37735573.6130434,874,294362402.86670333,10044429.113991112,01-Jun-2011,2011,15-Sep-2025,Rivers,Ikwerre,www.elizadenigeriaplc.ng,"CIT,VAT,WHT,CGT"
fd05ecd5-ae1f-466c-9d83-be29fbf98212,RC-199537,8658703582434,Globacom Enterprises Ltd,Tech,Ltd,1414817997.6868153,1162704926.4137166,139301292.81562865,348811477.92411494,46508197.05654866,52,24961224.50353574,31963275.950133096,21-Sep-2019,2019,31-Oct-2024,Delta,Ughelli North,www.globacomenterprisesltd.com.ng,"CIT,VAT,WHT,CGT"
0fa352eb-47c5-401a-89bf-bb0cfffddf49,RC-863739,3008220751620,Slot Services PLC,Fintech,PLC,3119815013.940175,2846478703.9153557,441114698.13532734,853943611.1746067,113859148.15661423,44,18513861.48778288,157272848.896244,03-Jun-2018,2018,02-May-2025,Ogun,Sagamu,www.slotservicesplc.com.ng,"CIT,VAT,WHT,CGT"
a34313f2-2de1-41d4-a9f5-87ec2ea3ab14,RC-207875,6106327564247,Elizade Group Ltd,Manufacturing,Ltd,4436443631.969022,4331149027.353496,417441685.06293976,1299344708.2060487,173245961.0941398,1152,150641099.73450813,35071918.518425584,10-Apr-2021,2021,09-Mar-2025,Edo,Oredo,www.elizadegroupltd.net.ng,"CIT,VAT,WHT,CGT"
d406a3d0-e14a-46af-8d1c-0684af55dea1,RC-605476,0803804562204,OPay West Africa NGO/Gte,Tech,NGO/Gte,1488908147.5987496,1256711925.3054607,363597689.69305974,377013577.5916382,50268477.01221843,193,73455246.36623079,42055233.732983254,28-Sep-2020,2020,04-Sep-2025,Kaduna,Kaduna North,www.opaywestafricango/gte.org.ng,"CIT,VAT,WHT,CGT"
5ab98afd-204a-4ff2-91de-cdd684527610,RC-575372,4300314256010,Flour Mills Holdings PLC,Manufacturing,PLC,306844788.4686616,289604192.98431104,70969856.58638178,86881257.89529331,11584167.719372442,337,61204815.214915164,17419520.141044173,12-Feb-2023,2023,22-Dec-2025,Lagos,Kosofe,www.flourmillsholdingsplc.ng,"CIT,VAT,WHT,CGT"
107d61ab-8a66-4eaa-acee-56bfa37f12ae,RC-768394,8036844711853,Semicolon Systems Ltd,Agro,Ltd,2827930745.5095067,1793675872.7653933,282065466.34202373,538102761.829618,71747034.91061573,1042,223459645.21392003,131867678.73061474,15-May-2020,2020,07-May-2024,Lagos,Kosofe,www.semicolonsystemsltd.com.ng,"CIT,VAT,WHT,CGT"
d5cea883-d045-4af0-993a-b527d4c16f3a,RC-739504,6285630740047,Ardova Industries Ltd,Energy,Ltd,4804477960.914792,4376949384.3664465,506924509.5014955,1313084815.309934,175077975.37465787,643,185069144.5737827,44215378.16674367,27-Aug-2017,2017,12-Nov-2024,Edo,Oredo,www.ardovaindustriesltd.com.ng,"CIT,VAT,WHT,CGT"
f47f5401-b170-4a69-9b98-27a073e4070a,RC-134837,1288705128302,NLNG Nigeria PLC,Agro,PLC,1162832020.7729228,1042249261.681085,232310877.88260618,312674778.5043255,41689970.4672434,14,5090918.2458248995,30683219.449482426,25-Apr-2021,2021,23-Feb-2025,Lagos,Surulere,www.nlngnigeriaplc.com.ng,"CIT,VAT,WHT,CGT"
ab7551ad-62c7-43b6-b6c3-24d1fe5a3a4d,RC-973050,1258781346782,Palmpay Logistics PLC,Manufacturing,PLC,2101633676.2955637,1201733611.8013055,290542876.5476851,360520083.5403916,48069344.472052224,690,29878872.366973214,36260223.59972246,24-Jun-2013,2013,29-Apr-2024,Delta,Uyo,www.palmpaylogisticsplc.ng,"CIT,VAT,WHT,CGT"
e5e113eb-9792-49d1-bd9a-e596928695e0,RC-298270,8804758205121,Moniepoint Networks LLP,Fintech,LLP,4156805055.987411,3673236623.5791106,920836475.9762189,1101970987.073733,146929464.94316444,1026,79415353.64293845,130919903.6150641,31-Oct-2018,2018,11-Apr-2024,Lagos,Oshodi-Isolo,www.moniepointnetworksllp.com.ng,"CIT,VAT,WHT,CGT"
21477ca1-f620-4802-89d3-d5fe38c2d49f,RC-932614,4425715886217,SevenUp Nigeria NGO/Gte,Tech,NGO/Gte,3556086048.9065313,2025670459.4129965,576763499.066212,607701137.8238989,81026818.37651986,190,71395875.23370561,70817885.81098586,11-Jun-2016,2016,22-Aug-2024,Anambra,Awka South,www.sevenupnigeriango/gte.org.ng,"CIT,VAT,WHT,CGT"
c19d9dee-5b3d-48d7-a42c-42c71a33aaad,RC-180261,3821016246806,Andela Solutions LLP,Retail,LLP,3837877990.9109225,3116559956.0719595,727473826.5655797,934967986.8215878,124662398.24287838,427,151922098.64886716,202612687.48321566,12-Dec-2012,2012,11-Nov-2025,Rivers,Okrika,www.andelasolutionsllp.com.ng,"CIT,VAT,WHT,CGT"
8bc73d6d-eaba-44ed-a141-483ae09d4b52,RC-251664,3137165463681,FBN Ventures Ltd,Agro,Ltd,298584110.3130834,292867339.9054446,70569583.05069841,87860201.97163339,11714693.596217785,352,174735229.78755882,3695219.4232732938,07-Sep-2012,2012,30-Nov-2024,Plateau,Jos South,www.fbnventuresltd.net.ng,"CIT,VAT,WHT,CGT"
0d004dcb-bba6-4e10-acfa-fbfbcc5127de,RC-635058,4038308477113,Oando Resources LLP,Fintech,LLP,2381000077.638232,2039362949.8448172,463109349.5359822,611808884.9534451,81574517.99379268,778,40763365.74830584,115330627.61180504,02-Feb-2016,2016,19-Oct-2025,Plateau,Jos North,www.oandoresourcesllp.com.ng,"CIT,VAT,WHT,CGT"
231529cd-cf57-46c2-83c8-0edd199b7a3b,RC-506379,3037845510203,Dangote Enterprises LLP,Retail,LLP,238613960.25073978,152987736.62154827,54757116.39465588,45896320.98646448,6119509.46486193,557,175022305.0180465,2085167.9397389183,19-Dec-2020,2020,17-Aug-2024,Akwa Ibom,Uyo,www.dangoteenterprisesllp.com.ng,"CIT,VAT,WHT,CGT"
8ada7bc1-d65f-4943-a328-fbefece17e0e,RC-480578,8636752540422,Dangote Sugar Solutions PLC,Manufacturing,PLC,3219739689.50361,3219508892.511436,801377805.3170414,965852667.7534307,128780355.70045744,808,103257127.12198432,62550287.08895935,10-Mar-2022,2022,19-Mar-2025,Akwa Ibom,Uyo,www.dangotesugarsolutionsplc.ng,"CIT,VAT,WHT,CGT"
5d034d74-c3d2-4398-928d-297b42994407,RC-362242,0167701347601,Slot West Africa PLC,Energy,PLC,307104873.635399,247801317.24185634,28762262.136164065,74340395.17255689,9912052.689674255,577,54866982.596026495,12193132.839434914,21-Apr-2022,2022,17-Apr-2024,Ogun,Abeokuta South,www.slotwestafricaplc.ng,"CIT,VAT,WHT,CGT"
926abf1b-455a-4cc5-9151-c06557855796,RC-881257,2686461565284,Paystack Holdings LLP,Energy,LLP,4459277962.13048,3506455497.048327,999035479.2329577,1051936649.114498,140258219.8819331,484,240200183.8786794,225035167.85746804,10-Jan-2019,2019,17-Feb-2025,Lagos,Oshodi-Isolo,www.paystackholdingsllp.com.ng,"CIT,VAT,WHT,CGT"
0447b042-e1b2-4dda-9072-7a5a47f404ac,RC-527799,6054453440318,Decagon Services LLP,Fintech,LLP,1088290477.5203443,621985440.5043947,259051447.64905906,186595632.1513184,24879417.620175786,682,261707497.68158922,8694239.49963618,23-Dec-2018,2018,02-Feb-2024,Abuja (FCT),Bwari,www.decagonservicesllp.com.ng,"CIT,VAT,WHT,CGT"
b3183f9d-7ede-488e-bbf3-d64e73e6074c,RC-905520,6707513048307,Moniepoint Logistics Ltd,Energy,Ltd,95867282.2579143,86000383.67279592,15004718.308191711,25800115.101838775,0.0,715,58997438.07182138,3511963.627708257,18-Aug-2024,2024,23-Aug-2024,Akwa Ibom,Uyo,www.moniepointlogisticsltd.com.ng,"CIT,VAT,WHT,CGT"
ed098005-0dd2-48db-9fd4-2f93bda6b64e,RC-356125,2842455826858,Peace Mass Enterprises NGO/Gte,Retail,NGO/Gte,1846932115.0861146,1408455060.6375115,267079978.13435957,422536518.1912534,56338202.42550046,14,2640735.9131990112,48861959.58075407,13-Jun-2020,2020,18-Dec-2025,Abuja (FCT),Gwagwalada,www.peacemassenterprisesngo/gte.ng,"CIT,VAT,WHT,CGT"
5ea838c9-d190-4807-b919-37abce641a2e,RC-334072,4240087688573,MTN Logistics NGO/Gte,Manufacturing,NGO/Gte,2407668838.4402328,2385069369.337373,508022397.45504683,715520810.8012118,95402774.77349491,972,71860201.44619454,101920357.65217677,17-Apr-2023,2023,20-Jun-2025,Kwara,Ilorin West,www.mtnlogisticsngo/gte.ng,"CIT,VAT,WHT,CGT"
63f4bb6a-be8f-4da9-9dc2-179367204e73,RC-312216,1302220416326,NLNG Industries PLC,Agro,PLC,2217134087.294676,1312108202.3035405,523882226.912716,393632460.69106215,52484328.09214162,644,93255330.33565319,9774610.147114303,06-Jan-2025,2025,05-Jan-2026,Anambra,Awka South,www.nlngindustriesplc.com.ng,"CIT,VAT,WHT,CGT"
94f1b2e9-c556-41e7-9ce1-aff91a84f877,RC-525858,7838818865604,AltSchool Enterprises NGO/Gte,Retail,NGO/Gte,1679235177.9029114,1479382827.6507404,409483222.93616253,443814848.2952221,59175313.106029615,333,31803984.01101465,55357708.86676506,27-Mar-2023,2023,17-Sep-2024,Oyo,Ibadan South-West,www.altschoolenterprisesngo/gte.org.ng,"CIT,VAT,WHT,CGT"
ce2dda11-6f52-4f3d-933b-94f183ed21bb,RC-482050,8362304415715,GIG Logistics Nigeria PLC,Energy,PLC,3242536396.814205,2860436193.837756,809380300.6044555,858130858.1513268,114417447.75351025,1153,441857131.07383436,20809651.160026237,28-Oct-2012,2012,12-May-2025,Ogun,Abeokuta South,www.giglogisticsnigeriaplc.com.ng,"CIT,VAT,WHT,CGT"
20498135-bcae-49c6-bad7-28ae56a7f7ea,RC-524271,5565788615366,Palmpay West Africa LLP,Agro,LLP,1153657818.0615995,1112048131.7973669,138209758.66377708,333614439.53921,44481925.27189468,1143,493055402.5097817,15531201.585981047,31-Jul-2015,2015,25-Jul-2025,Abuja (FCT),Gwagwalada,www.palmpaywestafricallp.com.ng,"CIT,VAT,WHT,CGT"
08411023-7a95-496a-bcf8-90fbcf06ac5d,RC-559929,6614004080671,Flour Mills Networks LLP,Agro,LLP,3684657977.36124,3465708385.4281073,618492232.9052879,1039712515.6284322,138628335.4171243,1034,160546811.79362532,53368483.875559546,07-Jul-2021,2021,15-Mar-2024,Delta,Sapele,www.flourmillsnetworksllp.com.ng,"CIT,VAT,WHT,CGT"
ad558a9f-d3ca-4d9e-99a4-041b40c5c52b,RC-151032,7528033678460,Slot Group Ltd,Retail,Ltd,2683325014.5972586,2623817606.0599895,262350925.88792437,787145281.8179969,104952704.24239957,617,231300238.01846582,170164256.18284142,02-Aug-2016,2016,01-Mar-2025,Rivers,Eleme,www.slotgroupltd.com.ng,"CIT,VAT,WHT,CGT"
c0ed7d55-fddf-4b01-adb8-c45583af0236,RC-249351,6066663808067,Glovo Logistics PLC,Energy,PLC,18836799.7790577,12509673.547484035,4371111.047481891,0.0,0.0,1189,165765955.3216526,482076.0940396822,13-Dec-2012,2012,09-Jul-2024,Edo,Egor,www.glovologisticsplc.ng,"CIT,VAT,WHT,CGT"
4f3d39de-ed4d-48fc-b526-bccaf5a4c53e,RC-889579,4113724431716,Nestle Nigeria LLP,Fintech,LLP,19249530.27097304,15279210.825050745,3101282.0094512748,0.0,0.0,373,112466583.57379578,1125743.8149130496,05-Mar-2019,2019,19-Dec-2025,Plateau,Jos South,www.nestlenigeriallp.com.ng,"CIT,VAT,WHT,CGT"
620f5fd2-9b12-4e36-a251-6da6cbaee252,RC-310098,7434337103331,Decagon Group Ltd,Manufacturing,Ltd,115268013.37456846,86641143.03285332,10567625.87532937,25992342.909855995,0.0,278,10673423.696556073,6434447.128845265,23-Dec-2019,2019,19-Aug-2024,Kaduna,Kafanchan,www.decagongroupltd.net.ng,"CIT,VAT,WHT,CGT"
6cc40181-a0c3-49dc-b69c-511142c683b7,RC-887453,8543212252132,TotalEnergies Industries NGO/Gte,Manufacturing,NGO/Gte,332775614.7365318,175241798.8253932,65607163.53011269,52572539.64761796,7009671.953015728,903,232906099.91814375,5226336.261232359,15-Sep-2015,2015,11-Aug-2025,Lagos,Alimosho,www.totalenergiesindustriesngo/gte.ng,"CIT,VAT,WHT,CGT"
9a65d0e5-8e93-406c-ada3-3cb2e8a22d5f,RC-370508,8800256003287,Kuda Systems LLP,Energy,LLP,3295316605.8709707,1824738150.1402748,536883583.3868499,547421445.0420824,72989526.00561099,805,237313408.04502356,41644990.04491385,09-Feb-2016,2016,24-Oct-2024,Lagos,Surulere,www.kudasystemsllp.com.ng,"CIT,VAT,WHT,CGT"
c395f2b0-1f81-4aed-b182-a80cf6f5d8c3,RC-896028,4577648760114,Interswitch West Africa LLP,Energy,LLP,2129720564.866708,1869168288.9783752,336060918.6171749,560750486.6935126,74766731.559135,261,46029783.75098254,65699315.34649733,03-Nov-2025,2025,29-Jan-2024,Kaduna,Kaduna South,www.interswitchwestafricallp.com.ng,"CIT,VAT,WHT,CGT"
02d350cd-676f-4fa9-8ecf-336df4df3303,RC-717607,6376881720487,Glovo Solutions PLC,Tech,PLC,2580246532.686715,2477056771.3670154,336827590.28550154,743117031.4101046,99082270.85468061,1120,233312606.75658903,133032977.17457698,14-Feb-2013,2013,14-Feb-2024,Plateau,Jos North,www.glovosolutionsplc.com.ng,"CIT,VAT,WHT,CGT"
71d1b037-d0d1-4843-a9ed-726c861b0e70,RC-769819,0306845006458,Oando West Africa PLC,Agro,PLC,4526047599.308152,4246975983.869597,643829558.2778645,1274092795.1608791,169879039.3547839,1178,201230286.11229235,214157855.29802185,06-Sep-2020,2020,05-Jul-2024,Anambra,Nnewi North,www.oandowestafricaplc.ng,"CIT,VAT,WHT,CGT"
8a7b1839-6d7e-4a2f-8f4b-9175110bcbe1,RC-514345,5711152585142,MTN Industries LLP,Agro,LLP,3112288007.122952,2534332296.2316456,583988079.500766,760299688.8694936,101373291.84926583,523,45176007.83565137,89511632.55103622,10-Dec-2021,2021,22-May-2024,Akwa Ibom,Ikot Ekpene,www.mtnindustriesllp.com.ng,"CIT,VAT,WHT,CGT"
ae56c62d-69e5-4050-b357-2bb87b4fde89,RC-788555,3103803777305,GTBank West Africa Ltd,Fintech,Ltd,1504221042.0810928,1491665031.5980265,225646579.59108758,447499509.47940797,59666601.26392106,280,69524188.8427472,69005673.80772835,02-Oct-2021,2021,25-Jun-2025,Kano,Nasarawa,www.gtbankwestafricaltd.com.ng,"CIT,VAT,WHT,CGT"
741be518-0353-438b-a16f-c0d3ca762908,RC-996941,6105263345102,Globacom Services LLP,Retail,LLP,4578710601.9640665,3079126800.139533,555269844.8628066,923738040.0418599,123165072.00558132,167,68218889.78081816,60339369.52926818,26-Jun-2021,2021,07-Feb-2024,Abuja (FCT),Abuja Municipal,www.globacomservicesllp.com.ng,"CIT,VAT,WHT,CGT"
b39c50b0-09af-44d6-b505-173fe8cb8e76,RC-562775,7354547047355,Oando Resources Ltd,Energy,Ltd,3393346697.8834276,2045627735.3033485,724640802.8332875,613688320.5910045,81825109.41213395,716,160311887.64460433,152060.01079272424,20-Sep-2017,2017,12-May-2025,Oyo,Akinyele,www.oandoresourcesltd.net.ng,"CIT,VAT,WHT,CGT"
0da0b419-1878-4839-a686-b78295003576,RC-285338,7177831764752,Union Bank Nigeria PLC,Tech,PLC,3723841073.8799834,2252391263.258006,451394639.6453317,675717378.9774019,90095650.53032024,27,11888981.726961222,12204076.608105667,30-Mar-2024,2024,31-Jul-2024,Delta,Sapele,www.unionbanknigeriaplc.com.ng,"CIT,VAT,WHT,CGT"
f95035dd-6a38-4e6c-af6b-5567720076a1,RC-553419,7845660848174,TotalEnergies Solutions Ltd,Tech,Ltd,1813289291.737991,1736176169.0220432,259810904.34891167,520852850.70661294,69447046.76088174,54,14442976.740485394,118238394.87446143,15-May-2024,2024,05-Oct-2024,Anambra,Nnewi North,www.totalenergiessolutionsltd.net.ng,"CIT,VAT,WHT,CGT"
0b48ba22-8970-4bac-94c4-8f3ecf8a5849,RC-579035,7302042662104,PiggyVest West Africa LLP,Energy,LLP,1523678155.1635895,1379855600.3896313,243838288.63496557,413956680.11688936,55194224.01558525,1014,163537675.5393458,85144362.07886326,27-Aug-2021,2021,22-Feb-2025,Delta,Sapele,www.piggyvestwestafricallp.com.ng,"CIT,VAT,WHT,CGT"
1348423e-d738-42e3-8143-b74ba5411a4b,RC-268276,8800534675232,Globacom Resources LLP,Fintech,LLP,1142119892.0962834,831971414.5141045,279164213.1773448,249591424.35423133,33278856.58056418,1027,359632029.7914094,5170836.583997176,07-Mar-2018,2018,09-Dec-2024,Delta,Warri South,www.globacomresourcesllp.com.ng,"CIT,VAT,WHT,CGT"
d3283a64-8b64-41d6-bfa6-191536b1ee9c,RC-457286,8467841215450,Semicolon Ventures PLC,Fintech,PLC,860650925.8865459,729415691.3384877,85234268.74612024,218824707.40154633,29176627.65353951,1066,470841352.9434437,28252627.71566804,09-Jan-2018,2018,30-Jul-2024,Oyo,Ibadan South-West,www.semicolonventuresplc.com.ng,"CIT,VAT,WHT,CGT"
dab43095-e47c-49bc-a42a-bddde290a384,RC-219830,7840350142565,Seplat Ventures LLP,Fintech,LLP,3322663040.3000183,2880479241.466992,808942035.7540725,864143772.4400976,115219169.65867968,181,63126828.658851355,5054351.685570715,08-Jan-2018,2018,22-Apr-2025,Rivers,Eleme,www.seplatventuresllp.com.ng,"CIT,VAT,WHT,CGT"
892e81c5-92fd-48a5-8f7d-231fa72021ea,RC-684422,0110770114605,Flour Mills Solutions PLC,Manufacturing,PLC,61196617.519122034,40290676.374871954,5768361.245726254,0.0,0.0,761,82616808.03819789,2593734.129792287,03-Oct-2017,2017,30-Aug-2024,Plateau,Jos North,www.flourmillssolutionsplc.com.ng,"CIT,VAT,WHT,CGT"
840bca8c-5a4b-43f3-9212-abdb6ea0c14e,RC-227712,5330537371483,Shoprite Group Ltd,Agro,Ltd,1579240238.413207,1131108830.3059638,382717206.6262165,339332649.0917891,45244353.21223855,628,40716813.726747744,4545903.7127895765,18-Dec-2012,2012,06-Dec-2024,Kaduna,Kafanchan,www.shopritegroupltd.net.ng,"CIT,VAT,WHT,CGT"
70fdbeab-3bed-49ab-ab22-ce21659f9ae8,RC-125763,4743382630431,OPay Logistics NGO/Gte,Tech,NGO/Gte,3701293294.8179884,2427796967.9189634,754204400.4061656,728339090.375689,97111878.71675853,433,176724649.9942464,43195053.088793725,06-Mar-2012,2012,09-Sep-2025,Kaduna,Kaduna South,www.opaylogisticsngo/gte.org.ng,"CIT,VAT,WHT,CGT"
b3638e6c-04fc-499b-9ca4-c50ead5bb9ea,RC-764167,0287623130601,Konga Global PLC,Agro,PLC,2067328375.2651305,1682078318.936526,381537386.14510393,504623495.6809578,67283132.75746104,26,8391623.104782233,30487350.447082706,12-Sep-2011,2011,15-Nov-2025,Kwara,Ilorin West,www.kongaglobalplc.com.ng,"CIT,VAT,WHT,CGT"
fab9a862-4685-475c-ab82-9d9ca9430228,RC-622295,3420521431750,Shoprite Industries Ltd,Energy,Ltd,4205880824.9366813,2885163567.667318,1002200589.7072656,865549070.3001953,115406542.70669271,291,57348737.47110203,170837467.04859927,27-Jun-2016,2016,13-Feb-2024,Kano,Tarauni,www.shopriteindustriesltd.net.ng,"CIT,VAT,WHT,CGT"
eeaa10a2-030b-43ea-a3d3-5a8fc73d180a,RC-118493,5677152140676,Pointek Holdings PLC,Energy,PLC,4571963829.020078,3057564441.1708927,1091244794.0342636,917269332.3512678,122302577.64683571,1007,362249047.5349326,95643188.26085344,21-May-2020,2020,02-Sep-2025,Edo,Oredo,www.pointekholdingsplc.com.ng,"CIT,VAT,WHT,CGT"
bab3b4b6-b02f-492b-b09a-fb95c2569061,RC-333340,7461477354528,GTBank Logistics NGO/Gte,Manufacturing,NGO/Gte,2129253230.9085584,1924831541.661871,185002696.14332598,577449462.4985613,76993261.66647483,743,309662153.24214363,69593658.76428747,13-Jan-2014,2014,17-Jul-2025,Abuja (FCT),Gwagwalada,www.gtbanklogisticsngo/gte.org.ng,"CIT,VAT,WHT,CGT"
7ada09f7-71ea-4903-b417-c1edb7beeca8,RC-993953,5277813280686,Dangote Resources PLC,Manufacturing,PLC,1970131905.9838936,1848895652.0468292,197335271.31727755,554668695.6140487,73955826.08187316,659,144870238.16458312,43942470.948319286,27-Jul-2025,2025,22-Nov-2025,Enugu,Nsukka,www.dangoteresourcesplc.com.ng,"CIT,VAT,WHT,CGT"
62a3725a-f77c-494f-a7c9-53733f717f84,RC-420757,4720547670620,Flutterwave Solutions NGO/Gte,Fintech,NGO/Gte,2629133059.908591,2515288064.044483,596579309.5243986,754586419.2133449,100611522.56177934,857,170471029.33927408,69204570.03768867,17-Dec-2019,2019,04-Jul-2024,Abuja (FCT),Abuja Municipal,www.flutterwavesolutionsngo/gte.ng,"CIT,VAT,WHT,CGT"
a59c6716-b92e-458b-88e5-d065a035b961,RC-361126,6755728443527,Spar Services PLC,Energy,PLC,2096313456.0170908,1542296788.616803,376988475.45354897,462689036.58504087,61691871.54467212,1020,270295029.8499952,37880985.924455225,01-May-2025,2025,27-Feb-2024,Lagos,Kosofe,www.sparservicesplc.com.ng,"CIT,VAT,WHT,CGT"
6c7286c4-dd45-4654-9e36-f9b053838691,RC-102474,0252561756760,Coscharis Networks NGO/Gte,Fintech,NGO/Gte,3377746310.2225513,2917984432.975528,456532563.11029625,875395329.8926584,116719377.3190211,45,22210246.986868385,120689597.29105018,24-Jan-2024,2024,02-Oct-2024,Ogun,Abeokuta North,www.coscharisnetworksngo/gte.org.ng,"CIT,VAT,WHT,CGT"
1df191a5-9d8a-4e23-8518-c721561393dc,RC-484267,0437331088608,Palmpay Ventures PLC,Retail,PLC,3793960828.0228987,1969681723.7486744,811665064.6222064,590904517.1246023,78787268.94994698,761,73724115.11194786,34798424.938599765,01-Jun-2020,2020,04-Aug-2025,Akwa Ibom,Uyo,www.palmpayventuresplc.com.ng,"CIT,VAT,WHT,CGT"
fa90367d-9b3d-46d3-8c40-9eca53516587,RC-189902,1426773148242,Rack Centre Nigeria LLP,Retail,LLP,4159983275.9340625,4138838187.518958,745169818.7688696,1241651456.2556875,165553527.50075832,69,3108525.889840905,155327369.16859117,14-Jan-2013,2013,15-Mar-2025,Ogun,Abeokuta South,www.rackcentrenigeriallp.com.ng,"CIT,VAT,WHT,CGT"
c81d3339-bffd-4359-8030-518c95be105a,RC-847575,5876034667288,Flutterwave Services LLP,Energy,LLP,2910214349.043764,2466295649.1348357,312947803.43963164,739888694.7404507,98651825.96539342,1038,383667635.5407121,38600318.98517664,16-Jun-2019,2019,09-Jan-2026,Ogun,Sagamu,www.flutterwaveservicesllp.com.ng,"CIT,VAT,WHT,CGT"
7f33d860-95b3-4eb8-810c-c74833045c16,RC-363621,7074182136163,GIG Logistics Group Ltd,Manufacturing,Ltd,4752432782.714662,2689932785.8559813,879292479.3289558,806979835.7567943,107597311.43423925,498,154014066.28533456,166298180.39673552,19-Apr-2024,2024,28-Nov-2024,Kwara,Offa,www.giglogisticsgroupltd.com.ng,"CIT,VAT,WHT,CGT"
20db1037-3645-439c-9099-4213c3de68e1,RC-896217,1206571463402,MTN Global NGO/Gte,Retail,NGO/Gte,4392775326.243838,2262371918.545101,853625560.8159404,678711575.5635303,90494876.74180405,828,320899809.92446405,52689643.63531662,19-Feb-2013,2013,08-Apr-2025,Anambra,Idemili South,www.mtnglobalngo/gte.ng,"CIT,VAT,WHT,CGT"
a26ce7d9-08be-4ae7-9e91-07e36f2377ce,RC-198917,3383817101588,UBA Resources Ltd,Manufacturing,Ltd,2981098415.828319,1588362588.96222,705227639.3635058,476508776.688666,63534503.5584888,858,392503134.96940464,29939530.921650115,01-Jun-2021,2021,13-Mar-2024,Lagos,Agege,www.ubaresourcesltd.com.ng,"CIT,VAT,WHT,CGT"
ed051378-321f-4d82-b344-0890515336e8,RC-584921,8623314733258,Cadbury Logistics NGO/Gte,Agro,NGO/Gte,1353456227.837718,752183919.4752593,317130698.6235395,225655175.8425778,30087356.779010374,928,163750473.52394828,975929.2989348127,20-Oct-2011,2011,22-Jul-2025,Rivers,Ikwerre,www.cadburylogisticsngo/gte.ng,"CIT,VAT,WHT,CGT"
f6da49b4-792a-40b9-81e6-76ec1d8e7a5e,RC-626761,3571231647702,Kuda Logistics PLC,Energy,PLC,4558637622.907103,3442920914.474426,872664089.8031456,1032876274.3423277,137716836.57897705,920,452326042.3718801,151225186.28980455,29-May-2024,2024,27-Oct-2025,Ogun,Abeokuta South,www.kudalogisticsplc.com.ng,"CIT,VAT,WHT,CGT"
9324bd93-fe4e-4f87-a525-746578de6271,RC-109805,1023751272255,Access Systems LLP,Tech,LLP,3676396193.117261,3326372532.989201,797347711.363668,997911759.8967602,133054901.31956805,888,107145131.72767752,54818767.680755325,21-Aug-2025,2025,04-Sep-2025,Rivers,Ikwerre,www.accesssystemsllp.com.ng,"CIT,VAT,WHT,CGT"
b1c219de-11dd-4e23-9faa-18b6afd81b1e,RC-659283,6310868377435,UBA Resources PLC,Manufacturing,PLC,1854201615.9093416,1453297050.2375455,257381761.2517451,435989115.0712636,58131882.00950182,384,87156909.4280707,7663046.712147257,18-Jun-2015,2015,11-Mar-2025,Kano,Tarauni,www.ubaresourcesplc.ng,"CIT,VAT,WHT,CGT"
8efc4305-9155-432f-b9ca-dc607021497e,RC-821436,7353633525567,Kuda West Africa LLP,Tech,LLP,2129525016.3002663,1441204240.5747285,224143787.5777955,432361272.17241853,57648169.62298914,856,131646265.20872404,60980152.27009737,18-Aug-2017,2017,04-Feb-2024,Rivers,Ikwerre,www.kudawestafricallp.com.ng,"CIT,VAT,WHT,CGT"
86004fcc-e009-425d-9813-9a7880b76a8c,RC-967089,4423467035788,Mikano Holdings PLC,Manufacturing,PLC,2945844885.3608193,2166093770.8608837,605317487.26908,649828131.2582651,86643750.83443534,657,126900545.43190916,22994035.291291747,09-Jun-2019,2019,01-Mar-2025,Edo,Ikpoba-Okha,www.mikanoholdingsplc.com.ng,"CIT,VAT,WHT,CGT"
53d24fbf-6ace-4476-9aea-a9c29ccb720e,RC-312607,8435501335783,ABC Transport Solutions PLC,Energy,PLC,3160208090.4532633,1665002882.4102347,580545539.9138113,499500864.7230704,66600115.29640939,534,257361644.13794228,66441942.70780376,18-Aug-2012,2012,28-Oct-2025,Akwa Ibom,Ikot Ekpene,www.abctransportsolutionsplc.ng,"CIT,VAT,WHT,CGT"
8ab13609-bcd5-4b7a-92d8-a3d25790b1e7,RC-755948,8644403861435,Slot West Africa Ltd,Energy,Ltd,3746442483.212254,2357609577.738483,580968251.00279,707282873.3215449,94304383.10953932,1168,384974149.58229834,4495506.61679688,10-Oct-2013,2013,21-Feb-2025,Abuja (FCT),Bwari,www.slotwestafricaltd.com.ng,"CIT,VAT,WHT,CGT"
423ec854-be0c-4e37-92c9-2e17ea087994,RC-653445,0080885514011,Interswitch Networks NGO/Gte,Tech,NGO/Gte,4792948883.320078,4630713854.681016,945060551.9987408,1389214156.4043047,185228554.18724063,558,213450726.90524155,289934883.6629682,07-Sep-2022,2022,21-Nov-2024,Kano,Nasarawa,www.interswitchnetworksngo/gte.ng,"CIT,VAT,WHT,CGT"
2e8eec8d-641b-48cc-8ce1-0e3ebb2f35d8,RC-819530,7511628118640,Honeywell Industries NGO/Gte,Agro,NGO/Gte,3326682965.1798544,2815280792.658629,359351193.50240815,844584237.7975887,112611231.70634516,167,54849225.37696233,4982138.529479806,10-Aug-2013,2013,31-May-2024,Kano,Nasarawa,www.honeywellindustriesngo/gte.org.ng,"CIT,VAT,WHT,CGT"
e68d4ea3-cea9-4bae-8ec6-6663368e44a8,RC-687976,1687620762503,Ardova Resources PLC,Agro,PLC,1461662764.3315098,1433437236.8115041,228330526.4688502,430031171.04345125,57337489.472460166,441,99499506.07889995,86993322.27145293,06-May-2011,2011,25-Mar-2024,Plateau,Jos North,www.ardovaresourcesplc.com.ng,"CIT,VAT,WHT,CGT"
a73d1d1a-c01f-4f54-8bbd-d83d3be63b2a,RC-404128,0310102656530,Kuda Solutions NGO/Gte,Energy,NGO/Gte,3462009014.367136,2404175386.2124624,447389920.32390857,721252615.8637387,96167015.4484985,1089,222282915.18935615,121495772.368665,27-Sep-2015,2015,30-Nov-2025,Delta,Warri South,www.kudasolutionsngo/gte.ng,"CIT,VAT,WHT,CGT"
892fc36d-2c82-430f-be66-23ecb72e40a5,RC-725464,4576877153051,TotalEnergies West Africa PLC,Energy,PLC,392178052.97289515,345065408.1648797,74168875.3102135,103519622.4494639,13802616.326595187,221,18263652.826625217,3576273.5053822775,09-Mar-2018,2018,21-Dec-2025,Akwa Ibom,Ikot Ekpene,www.totalenergieswestafricaplc.com.ng,"CIT,VAT,WHT,CGT"
a8c0920b-4f63-45a6-af50-31fb780d1f4a,RC-991914,6774110882808,Nigerian Breweries Industries LLP,Manufacturing,LLP,2806377186.108505,2208933590.4985037,318301387.5664797,662680077.149551,88357343.61994015,76,35173179.54416396,89406961.3898424,04-May-2018,2018,05-Mar-2024,Lagos,Lagos Island,www.nigerianbreweriesindustriesllp.com.ng,"CIT,VAT,WHT,CGT"
c9d154e2-e96a-4e34-9dcd-90db7d204e23,RC-232685,5476635838255,PiggyVest Services NGO/Gte,Agro,NGO/Gte,3306043522.0381002,2728117531.1248455,303215770.5375896,818435259.3374536,109124701.24499382,510,86588283.67333221,114775044.88988352,01-Aug-2022,2022,27-Mar-2025,Anambra,Onitsha North,www.piggyvestservicesngo/gte.org.ng,"CIT,VAT,WHT,CGT"
f776670b-950b-45ef-8c2a-0571bb578ffc,RC-319705,2014084707764,Dangote Global LLP,Tech,LLP,544366233.743217,401071481.13289505,83632015.61572604,120321444.33986852,16042859.245315803,971,455569971.03042,1953590.716740722,03-Jun-2019,2019,20-Feb-2024,Oyo,Ibadan South-West,www.dangotegloballlp.com.ng,"CIT,VAT,WHT,CGT"
1719060f-ad53-4782-a5fe-b3b6a69bcbc3,RC-812368,6612787070730,Nestle Solutions LLP,Fintech,LLP,1263540665.008088,799028786.3546094,312241607.6705312,239708635.9063828,31961151.454184376,620,280050497.89541477,20667197.274742495,21-Aug-2023,2023,02-May-2024,Abuja (FCT),Kuje,www.nestlesolutionsllp.com.ng,"CIT,VAT,WHT,CGT"
94f18df8-d068-48f6-8e1f-b2104398df2e,RC-425745,2807271652465,Airtel Resources PLC,Retail,PLC,1578966127.4933505,876455651.4063686,269760392.59593076,262936695.42191058,35058226.056254745,972,381366209.66909355,65068257.28628174,05-Sep-2024,2024,07-Aug-2025,Lagos,Surulere,www.airtelresourcesplc.ng,"CIT,VAT,WHT,CGT"
f3d6b1f7-d23d-479d-8758-2bf5a21ff746,RC-943738,1714602561017,Glovo Solutions LLP,Fintech,LLP,3286531271.2156334,2749733510.170414,548391931.5311089,824920053.0511242,109989340.40681656,660,27713985.504161343,146150385.4596843,18-Jun-2017,2017,22-Oct-2024,Abuja (FCT),Abuja Municipal,www.glovosolutionsllp.com.ng,"CIT,VAT,WHT,CGT"
9c2fc7a2-3d1f-407c-a502-5320ee8a76ab,RC-901683,3448423212518,Pointek Networks Ltd,Agro,Ltd,1211854378.226883,1206650580.2177117,270320427.96652746,361995174.0653135,48266023.208708465,594,107910317.72768404,88605495.93482962,22-Feb-2020,2020,10-May-2024,Plateau,Barkin Ladi,www.pointeknetworksltd.com.ng,"CIT,VAT,WHT,CGT"
af44c62a-a4bf-4932-9c17-e7803aeaecd3,RC-387636,4048536223604,Paystack Global PLC,Retail,PLC,3777434635.402213,2215041214.545484,930385149.3990525,664512364.3636452,88601648.58181937,164,69904571.37984805,57478741.39095124,08-Dec-2021,2021,06-Feb-2025,Kaduna,Kaduna South,www.paystackglobalplc.ng,"CIT,VAT,WHT,CGT"
12509865-6fd7-4d8c-bf88-f811d5e00c40,RC-366563,6132165472878,Genesis Group Solutions NGO/Gte,Retail,NGO/Gte,720296220.3270645,564337550.7800828,164774323.84047392,169301265.23402485,22573502.031203315,315,122459252.55606198,41990697.37711559,24-Jan-2020,2020,09-Dec-2024,Kaduna,Kafanchan,www.genesisgroupsolutionsngo/gte.org.ng,"CIT,VAT,WHT,CGT"
7aac87e6-619a-443a-9be6-0ae0a8bc5a4c,RC-372839,6576463317107,Nestle Technologies PLC,Retail,PLC,3723877816.0051117,2247418595.627355,667830952.8662806,674225578.6882066,89896743.82509421,850,375314429.0031654,75590202.00162517,01-Mar-2020,2020,30-Mar-2024,Edo,Ikpoba-Okha,www.nestletechnologiesplc.com.ng,"CIT,VAT,WHT,CGT"
a9c7a859-910f-43a7-8c60-89378424d486,RC-350514,5012231560157,MTN Nigeria NGO/Gte,Manufacturing,NGO/Gte,3534546724.8437533,3166029288.640548,868504207.1943156,949808786.5921644,126641171.54562193,933,251747876.9970335,218116266.37938455,07-Aug-2022,2022,25-Feb-2024,Akwa Ibom,Ikot Ekpene,www.mtnnigeriango/gte.org.ng,"CIT,VAT,WHT,CGT"
7f4a8d0f-ce91-4ced-8c85-c187f471efbe,RC-648294,4473484865571,Elizade Enterprises NGO/Gte,Energy,NGO/Gte,373333185.6431717,325795412.5039251,33936495.66799448,97738623.75117752,13031816.500157004,242,82997248.04428183,2429556.587443417,11-Aug-2024,2024,23-Apr-2024,Rivers,Okrika,www.elizadeenterprisesngo/gte.org.ng,"CIT,VAT,WHT,CGT"
0ae2aa61-1add-4e59-975b-ae84545f89c7,RC-243050,8254886872242,PiggyVest Solutions Ltd,Retail,Ltd,3577693559.380334,1791393525.7800672,775386131.9402381,537418057.7340201,71655741.03120269,360,158243809.18135008,97531367.6806199,04-Feb-2020,2020,04-Nov-2024,Kaduna,Kaduna South,www.piggyvestsolutionsltd.com.ng,"CIT,VAT,WHT,CGT"
7cc5f679-786a-40f7-a73b-58f1b8b77b84,RC-982709,4427737050121,FBN Networks Ltd,Manufacturing,Ltd,1874271314.2914755,1593008438.7039082,229558817.23177552,477902531.61117244,63720337.54815633,845,321348410.2485098,77898018.15065017,04-Jul-2024,2024,02-Nov-2024,Kaduna,Zaria,www.fbnnetworksltd.com.ng,"CIT,VAT,WHT,CGT"
f0d46264-dce5-403a-90ee-94203b22604d,RC-845799,4333036238174,GTBank Services PLC,Energy,PLC,2740212244.0162845,1657234142.8870542,348574552.225825,497170242.8661162,66289365.71548217,1176,492596851.20660603,102767057.65413143,02-Oct-2020,2020,28-May-2024,Delta,Ughelli North,www.gtbankservicesplc.ng,"CIT,VAT,WHT,CGT"
43372fad-9de6-4d8b-8329-e0beaeba0f70,RC-748607,7826121863037,Oando Solutions LLP,Fintech,LLP,1519663328.2138612,1229713277.3956492,269933039.2046764,368913983.21869475,49188531.09582597,259,75944928.14055324,45975156.15148308,28-Jun-2020,2020,05-Aug-2024,Anambra,Awka South,www.oandosolutionsllp.com.ng,"CIT,VAT,WHT,CGT"
4f90844d-de18-4254-b9f9-48fe4fe2634e,RC-116571,7784531821463,Coscharis Systems LLP,Agro,LLP,2408066988.518686,2022177642.2288177,520446270.4915034,606653292.6686453,80887105.6891527,30,7411467.527623121,139743330.2843507,17-Jan-2025,2025,23-Jun-2024,Kwara,Ilorin West,www.coscharissystemsllp.com.ng,"CIT,VAT,WHT,CGT"
c222ca02-6784-4f86-b565-8438a3b2653d,RC-443590,2408436575613,Palmpay Ventures NGO/Gte,Tech,NGO/Gte,3755720267.434506,2950013805.2215614,399263745.7485482,885004141.5664684,118000552.20886245,510,29963765.389408894,101158930.23160495,17-Jan-2025,2025,25-Jul-2025,Rivers,Obio-Akpor,www.palmpayventuresngo/gte.ng,"CIT,VAT,WHT,CGT"
459527c4-1985-4c04-ac18-3d90aaabf767,RC-538683,4720316718752,BUA Services PLC,Fintech,PLC,1637071456.5933578,1217510059.4523292,142884214.58944818,365253017.8356987,48700402.37809317,990,79558921.51571448,12676511.189023947,18-Jan-2015,2015,15-Dec-2024,Edo,Oredo,www.buaservicesplc.ng,"CIT,VAT,WHT,CGT"
8b58647c-55e5-4f11-b486-b3a54ba6631b,RC-415640,3475441347110,Semicolon Africa Resources LLP,Manufacturing,LLP,141442756.45597985,86883044.65052913,17674802.230717055,26064913.395158738,0.0,1124,453498698.28359777,253123.22207811972,31-Aug-2018,2018,27-Dec-2024,Lagos,Ifako-Ijaiye,www.semicolonafricaresourcesllp.com.ng,"CIT,VAT,WHT,CGT"
76adb8b0-87d4-4107-b022-242225cff3b9,RC-252966,8525754505120,Airtel Technologies NGO/Gte,Agro,NGO/Gte,1592712465.8651164,1360139968.07911,129030074.3894508,408041990.42373294,54405598.723164394,999,355697839.9929776,60405610.11670487,02-Aug-2016,2016,15-Feb-2025,Delta,Ughelli North,www.airteltechnologiesngo/gte.ng,"CIT,VAT,WHT,CGT"
7c2d6084-846c-4cd4-8d43-6b53c77be939,RC-878259,7424021376742,Paystack Services PLC,Energy,PLC,3525254729.2721663,2700502450.611531,518322258.6089722,810150735.1834592,108020098.02446124,116,48180634.98915583,150297737.15238562,14-Dec-2020,2020,05-Nov-2025,Ogun,Abeokuta North,www.paystackservicesplc.ng,"CIT,VAT,WHT,CGT"
2b4ea3e0-2ddd-4f32-9623-6efaabcc43ec,RC-843744,8162612656181,Paystack Industries PLC,Manufacturing,PLC,736783419.5583322,704633099.7053285,124015210.19174059,211389929.91159853,28185323.98821314,733,353218820.022096,52269956.42879955,07-Apr-2021,2021,23-Apr-2024,Kwara,Ilorin East,www.paystackindustriesplc.com.ng,"CIT,VAT,WHT,CGT"
8fd313fd-3ebb-416c-bdbd-ce52ce9dce9e,RC-848598,8510054768171,Peace Mass Solutions Ltd,Energy,Ltd,2350982044.170505,1756891938.8568296,571940648.2005733,527067581.6570489,70275677.55427319,18,2261128.532542503,124334099.99633667,02-Jan-2016,2016,01-Jan-2025,Kwara,Ilorin East,www.peacemasssolutionsltd.com.ng,"CIT,VAT,WHT,CGT"
8192f2c0-5467-4bee-b6aa-4c50d867c9d9,RC-584241,6231828427166,GIG Logistics Enterprises Ltd,Agro,Ltd,3429605707.9270225,3031104605.330725,425102727.9904948,909331381.5992175,121244184.21322902,19,8895522.648375085,170276850.5692105,26-Nov-2015,2015,25-Oct-2025,Lagos,Alimosho,www.giglogisticsenterprisesltd.net.ng,"CIT,VAT,WHT,CGT"
b3c61691-7555-4747-abf8-dad2020dba8c,RC-289326,3185203718320,Opay Group LLP,Retail,LLP,4181235866.4310837,3434522109.2152967,1039327450.3638352,1030356632.764589,137380884.36861187,540,152799086.28366062,157513133.17134297,30-Nov-2011,2011,12-Aug-2024,Delta,Warri South,www.opaygroupllp.com.ng,"CIT,VAT,WHT,CGT"
37da29b8-97b6-4705-9d2b-1aea0719a425,RC-280574,8352577577441,Decagon Solutions NGO/Gte,Fintech,NGO/Gte,3830522529.7824745,3152316301.034633,737251685.7334473,945694890.3103899,126092652.04138532,663,68164568.66325521,160401354.76229596,06-Sep-2012,2012,13-Mar-2025,Kwara,Ilorin East,www.decagonsolutionsngo/gte.ng,"CIT,VAT,WHT,CGT"
ef94dc4c-62d6-4b21-b7bb-07ee087f229c,RC-818812,2310507115483,Cadbury Nigeria NGO/Gte,Retail,NGO/Gte,3892917499.9929748,2635733090.8783574,968843107.6614752,790719927.2635072,105429323.6351343,65,23023610.04036741,38533974.02328384,02-Sep-2025,2025,21-Oct-2025,Rivers,Ikwerre,www.cadburynigeriango/gte.ng,"CIT,VAT,WHT,CGT"
924ca83c-3032-4562-aed5-c9e9fb64ff1d,RC-347490,8256808080133,Flutterwave Networks Ltd,Retail,Ltd,3997094122.155695,3234537310.6065526,538695205.6096405,970361193.1819657,129381492.4242621,370,46748759.09717769,168360310.8630265,17-Jun-2017,2017,15-Apr-2025,Kwara,Ilorin East,www.flutterwavenetworksltd.net.ng,"CIT,VAT,WHT,CGT"
765dfc75-ebe2-49f3-9710-5899b6cdf03a,RC-497511,8501042730447,OPay Industries LLP,Manufacturing,LLP,4575250254.689149,3291273623.0009356,913529033.4924643,987382086.9002806,131650944.92003742,385,77730707.33674651,60071278.15302857,30-Aug-2016,2016,13-Feb-2024,Rivers,Ikwerre,www.opayindustriesllp.com.ng,"CIT,VAT,WHT,CGT"
7ebceaee-a9ab-440e-91c2-f999c798e01e,RC-189510,0644545540637,Honeywell Holdings PLC,Tech,PLC,991013356.0978258,685292816.9624094,156677053.10815877,205587845.0887228,27411712.678496376,964,31499268.041534115,43837804.86719421,25-Dec-2024,2024,02-Dec-2025,Delta,Warri South,www.honeywellholdingsplc.com.ng,"CIT,VAT,WHT,CGT"
3de225e1-8e76-4a6c-b428-9c47684a7fc2,RC-138570,5228604301550,Zenith Bank Logistics PLC,Agro,PLC,3205114820.846877,2134853686.427176,711559571.0748677,640456105.9281528,85394147.45708704,185,77920445.61641711,40930495.755418405,29-Jun-2012,2012,16-Mar-2025,Lagos,Ifako-Ijaiye,www.zenithbanklogisticsplc.com.ng,"CIT,VAT,WHT,CGT"
abb39a64-ce4b-41a4-a66c-ced2d0958c6a,RC-776832,5778304553185,Airtel Nigeria LLP,Fintech,LLP,3491595753.6790237,2008147535.67068,649796998.619621,602444260.701204,80325901.4268272,1122,403942371.90754265,59616681.21390171,21-Apr-2014,2014,20-Jul-2025,Lagos,Kosofe,www.airtelnigeriallp.com.ng,"CIT,VAT,WHT,CGT"
2dac203a-3b55-4bf1-8b3f-93036f979702,RC-857832,5420201786027,Spar Resources NGO/Gte,Fintech,NGO/Gte,3447739534.019103,2282550002.1996403,277967691.7805242,684765000.6598921,91302000.08798562,226,102419461.56760673,52342633.98925758,27-Dec-2022,2022,03-Nov-2025,Abuja (FCT),Abuja Municipal,www.sparresourcesngo/gte.org.ng,"CIT,VAT,WHT,CGT"
83f4ea9c-c7cf-46a1-8eeb-88d9a0db8c28,RC-252018,6418406204350,Oando Networks Ltd,Retail,Ltd,4259558603.80057,3109063926.1841063,905266481.8737774,932719177.8552319,124362557.04736425,584,242428521.28624776,91840086.74687779,23-Jul-2012,2012,17-Mar-2025,Plateau,Barkin Ladi,www.oandonetworksltd.net.ng,"CIT,VAT,WHT,CGT"
e2afa7a4-08fe-4ab3-88b2-f5a479a64f1d,RC-563319,3253483075565,Cadbury Systems NGO/Gte,Fintech,NGO/Gte,2719901069.6760716,2318863265.6293836,660196415.5566615,695658979.688815,92754530.62517534,125,23139400.53282208,41183209.19386646,31-Jul-2021,2021,30-Sep-2025,Anambra,Awka South,www.cadburysystemsngo/gte.ng,"CIT,VAT,WHT,CGT"
6f93529d-6ca3-40ac-9b8e-665a60a9207f,RC-711669,8523881150656,Access Ventures NGO/Gte,Tech,NGO/Gte,3460567579.908268,2842946844.4996953,382163411.5944671,852884053.3499086,113717873.77998781,635,165734717.80441323,84263910.35303174,11-Jul-2015,2015,22-Jul-2024,Kwara,Ilorin East,www.accessventuresngo/gte.ng,"CIT,VAT,WHT,CGT"
84af1cac-921a-476d-9295-1de04b8cb134,RC-125244,3840883733251,OPay Ventures Ltd,Tech,Ltd,310870696.26986176,296814019.56480944,32479205.165106446,89044205.86944284,11872560.782592379,942,293150054.7050395,15880341.177629672,19-Feb-2014,2014,17-Dec-2025,Oyo,Egbeda,www.opayventuresltd.com.ng,"CIT,VAT,WHT,CGT"
004550e8-676c-494f-a50b-0096dd028484,RC-469069,3615537802146,Andela Holdings PLC,Fintech,PLC,1208274310.6852696,653058198.4771029,160530390.62530625,195917459.54313084,26122327.939084116,609,151568165.6223389,34378369.55275348,17-May-2020,2020,18-Sep-2025,Kano,Nasarawa,www.andelaholdingsplc.ng,"CIT,VAT,WHT,CGT"
a7246f63-547b-463b-ae4f-9da97bb02d43,RC-137200,1016620854641,PiggyVest Systems PLC,Fintech,PLC,2716366647.789787,1740004220.7937183,313711718.45475,522001266.2381155,69600168.83174874,417,138947991.5115651,83992709.68825518,08-Feb-2013,2013,01-May-2024,Delta,Ughelli North,www.piggyvestsystemsplc.ng,"CIT,VAT,WHT,CGT"
aea182cc-2bed-4e3a-afa2-4711061b551b,RC-332598,4773718637155,Chi Resources PLC,Manufacturing,PLC,1888785254.5635114,1065570712.1789024,404180531.9416185,319671213.6536707,42622828.48715609,827,204486684.70899484,53660.43114114037,28-Sep-2023,2023,19-Jun-2024,Delta,Warri South,www.chiresourcesplc.ng,"CIT,VAT,WHT,CGT"
9c38f03b-639a-4f73-ad7f-6accda76ec41,RC-588705,3027566355586,Rack Centre Nigeria PLC,Tech,PLC,4021715946.422831,2824862184.417632,501943758.96963894,847458655.3252896,112994487.37670529,475,164806632.98117343,70993641.43787396,14-Dec-2018,2018,19-Aug-2025,Plateau,Jos North,www.rackcentrenigeriaplc.ng,"CIT,VAT,WHT,CGT"
9d1125b3-fdc4-4a65-88d6-05ce4ab31825,RC-664109,3028865035542,GIG Logistics Resources NGO/Gte,Agro,NGO/Gte,2960352701.604016,2899612133.4854765,707333723.8491366,869883640.045643,115984485.33941907,973,219360785.41153073,189644472.85053256,26-Jun-2014,2014,14-Aug-2024,Enugu,Udi,www.giglogisticsresourcesngo/gte.org.ng,"CIT,VAT,WHT,CGT"
48a863aa-fa43-476d-a34d-f576560497aa,RC-776642,4035512263567,UBA Networks LLP,Fintech,LLP,2474408065.536895,1921580350.5688798,250217507.4685475,576474105.170664,76863214.02275519,160,62413042.73591244,52178977.803984344,27-May-2016,2016,25-May-2024,Kaduna,Kaduna North,www.ubanetworksllp.com.ng,"CIT,VAT,WHT,CGT"
5559db1d-5d36-4c2e-ab62-51838ff3e013,RC-467170,4885577440657,Filmhouse Industries PLC,Agro,PLC,2866340915.950642,2487279761.6668215,600129543.4850868,746183928.5000464,99491190.46667287,470,171676501.4702039,17214175.589651823,24-Jun-2022,2022,01-May-2024,Kano,Gwale,www.filmhouseindustriesplc.com.ng,"CIT,VAT,WHT,CGT"
222ea445-a320-40e8-9c54-e5b35f7c9005,RC-295417,4215016654848,UBA Systems LLP,Tech,LLP,756776388.8832092,561892902.1317729,91574366.80884151,168567870.63953185,22475716.085270915,361,104530261.25283653,35971759.93572872,13-Jun-2017,2017,18-Nov-2025,Lagos,Surulere,www.ubasystemsllp.com.ng,"CIT,VAT,WHT,CGT"
81d9c5bf-1218-405d-ae3c-cb3bd12af10e,RC-909927,3255017157084,Interswitch Services PLC,Tech,PLC,1723442174.462349,1227564935.7887125,249960583.66191977,368269480.73661375,49102597.4315485,906,331411151.11811703,80048151.36402385,24-Aug-2012,2012,29-Jan-2025,Rivers,Okrika,www.interswitchservicesplc.com.ng,"CIT,VAT,WHT,CGT"
319091c1-6b9a-41fa-9e8c-bbed831b1e9a,RC-897889,3044572617372,Elizade Networks Ltd,Agro,Ltd,639783917.1800058,396948769.1649394,103015070.75512987,119084630.74948181,15877950.766597576,1002,160925543.66995996,14133518.287502883,22-Jul-2018,2018,29-Aug-2024,Enugu,Nsukka,www.elizadenetworksltd.com.ng,"CIT,VAT,WHT,CGT"
bfbe0f30-9c79-4440-9e0a-55d50fec7c4a,RC-553860,6876310382567,Silverbird Technologies NGO/Gte,Retail,NGO/Gte,1621044790.1539865,1301726795.6108375,139484669.90264848,390518038.6832512,52069071.8244335,774,263022495.30189788,56582259.13026108,16-Apr-2024,2024,11-Jan-2025,Kwara,Offa,www.silverbirdtechnologiesngo/gte.ng,"CIT,VAT,WHT,CGT"
7f397843-78be-4be9-af02-092acd4ebb48,RC-346773,8574271555512,Moniepoint Industries NGO/Gte,Retail,NGO/Gte,3724532917.9480577,2035183398.6190689,589162192.5752466,610555019.5857207,81407335.94476275,836,29618574.830600448,69841916.32938537,30-Dec-2025,2025,20-Jul-2024,Ogun,Sagamu,www.moniepointindustriesngo/gte.ng,"CIT,VAT,WHT,CGT"
2486f0e2-10c1-408a-bdab-e2c09a3a1b74,RC-839895,1861222526027,Globacom Logistics NGO/Gte,Energy,NGO/Gte,1317649859.7186058,934665557.1371857,214484524.6149998,280399667.1411557,37386622.28548743,760,297580845.128047,65042829.91339898,17-Jan-2018,2018,09-Feb-2024,Kwara,Ilorin West,www.globacomlogisticsngo/gte.org.ng,"CIT,VAT,WHT,CGT"
30706cda-123b-4894-acce-2de4da2e7445,RC-428232,5274253714358,Access Holdings LLP,Energy,LLP,3414563281.603383,2958213026.7961397,451579924.0616767,887463908.0388418,118328521.07184559,1174,263390675.02728996,74259023.5231896,05-Jun-2016,2016,24-Mar-2024,Lagos,Lagos Island,www.accessholdingsllp.com.ng,"CIT,VAT,WHT,CGT"
db16ce7d-2218-47a7-bf29-60776b1b38ec,RC-161851,5176556701854,Silverbird Nigeria LLP,Tech,LLP,1043628307.4033698,711935455.3593421,87782121.38215186,213580636.60780263,28477418.214373685,1054,329394289.98670113,39799447.948416114,25-Sep-2017,2017,14-Aug-2025,Lagos,Mushin,www.silverbirdnigeriallp.com.ng,"CIT,VAT,WHT,CGT"
6c25b546-4160-4dc0-b07b-e1e45590fa92,RC-215475,8374335060146,Airtel Ventures PLC,Retail,PLC,1958932683.7966766,1646217695.0138311,267204788.98804817,493865308.5041493,65848707.80055325,745,202584256.7921043,4437869.507887631,09-Oct-2021,2021,24-Sep-2024,Rivers,Okrika,www.airtelventuresplc.com.ng,"CIT,VAT,WHT,CGT"
53944c2c-b0a5-4ac3-aef7-fe3b49739944,RC-194201,6608778587028,MainOne Resources PLC,Energy,PLC,2602968674.5512295,2075913474.679619,232862419.6243892,622774042.4038857,83036538.98718476,1053,229716081.3522396,87736912.62772399,31-May-2013,2013,07-Feb-2025,Kwara,Offa,www.mainoneresourcesplc.ng,"CIT,VAT,WHT,CGT"
7abbbf13-eeeb-45e3-ba5d-d6f50ecff367,RC-339874,7000678827138,PiggyVest Networks Ltd,Tech,Ltd,2618702743.363839,1593369321.6591244,582076792.7592932,478010796.4977373,63734772.86636498,1133,317643304.24974847,23557498.68909261,20-Jun-2023,2023,14-Oct-2024,Lagos,Oshodi-Isolo,www.piggyvestnetworksltd.net.ng,"CIT,VAT,WHT,CGT"
1eabf521-9026-46ef-9269-3f196312511b,RC-693986,6201007082406,Galaxy Backbone Enterprises Ltd,Tech,Ltd,1610908593.671597,1241733759.0015519,296252519.46506673,372520127.70046556,49669350.36006208,548,218777085.93260863,59147964.44628716,12-Feb-2016,2016,20-Jul-2024,Kano,Nasarawa,www.galaxybackboneenterprisesltd.com.ng,"CIT,VAT,WHT,CGT"
e1c68986-be9e-460d-b35c-e2e79f86063e,RC-441446,6222005127002,Spar Systems PLC,Agro,PLC,3529167095.283555,3407003241.1106076,844839047.7139785,1022100972.3331822,136280129.64442432,96,15012117.965519791,25595504.56950715,13-Jul-2020,2020,16-Feb-2025,Anambra,Awka South,www.sparsystemsplc.ng,"CIT,VAT,WHT,CGT"
c7153400-a171-435a-b6ca-48d9aa4af336,RC-492943,6035432530577,Moniepoint Holdings NGO/Gte,Agro,NGO/Gte,3746781474.9415917,2387446473.298065,721998392.970137,716233941.9894196,95497858.93192261,677,313538185.15799415,151302098.6796278,04-Sep-2015,2015,02-Jul-2024,Anambra,Onitsha North,www.moniepointholdingsngo/gte.org.ng,"CIT,VAT,WHT,CGT"
a5dc57d6-d027-4bd5-bf7d-b035e4dfbea6,RC-997018,7830860486626,Slot Services NGO/Gte,Manufacturing,NGO/Gte,87932280.84943487,84707790.76734631,16475827.82392418,25412337.230203893,0.0,389,133839499.74537036,156160.1776290399,23-Oct-2017,2017,03-Oct-2024,Oyo,Akinyele,www.slotservicesngo/gte.org.ng,"CIT,VAT,WHT,CGT"
000881c8-5992-44d9-ba8f-1f273dab929d,RC-483667,5854426445880,Mikano Global NGO/Gte,Retail,NGO/Gte,4908643089.873643,4055589673.043156,1108874497.9570286,1216676901.9129467,162223586.92172626,152,67903246.9818785,162718725.0611747,23-Sep-2011,2011,02-Dec-2024,Oyo,Ibadan South-West,www.mikanoglobalngo/gte.ng,"CIT,VAT,WHT,CGT"
08b0bc83-28a7-45db-b860-16e702cafc3d,RC-260084,0761321016818,Sterling Bank Networks PLC,Manufacturing,PLC,4362951023.0253725,3223456869.427412,456268930.8446563,967037060.8282236,128938274.77709648,700,284109870.4500306,8858024.999991814,03-Jul-2018,2018,16-May-2025,Akwa Ibom,Uyo,www.sterlingbanknetworksplc.com.ng,"CIT,VAT,WHT,CGT"
cef6e734-df2e-4e7c-b415-c2e9627b197d,RC-614679,6068242445288,Zenith Bank Networks Ltd,Tech,Ltd,4097131776.690389,2583227033.7788363,750702660.1944205,774968110.1336509,103329081.35115345,418,75994598.48568188,117756649.6182379,18-Feb-2012,2012,25-Dec-2025,Delta,Ughelli North,www.zenithbanknetworksltd.net.ng,"CIT,VAT,WHT,CGT"
4ff97148-392a-4a55-83ec-b0717fec59ee,RC-942703,7123314516848,GTBank Enterprises NGO/Gte,Manufacturing,NGO/Gte,3399109822.0888243,1911667177.29949,648071043.5036942,573500153.189847,76466687.09197961,897,252378652.85491428,73890541.83735675,07-Apr-2020,2020,04-Apr-2025,Ogun,Sagamu,www.gtbankenterprisesngo/gte.ng,"CIT,VAT,WHT,CGT"
48e7196b-50e6-4a43-9408-f674b61bd10c,RC-519410,7688178488584,Rack Centre West Africa Ltd,Retail,Ltd,617683666.89243,477777583.61062056,114193715.15373878,143333275.08318615,19111103.34442482,401,161960792.1067277,8404507.344356917,11-Mar-2014,2014,31-Dec-2025,Kano,Kano Municipal,www.rackcentrewestafricaltd.net.ng,"CIT,VAT,WHT,CGT"
989adf26-25c0-4151-ac0a-3555eb6162e3,RC-655231,3287722224638,OPay Systems NGO/Gte,Manufacturing,NGO/Gte,4332207983.995864,4289255051.4027247,459038634.51580864,1286776515.4208174,171570202.05610898,117,19392324.879757136,64856119.179718316,30-Dec-2018,2018,20-Dec-2025,Abuja (FCT),Kwali,www.opaysystemsngo/gte.ng,"CIT,VAT,WHT,CGT"
c0b98ba1-8f8b-4f81-994d-6d668660570b,RC-539768,1420156770480,Andela Holdings Ltd,Energy,Ltd,850012201.8026673,492593139.772537,185076884.05232367,147777941.9317611,19703725.59090148,352,121296689.03309073,995272.5395712099,15-Oct-2018,2018,24-Aug-2025,Lagos,Surulere,www.andelaholdingsltd.com.ng,"CIT,VAT,WHT,CGT"
f3d53b1d-9c64-4b73-a4a7-4fcb02056e3e,RC-945937,7273561338480,Semicolon Solutions PLC,Tech,PLC,1957155329.876779,1873371879.3093445,335834024.6603501,562011563.7928033,74934875.17237379,710,319874167.04303414,100625638.35692582,18-Sep-2016,2016,11-Mar-2024,Ogun,Abeokuta South,www.semicolonsolutionsplc.com.ng,"CIT,VAT,WHT,CGT"
d5b48ee0-6a8f-4a9e-82fb-77cd939a6251,RC-201299,7203160208423,Nestle Systems NGO/Gte,Retail,NGO/Gte,4827196392.156951,3457240839.314777,443304984.8363351,1037172251.794433,138289633.57259107,826,207065096.17017573,209029383.2740535,16-Jan-2020,2020,07-Jan-2026,Ogun,Ijebu Ode,www.nestlesystemsngo/gte.org.ng,"CIT,VAT,WHT,CGT"
784c49da-e50f-4332-841a-27ec4d5bff23,RC-951736,7053458083762,Stanbic Industries PLC,Fintech,PLC,4926401410.692163,3489258867.964703,1120684522.177204,1046777660.3894109,139570354.7185881,172,28792415.20557363,128605268.13296857,25-Aug-2024,2024,26-Jul-2025,Kano,Kano Municipal,www.stanbicindustriesplc.ng,"CIT,VAT,WHT,CGT"
55ceeefe-c4df-4d0b-9a42-d43d1272d345,RC-515589,1641042228887,Union Bank Technologies Ltd,Tech,Ltd,3771071982.6756616,3448718295.7973514,687406477.065554,1034615488.7392054,137948731.83189407,344,65665824.49755718,7018779.769921012,08-Aug-2016,2016,06-Mar-2025,Lagos,Kosofe,www.unionbanktechnologiesltd.net.ng,"CIT,VAT,WHT,CGT"
9f31c7f6-719e-4920-a927-405709a1afa3,RC-376275,8726572140527,Spar Technologies NGO/Gte,Retail,NGO/Gte,2979588386.672864,2849400920.7446547,474851720.0822764,854820276.2233964,113976036.82978618,227,65774055.0728886,48853604.891585276,16-Oct-2023,2023,24-Aug-2025,Rivers,Okrika,www.spartechnologiesngo/gte.org.ng,"CIT,VAT,WHT,CGT"
8bbb0425-26b7-460f-8482-1fa6cc0fa591,RC-338123,5348156618386,Nestle Group NGO/Gte,Retail,NGO/Gte,1628423325.5806694,1359643768.3385906,291575274.57267964,407893130.5015772,54385750.73354363,988,415524961.16275424,96045480.20349154,22-Aug-2016,2016,30-Oct-2025,Oyo,Ibadan South-West,www.nestlegroupngo/gte.ng,"CIT,VAT,WHT,CGT"
f2200152-8899-4474-b217-42db8566e388,RC-926125,4656267475875,Stanbic Enterprises NGO/Gte,Fintech,NGO/Gte,633861562.8291432,522817408.31886065,109672792.64895013,156845222.4956582,20912696.332754426,313,53390265.92841465,35894504.198817104,21-Sep-2016,2016,25-Sep-2025,Rivers,Okrika,www.stanbicenterprisesngo/gte.org.ng,"CIT,VAT,WHT,CGT"
9866b84b-3293-4b57-b195-fd642a603311,RC-983570,1085803121474,Coscharis Global NGO/Gte,Retail,NGO/Gte,3445879412.2567387,2903738498.14751,522250520.4956665,871121549.444253,116149539.9259004,623,242256952.72730023,90017278.45119631,11-Jun-2019,2019,18-Mar-2024,Anambra,Awka South,www.coscharisglobalngo/gte.org.ng,"CIT,VAT,WHT,CGT"
6aa222d7-54d8-4a98-b162-f218ffe44916,RC-143502,3780322640351,Andela Group PLC,Manufacturing,PLC,4264158723.0700893,3955566007.2170506,825255722.0893899,1186669802.165115,158222640.288682,744,172095086.46342474,221951519.95904082,02-Mar-2014,2014,29-Apr-2025,Kaduna,Kafanchan,www.andelagroupplc.ng,"CIT,VAT,WHT,CGT"
ea76e4ad-de23-46e4-a7a6-fa55bfb04216,RC-672108,5758012676856,Sterling Bank Holdings Ltd,Fintech,Ltd,2797610412.7937613,2523255654.8702006,577788817.7389741,756976696.4610602,100930226.19480802,115,42930980.039808095,122997859.49583535,25-Dec-2025,2025,26-Dec-2024,Kwara,Offa,www.sterlingbankholdingsltd.com.ng,"CIT,VAT,WHT,CGT"
49040ef2-c15f-4746-ba37-e0c700ebaf6b,RC-568333,1821238633373,Silverbird Resources NGO/Gte,Tech,NGO/Gte,1341946088.277388,1230704622.0946994,275467940.23544824,369211386.6284098,49228184.883787975,921,178450785.53464466,77867007.19661054,03-Jun-2025,2025,23-May-2024,Lagos,Surulere,www.silverbirdresourcesngo/gte.ng,"CIT,VAT,WHT,CGT"
4a19437e-56c8-43cd-bc2a-9528e277168f,RC-828567,6015788707482,Palmpay Solutions LLP,Fintech,LLP,556841495.7882494,330291672.09566915,54286244.9329347,99087501.62870075,13211666.883826766,1161,139052059.9770635,16584184.174578274,15-Nov-2016,2016,25-Jul-2025,Rivers,Obio-Akpor,www.palmpaysolutionsllp.com.ng,"CIT,VAT,WHT,CGT"
dfa28420-3455-4a40-9689-959c620d8a47,RC-514665,6223125820575,Konga Logistics NGO/Gte,Manufacturing,NGO/Gte,2154031904.6640964,1524637366.9250774,484191738.16424364,457391210.07752323,60985494.6770031,563,206242921.17924762,84611960.70596322,20-Apr-2020,2020,30-Apr-2024,Kano,Kano Municipal,www.kongalogisticsngo/gte.org.ng,"CIT,VAT,WHT,CGT"
77a9a569-ab45-4c04-a2be-81ee0e0dc5ff,RC-891424,2034468655658,UBA Networks NGO/Gte,Tech,NGO/Gte,1160472823.3020978,1091485454.2758715,281360700.7648459,327445636.28276145,43659418.171034865,832,153764533.9581463,78246774.55270413,28-Jan-2018,2018,11-Mar-2025,Abuja (FCT),Bwari,www.ubanetworksngo/gte.ng,"CIT,VAT,WHT,CGT"
59ba6c33-c1f9-4bae-9940-6f395e719f9c,RC-787383,1111738587747,BUA Cement Holdings LLP,Manufacturing,LLP,3548640835.9039097,1914378816.3911912,451919089.35099936,574313644.9173573,76575152.65564765,764,182370933.49373713,92208033.52243398,17-Aug-2012,2012,20-Nov-2025,Abuja (FCT),Abaji,www.buacementholdingsllp.com.ng,"CIT,VAT,WHT,CGT"
c36865d1-d5ac-4abf-a35b-9c7edf3a6093,RC-233320,6346301338306,Slot Solutions Ltd,Tech,Ltd,2579248821.2487955,2052575300.967927,643975528.6098806,615772590.2903781,82103012.03871708,372,67933723.32005796,116668707.3957588,02-Mar-2024,2024,01-Dec-2024,Kano,Tarauni,www.slotsolutionsltd.net.ng,"CIT,VAT,WHT,CGT"
5de2d9a1-5cd3-453a-851c-17d48a725ceb,RC-767632,8331474225080,TotalEnergies Technologies PLC,Tech,PLC,824427858.9817041,574314051.0445509,148604943.16508377,172294215.31336525,22972562.041782036,315,139042160.59523994,32250654.137596425,05-Aug-2020,2020,15-Dec-2024,Kaduna,Kaduna South,www.totalenergiestechnologiesplc.com.ng,"CIT,VAT,WHT,CGT"
72e8d39c-3bfb-45a3-a488-5ef640276b2c,RC-951455,2224327116047,Stanbic Holdings NGO/Gte,Retail,NGO/Gte,4598546161.585584,3605096173.348736,511765294.5352913,1081528852.0046208,144203846.93394944,855,92565776.89708784,31823102.90792941,17-Oct-2011,2011,23-Jun-2024,Edo,Egor,www.stanbicholdingsngo/gte.ng,"CIT,VAT,WHT,CGT"
b6871d9e-4021-4614-850b-1680109263cb,RC-640987,1173858847766,Glovo Services Ltd,Retail,Ltd,1066100768.5909077,699974590.7604225,154615751.26653883,209992377.22812673,27998983.6304169,818,340481671.4438875,35529191.50326041,25-Aug-2024,2024,05-May-2024,Abuja (FCT),Kuje,www.glovoservicesltd.net.ng,"CIT,VAT,WHT,CGT"
f75515bb-de87-4a06-ad2d-2078555fa08d,RC-991127,2868447375045,Glovo Ventures NGO/Gte,Tech,NGO/Gte,3573574263.0412407,1991854507.1583686,773087730.421428,597556352.1475105,79674180.28633474,705,274770691.91384447,15498901.402491992,21-Jul-2020,2020,11-Jan-2025,Ogun,Ijebu Ode,www.glovoventuresngo/gte.org.ng,"CIT,VAT,WHT,CGT"
df391866-1f05-4f13-bc25-f30f8420b188,RC-505099,3218383112220,Opay Ventures NGO/Gte,Fintech,NGO/Gte,4204925550.7718563,2946545673.904824,859576080.14674,883963702.1714472,117861826.95619296,37,5650807.013532525,21360928.548958413,09-Nov-2018,2018,02-Dec-2025,Anambra,Onitsha North,www.opayventuresngo/gte.ng,"CIT,VAT,WHT,CGT"
beb21aae-615c-4386-92a3-e7a4d5b875d3,RC-769080,2870213333285,Chi Holdings Ltd,Fintech,Ltd,2870410650.7082167,1846059384.3331985,556944260.805328,553817815.2999595,73842375.37332794,506,149821492.3460979,27126460.23044714,29-Feb-2024,2024,07-Aug-2025,Kano,Gwale,www.chiholdingsltd.com.ng,"CIT,VAT,WHT,CGT"
664178ef-afa3-4e5f-a7fc-b1f3ccaa1831,RC-195126,7660213613515,Jumia Enterprises LLP,Agro,LLP,3735775713.60679,2675112946.02707,441456797.46682,802533883.808121,107004517.84108281,792,164792815.34571427,3816685.486979461,31-May-2011,2011,30-Mar-2024,Anambra,Awka South,www.jumiaenterprisesllp.com.ng,"CIT,VAT,WHT,CGT"
959f6127-f2d0-47fb-a487-dd4c5f8dbc41,RC-578362,8157344678042,Sterling Ventures Ltd,Manufacturing,Ltd,1758335171.3265584,908037290.0082725,175699798.13384184,272411187.00248176,36321491.600330904,415,80201751.1135004,53154170.80094926,04-Oct-2020,2020,04-Oct-2024,Kaduna,Zaria,www.sterlingventuresltd.net.ng,"CIT,VAT,WHT,CGT"
84817251-2cab-43ee-b67b-f21013475de1,RC-562433,0658608166372,Jumia Technologies LLP,Fintech,LLP,1246738726.404246,923150043.1687806,124642143.42725371,276945012.9506342,36926001.72675122,682,127331848.3134135,65855884.60614597,23-Apr-2021,2021,13-Feb-2024,Edo,Oredo,www.jumiatechnologiesllp.com.ng,"CIT,VAT,WHT,CGT"
c0f44d23-4fcb-44bc-a029-6906de8ce5d6,RC-475695,7331563221025,Cadbury Nigeria Ltd,Fintech,Ltd,4269871602.468838,3662541126.0834627,1063882988.9369305,1098762337.8250387,146501645.0433385,517,49033533.248788506,74516337.8464046,12-Jun-2018,2018,19-May-2024,Ogun,Abeokuta North,www.cadburynigerialtd.com.ng,"CIT,VAT,WHT,CGT"
c6e35af5-2308-4df7-a5a4-a8768502e093,RC-403639,6456353252747,Filmhouse Solutions Ltd,Fintech,Ltd,465316826.5807943,272106760.2132513,44096471.89534541,81632028.06397538,10884270.408530053,948,396885429.09414434,19041291.259143256,30-Apr-2023,2023,07-Oct-2025,Enugu,Udi,www.filmhousesolutionsltd.com.ng,"CIT,VAT,WHT,CGT"
4a35aba3-54b6-4b87-a47c-b893a45080d3,RC-264272,0035556622880,Eroton Holdings PLC,Energy,PLC,3461349629.4372797,2399856352.5910654,595483725.7254747,719956905.7773196,95994254.10364261,731,288544344.1968145,136707935.27556282,24-Mar-2022,2022,07-Jun-2025,Plateau,Jos North,www.erotonholdingsplc.ng,"CIT,VAT,WHT,CGT"
fe93516c-06d7-4872-ac3b-956e8ab4aca1,RC-432838,1566488462424,BUA Cement Ventures LLP,Retail,LLP,4766126926.27052,4095574164.373092,888502852.8338305,1228672249.3119276,163822966.5749237,344,78761008.48225743,233252274.43326965,08-Jul-2019,2019,02-Mar-2025,Kaduna,Kaduna North,www.buacementventuresllp.com.ng,"CIT,VAT,WHT,CGT"
cbe156bd-0f94-474a-8a3f-4f05e15a7105,RC-573515,4055347440550,First Bank Networks PLC,Tech,PLC,485160380.9908769,356765923.24710494,107130819.69911918,107029776.97413148,14270636.929884197,791,236026708.26168385,6180628.648012533,22-May-2017,2017,11-Sep-2024,Akwa Ibom,Uyo,www.firstbanknetworksplc.com.ng,"CIT,VAT,WHT,CGT"
4d5c296d-6372-4a9e-8a4c-7d376dcce6f6,RC-689933,3253811061208,Coscharis Group PLC,Retail,PLC,2612911246.1095886,1558238225.6457298,619551344.0850872,467471467.6937189,62329529.025829196,465,65018560.25208281,59333199.36100675,26-Feb-2013,2013,23-Oct-2024,Kaduna,Zaria,www.coscharisgroupplc.ng,"CIT,VAT,WHT,CGT"
ba5e2d3f-56e8-4a9a-8af2-deb4dfb21cb9,RC-923641,5737470087888,SevenUp West Africa LLP,Energy,LLP,1488282800.0545712,917030507.5294582,127052084.95273234,275109152.25883746,36681220.30117833,258,105068356.77660598,63910646.29131898,07-May-2020,2020,15-Sep-2024,Anambra,Idemili South,www.sevenupwestafricallp.com.ng,"CIT,VAT,WHT,CGT"
9c3f6232-b9c1-43dc-a391-e701f99ce59d,RC-129472,8168543773184,Genesis Group Networks NGO/Gte,Retail,NGO/Gte,1861978667.7189648,1331624557.0027266,211704960.7964729,399487367.100818,53264982.28010906,1096,58625944.27085733,96383728.70088412,14-Sep-2023,2023,18-Apr-2024,Kwara,Ilorin East,www.genesisgroupnetworksngo/gte.org.ng,"CIT,VAT,WHT,CGT"
7ef79bcf-25cb-4bdc-893e-58776f8559d7,RC-392324,6211043220073,Paystack Systems Ltd,Energy,Ltd,2226187473.8296905,1870820795.6661878,433257279.2216719,561246238.6998563,74832831.8266475,168,5227962.790721828,10291574.565785054,13-May-2025,2025,16-Oct-2025,Lagos,Eti-Osa,www.paystacksystemsltd.com.ng,"CIT,VAT,WHT,CGT"
bbc1a00d-7de1-4b03-a6d4-bc0655ca4060,RC-490886,4517732125883,MTN Nigeria Ltd,Agro,Ltd,922387634.4681594,787749574.184873,173656760.85717416,236324872.2554619,31509982.96739492,563,171542287.33742106,10770825.36260246,22-Jun-2023,2023,27-Sep-2024,Rivers,Okrika,www.mtnnigerialtd.com.ng,"CIT,VAT,WHT,CGT"
9c84e627-2687-4b7d-ac42-97ffb86a37b8,RC-728523,2288607885186,MainOne Solutions NGO/Gte,Agro,NGO/Gte,252154449.26190248,219035823.02957702,44298271.42360086,65710746.9088731,8761432.921183081,1046,83602700.19088854,4367463.085092585,09-Jul-2018,2018,05-Dec-2025,Anambra,Idemili South,www.mainonesolutionsngo/gte.ng,"CIT,VAT,WHT,CGT"
2ca5b88d-e598-49a6-9652-9d6cf41dd3f0,RC-116923,4107746711631,Chi Ventures LLP,Energy,LLP,4198134178.907865,2995196208.0728636,549664813.589781,898558862.421859,119807848.32291454,1065,106987083.21970533,116995670.84538026,19-Dec-2012,2012,29-Aug-2024,Ogun,Abeokuta North,www.chiventuresllp.com.ng,"CIT,VAT,WHT,CGT"
2cbc8f87-faf4-4aa0-8b85-f6220776c03f,RC-695984,1510301526207,Paystack West Africa LLP,Manufacturing,LLP,3835739428.3976645,2576916353.6766086,904245793.3777022,773074906.1029825,103076654.14706434,592,284664697.84784037,125356962.37171884,28-Aug-2021,2021,17-Mar-2025,Enugu,Nsukka,www.paystackwestafricallp.com.ng,"CIT,VAT,WHT,CGT"
35ef763c-f0ed-4e6c-be08-17d02fc57034,RC-677103,8884484358256,Flutterwave Resources LLP,Tech,LLP,1735322342.0583766,1056201610.2567424,220629458.0396594,316860483.0770227,42248064.41026969,44,6704627.368497429,26336732.03810737,11-Oct-2016,2016,04-Jun-2024,Kaduna,Kafanchan,www.flutterwaveresourcesllp.com.ng,"CIT,VAT,WHT,CGT"
d1f76164-1c5d-4d1f-aa9c-9ecfd25d64cb,RC-657774,1028036761357,MainOne Technologies NGO/Gte,Fintech,NGO/Gte,687858403.1552728,624476635.7425511,87268065.08217932,187342990.72276533,24979065.429702044,358,77064091.35477042,32255646.93903777,14-Sep-2019,2019,16-Apr-2025,Kano,Gwale,www.mainonetechnologiesngo/gte.org.ng,"CIT,VAT,WHT,CGT"
38e8e7e0-30dc-4a98-8942-b2e11c93e4c5,RC-872231,4000128054258,Peace Mass Networks NGO/Gte,Tech,NGO/Gte,3325934966.7202272,2325451581.0695896,710468882.2208345,697635474.3208768,93018063.24278359,106,48545256.89307947,80000802.40419355,02-Nov-2011,2011,26-Dec-2025,Plateau,Barkin Ladi,www.peacemassnetworksngo/gte.org.ng,"CIT,VAT,WHT,CGT"
1758dbef-8061-4cb7-8c85-f1bce78bac01,RC-698946,3426016223686,Ibeto Group NGO/Gte,Tech,NGO/Gte,3329397528.3558006,2621354935.222483,765938252.4525901,786406480.5667449,104854197.40889932,667,147386982.95887712,163133253.61693838,04-Feb-2020,2020,05-Jun-2024,Lagos,Eti-Osa,www.ibetogroupngo/gte.org.ng,"CIT,VAT,WHT,CGT"
a0588ca4-6840-49d7-abf6-fae162eae5fd,RC-601908,4103377602512,Shoprite Enterprises Ltd,Agro,Ltd,1039456938.8902742,962446383.8247465,182454365.80817828,288733915.1474239,38497855.35298986,296,56957987.04711157,60878813.97685004,08-Jul-2013,2013,06-Dec-2025,Kaduna,Zaria,www.shopriteenterprisesltd.com.ng,"CIT,VAT,WHT,CGT"
ea9f1f52-acd1-4618-8407-965ea26c4c76,RC-401678,1286673727167,Konga Global NGO/Gte,Agro,NGO/Gte,2401706412.3894606,1557896491.1523361,408821342.72788495,467368947.3457008,62315859.64609344,928,391921062.7285919,84479804.18800656,27-Aug-2017,2017,28-Oct-2024,Anambra,Idemili South,www.kongaglobalngo/gte.org.ng,"CIT,VAT,WHT,CGT"
3f8a12f1-f690-48bc-b855-a89442916a7c,RC-347096,5106082700822,First Bank Technologies Ltd,Energy,Ltd,2223911955.758749,1372951565.9816508,459681955.37025243,411885469.7944952,54918062.63926604,630,269567627.8429148,14823317.383434756,14-Aug-2016,2016,10-Jan-2025,Enugu,Udi,www.firstbanktechnologiesltd.com.ng,"CIT,VAT,WHT,CGT"
9b355294-ee6b-46a2-babd-0e20ece68b3f,RC-836562,4044072255182,Pointek Global NGO/Gte,Manufacturing,NGO/Gte,1869352382.7133517,1361695675.025318,401168141.5746314,408508702.50759536,54467827.00101272,1164,112588821.49073763,78917722.35811244,20-May-2025,2025,08-Jan-2026,Rivers,Port Harcourt,www.pointekglobalngo/gte.ng,"CIT,VAT,WHT,CGT"
865bb2eb-349e-4cb9-8ccf-99e9bd9366a8,RC-489388,0640642324261,Dangote Sugar Logistics PLC,Energy,PLC,866178292.6709056,509492798.6229209,110376624.72826248,152847839.58687624,20379711.944916837,558,20709041.313387558,2760232.507638906,19-Sep-2014,2014,07-Jan-2025,Akwa Ibom,Eket,www.dangotesugarlogisticsplc.ng,"CIT,VAT,WHT,CGT"
b26ce808-dd1b-4df9-a00a-9b82c15515ce,RC-295841,0807611222563,Chi Logistics PLC,Retail,PLC,4353702778.939624,2292344748.6867604,972361048.3220254,687703424.6060281,91693789.94747041,1027,288583210.84654474,105111829.17262195,23-Jan-2024,2024,31-Jul-2024,Lagos,Eti-Osa,www.chilogisticsplc.ng,"CIT,VAT,WHT,CGT"
a02dc7fb-8ff4-4946-ae3c-0ad7a55e48c1,RC-871426,1868612405862,Flutterwave Logistics Ltd,Agro,Ltd,1490018825.9650593,1030517809.4697031,192646658.13810655,309155342.8409109,41220712.37878812,161,43385832.718549706,33438382.379476383,21-Oct-2024,2024,10-Jan-2026,Kwara,Ilorin West,www.flutterwavelogisticsltd.com.ng,"CIT,VAT,WHT,CGT"
66e1a1dc-da2c-4766-bbe8-cb9ba5f15a18,RC-214920,4571612775455,Flutterwave West Africa LLP,Energy,LLP,806434671.8553061,595368652.065986,115351608.992573,178610595.6197958,23814746.08263944,769,209416859.31575638,8585527.639553519,28-Mar-2017,2017,02-Apr-2024,Kwara,Ilorin West,www.flutterwavewestafricallp.com.ng,"CIT,VAT,WHT,CGT"
b3037cfe-ad3a-4a27-9715-73ccf43d83b5,RC-915044,5132833346258,FBN Holdings NGO/Gte,Energy,NGO/Gte,2842919418.6012225,2377957208.7315354,361040434.98263466,713387162.6194606,95118288.34926142,686,299422327.1393044,28421024.976813752,01-Sep-2016,2016,14-Feb-2025,Kaduna,Zaria,www.fbnholdingsngo/gte.ng,"CIT,VAT,WHT,CGT"
3d7097e1-f578-488b-9d66-cb5cd3f840fb,RC-617256,7416055075787,MainOne Enterprises NGO/Gte,Manufacturing,NGO/Gte,155007967.28655407,154015352.10607037,34082691.637239404,46204605.63182111,6160614.084242815,866,150276201.51056024,7777067.763704381,19-Feb-2017,2017,23-Jun-2024,Edo,Ikpoba-Okha,www.mainoneenterprisesngo/gte.ng,"CIT,VAT,WHT,CGT"
c3d403f2-4fb4-4cee-abc3-e605ea6998eb,RC-131035,4165024362304,Spar Group Ltd,Tech,Ltd,1377196238.4089627,1276459150.6870124,315636524.371811,382937745.20610374,51058366.0274805,462,176413388.1453494,62484385.14970621,17-Dec-2011,2011,21-Sep-2025,Edo,Oredo,www.spargroupltd.net.ng,"CIT,VAT,WHT,CGT"
a5178c6a-ef41-4f1d-82cf-625430960d77,RC-197059,5700636607615,Silverbird Industries PLC,Tech,PLC,578417974.9405892,491903286.76732945,74128589.39334966,147570986.03019884,19676131.47069318,293,102536281.9089021,20714211.02116576,01-Mar-2011,2011,14-Jun-2025,Rivers,Port Harcourt,www.silverbirdindustriesplc.com.ng,"CIT,VAT,WHT,CGT"
74f7703c-fb39-4042-9e98-8a7f5f0e372c,RC-366557,4532527022020,BUA Cement Solutions NGO/Gte,Manufacturing,NGO/Gte,229529001.6287675,228758455.87835428,33131088.945887018,68627536.76350628,9150338.235134171,277,65177453.2828467,1731016.3305284644,02-Oct-2019,2019,30-Sep-2025,Anambra,Idemili South,www.buacementsolutionsngo/gte.org.ng,"CIT,VAT,WHT,CGT"
370b4d1f-111f-4fe1-b423-8799b140bae9,RC-876827,7450372788680,Andela Enterprises NGO/Gte,Retail,NGO/Gte,1239061875.6994555,656977590.6601497,280800139.6842312,197093277.1980449,26279103.626405988,650,51561874.165712744,20452995.43639027,05-Feb-2021,2021,03-Oct-2024,Rivers,Eleme,www.andelaenterprisesngo/gte.ng,"CIT,VAT,WHT,CGT"
676f6910-8a86-429f-be27-d1f49943643c,RC-372911,2888780267583,Access Industries Ltd,Energy,Ltd,4169088468.7046337,3167304676.4464726,512570778.086526,950191402.9339417,126692187.05785891,302,49150441.97182234,98208985.13161324,29-Nov-2024,2024,18-Aug-2025,Lagos,Lagos Island,www.accessindustriesltd.com.ng,"CIT,VAT,WHT,CGT"
e4e290b8-8484-41c9-afc9-8eb18650741d,RC-439533,1050223124555,Filmhouse Technologies Ltd,Tech,Ltd,4883933449.96242,3509930829.8730745,887926649.1283802,1052979248.9619223,140397233.19492298,45,6602336.185531032,146676857.29578784,10-Sep-2022,2022,08-Dec-2025,Kwara,Offa,www.filmhousetechnologiesltd.net.ng,"CIT,VAT,WHT,CGT"
28697f96-d784-4cef-9490-fc27206356c9,RC-684830,2672478704047,Palmpay Holdings NGO/Gte,Manufacturing,NGO/Gte,2616335291.735083,2328210537.368914,302603309.33432984,698463161.2106742,93128421.49475656,1026,510247817.25995433,85597702.50867447,29-Oct-2020,2020,21-Nov-2025,Enugu,Udi,www.palmpayholdingsngo/gte.org.ng,"CIT,VAT,WHT,CGT"
bdfa9dfc-4856-49b8-89c2-03f74e16c1f2,RC-933208,3822636741436,Flour Mills Global Ltd,Energy,Ltd,693802792.8234669,492666033.4472392,152928215.8114869,147799810.03417176,19706641.33788957,353,41088592.86698046,1229618.710243059,03-May-2018,2018,06-Nov-2024,Rivers,Port Harcourt,www.flourmillsgloballtd.com.ng,"CIT,VAT,WHT,CGT"
a5887601-a01d-47b2-b85c-be79e49aa52b,RC-470212,1443311053388,Globacom Group PLC,Manufacturing,PLC,4003497519.5354033,3154821752.2312903,724810566.587998,946446525.6693871,126192870.08925162,1127,153521991.14632484,135826566.36542764,25-Nov-2018,2018,03-Feb-2025,Plateau,Barkin Ladi,www.globacomgroupplc.ng,"CIT,VAT,WHT,CGT"
2c8e412d-44f7-4be9-bee7-c06f0382d097,RC-328828,4517431885828,Kuda Enterprises Ltd,Energy,Ltd,1035515682.99452,545664157.5744814,85167706.64223666,163699247.2723444,21826566.302979257,1008,140337794.181846,13939650.222330494,08-Jun-2021,2021,04-Jun-2025,Anambra,Awka South,www.kudaenterprisesltd.net.ng,"CIT,VAT,WHT,CGT"
73ed9880-364a-4295-a8c8-b31d0ea3b18e,RC-181410,8871823801807,Seplat Solutions NGO/Gte,Tech,NGO/Gte,1681550341.8469255,947496707.0582967,193618054.33632916,284249012.117489,37899868.28233187,1169,436939559.24430007,20893717.97503353,10-Dec-2013,2013,22-Feb-2024,Kwara,Ilorin West,www.seplatsolutionsngo/gte.org.ng,"CIT,VAT,WHT,CGT"
9065ab0a-1601-4ccf-990d-9087be58da12,RC-885380,7161602085471,Galaxy Backbone Ventures LLP,Manufacturing,LLP,881426298.0869268,666403414.0854464,164257419.07875606,199921024.2256339,26656136.563417856,519,116678226.19072133,29304129.437991932,01-Apr-2016,2016,11-Oct-2024,Lagos,Oshodi-Isolo,www.galaxybackboneventuresllp.com.ng,"CIT,VAT,WHT,CGT"
9f53eec8-6a5e-42d4-9858-0c2b88075d71,RC-492491,1031324016476,MainOne Logistics PLC,Agro,PLC,2602136815.791096,1703790213.4283352,578865214.0934203,511137064.02850056,68151608.53713341,1102,184658607.34015396,32715938.072185524,11-Mar-2013,2013,28-Feb-2024,Delta,Uyo,www.mainonelogisticsplc.ng,"CIT,VAT,WHT,CGT"
34ca0ad5-f465-4df1-8609-369f8c9115c2,RC-844491,2834542361004,UBA Networks PLC,Retail,PLC,1061230359.5278082,732506401.3436848,214402849.5790558,219751920.40310544,29300256.053747393,1079,96952710.6003017,38068407.47632049,16-Nov-2016,2016,26-Aug-2024,Kwara,Ilorin East,www.ubanetworksplc.ng,"CIT,VAT,WHT,CGT"
508a6a0c-831d-44e1-a035-d684c52f7710,RC-292940,4288260272236,Zenith Bank Holdings NGO/Gte,Energy,NGO/Gte,3589521331.3178215,2402777942.472023,583108934.9206536,720833382.7416068,96111117.69888093,1054,137371403.4288224,146819122.2267061,11-Oct-2020,2020,25-Oct-2025,Kaduna,Zaria,www.zenithbankholdingsngo/gte.org.ng,"CIT,VAT,WHT,CGT"
aa081d81-6a59-4b61-b24e-4dd57f96cbd0,RC-976593,0400636066311,Pointek Networks NGO/Gte,Energy,NGO/Gte,3768042037.287242,3561936358.9522176,539780244.4135497,1068580907.6856652,142477454.3580887,237,35428652.11335409,221570103.3732802,10-Apr-2013,2013,18-Apr-2024,Rivers,Obio-Akpor,www.pointeknetworksngo/gte.ng,"CIT,VAT,WHT,CGT"
9e3fe8c1-3de4-4d74-b07f-1c5bf0fcd4b0,RC-456913,0326122835021,Genesis Group West Africa NGO/Gte,Tech,NGO/Gte,2408789872.4921293,2176678982.6515317,313374516.0537404,653003694.7954595,87067159.30606127,1090,463204412.123921,44124630.736152194,21-Feb-2012,2012,25-Feb-2024,Abuja (FCT),Abuja Municipal,www.genesisgroupwestafricango/gte.org.ng,"CIT,VAT,WHT,CGT"
423cf788-cea7-4e32-b83e-561cb5d7ef08,RC-780928,4240663841366,Globacom Industries LLP,Tech,LLP,481854303.7113167,323229261.8705991,87502477.58910671,96968778.56117973,12929170.474823965,1009,478359577.38509536,10053868.418602215,28-Aug-2019,2019,08-Apr-2024,Oyo,Ibadan South-West,www.globacomindustriesllp.com.ng,"CIT,VAT,WHT,CGT"
aa7a9fd6-42c4-405c-ac10-eabcf6dbf85a,RC-506351,7722782574520,AltSchool Holdings PLC,Tech,PLC,4623202513.116105,2353783543.9121614,465747622.073459,706135063.1736484,94151341.75648646,171,52098359.837797344,54127611.083795264,04-Sep-2013,2013,07-May-2024,Lagos,Ikeja,www.altschoolholdingsplc.ng,"CIT,VAT,WHT,CGT"
be5f7021-895a-4261-9d6b-e6f540dda8e0,RC-366850,3675175727365,Cadbury Global Ltd,Retail,Ltd,2359548586.7198706,2295535382.2564726,508291692.1524543,688660614.6769418,91821415.2902589,1047,304094985.46442264,127688049.28124656,25-Sep-2011,2011,10-Jun-2024,Anambra,Onitsha North,www.cadburygloballtd.com.ng,"CIT,VAT,WHT,CGT"
a902a516-1a83-4dd5-b831-0d01435e9787,RC-908528,7366714532887,Coscharis Technologies NGO/Gte,Agro,NGO/Gte,1347398786.065313,1309631181.2184684,317287550.0639283,392889354.3655405,52385247.248738736,345,92232696.53933643,60068731.43269824,27-Oct-2016,2016,14-Mar-2024,Ogun,Abeokuta South,www.coscharistechnologiesngo/gte.org.ng,"CIT,VAT,WHT,CGT"
182d400f-48e0-4c4c-97c9-c46d82a41a52,RC-503212,3373315203771,Ibeto Networks Ltd,Energy,Ltd,498026829.7318488,335616925.14172924,94801186.27824542,100685077.54251876,13424677.00566917,406,26123185.638928507,16923428.897888307,24-Feb-2021,2021,27-Sep-2025,Edo,Egor,www.ibetonetworksltd.net.ng,"CIT,VAT,WHT,CGT"
c634f09f-098e-4469-9bc5-505aa5f29f2f,RC-647925,5177820551164,Eroton Systems Ltd,Retail,Ltd,3060555332.2473264,2532707079.988707,350732944.99650717,759812123.9966121,101308283.19954829,297,51639749.04950641,103027347.41770095,04-Nov-2015,2015,23-Jun-2024,Rivers,Port Harcourt,www.erotonsystemsltd.com.ng,"CIT,VAT,WHT,CGT"
207470de-0be5-4ed7-b639-6e61024190f7,RC-201671,7010844207314,First Bank Systems LLP,Retail,LLP,268302573.4916886,204067680.55801454,63973342.66981081,61220304.16740436,8162707.222320582,1087,348709065.00052667,2303437.3308326406,07-Sep-2015,2015,08-Aug-2025,Abuja (FCT),Abuja Municipal,www.firstbanksystemsllp.com.ng,"CIT,VAT,WHT,CGT"
17d1764a-21ca-4358-932b-a0c315e35a5a,RC-755414,6875511061836,Galaxy Backbone Technologies LLP,Agro,LLP,2451602597.5830216,1807210303.0744152,202055125.8039851,542163090.9223245,72288412.12297662,851,66845840.28314318,10777763.26526561,07-Nov-2025,2025,16-Oct-2024,Oyo,Ibadan South-West,www.galaxybackbonetechnologiesllp.com.ng,"CIT,VAT,WHT,CGT"
0c002478-6ff4-4334-b926-060549f72dd7,RC-837747,0453182345152,Paystack Nigeria NGO/Gte,Agro,NGO/Gte,1416214687.8256395,880029079.568723,290677989.3521692,264008723.87061688,35201163.18274892,753,124676232.99424101,40467697.47280102,24-Dec-2018,2018,19-Mar-2024,Akwa Ibom,Ikot Ekpene,www.paystacknigeriango/gte.ng,"CIT,VAT,WHT,CGT"
5080ecef-d596-4ea7-9e34-ad3dc220e7b8,RC-893007,6633228555468,Dangote Enterprises NGO/Gte,Tech,NGO/Gte,1479137496.3333354,1194421845.252566,129764502.66372895,358326553.57576984,47776873.81010264,557,264599536.80997145,75919734.06365657,19-Mar-2023,2023,01-Sep-2025,Oyo,Ibadan South-West,www.dangoteenterprisesngo/gte.ng,"CIT,VAT,WHT,CGT"
6ec32b87-3e60-4b6e-b017-f45810b9cd0c,RC-647176,2244356832168,Interswitch Solutions LLP,Manufacturing,LLP,3733293214.432319,2648654664.6007004,799112998.3129454,794596399.38021,105946186.58402802,270,101589971.93700545,72049106.24602321,28-Dec-2022,2022,07-Jul-2025,Anambra,Awka South,www.interswitchsolutionsllp.com.ng,"CIT,VAT,WHT,CGT"
ade39bde-63d8-4e8c-bb2a-a4edecef704e,RC-903163,2147525728673,First Bank Networks NGO/Gte,Tech,NGO/Gte,851595503.4791062,552998267.5224475,208280938.0354027,165899480.25673422,22119930.7008979,260,125505173.5377511,16122447.943851104,19-Jan-2014,2014,15-Mar-2024,Kano,Gwale,www.firstbanknetworksngo/gte.ng,"CIT,VAT,WHT,CGT"
4afca2e4-dd74-44f9-beb5-b9e2fbd09ace,RC-595708,3607874405102,ABC Transport Technologies NGO/Gte,Agro,NGO/Gte,4693515241.990981,2951751367.650127,537953594.8064098,885525410.2950381,118070054.70600508,79,22921618.48584192,80600793.64036234,11-Jan-2014,2014,23-Dec-2025,Anambra,Awka South,www.abctransporttechnologiesngo/gte.ng,"CIT,VAT,WHT,CGT"
51b983dc-e215-42a8-a196-cd24bffe2669,RC-738775,1581078788713,GTBank Industries LLP,Tech,LLP,3948858625.1827703,3866057858.7746334,613744709.1373158,1159817357.63239,154642314.35098535,961,442877817.32061166,45627797.72730697,21-Sep-2015,2015,07-Mar-2025,Lagos,Oshodi-Isolo,www.gtbankindustriesllp.com.ng,"CIT,VAT,WHT,CGT"
87cf5556-0cb2-42d0-80ac-2b2682d405b3,RC-681889,6105502481323,Honeywell Resources PLC,Retail,PLC,604096379.5801204,399604413.9056758,51824702.80067664,119881324.17170274,15984176.556227034,1024,31377484.931370903,17214761.470041946,17-Aug-2015,2015,17-Oct-2025,Rivers,Obio-Akpor,www.honeywellresourcesplc.com.ng,"CIT,VAT,WHT,CGT"
a825f871-e321-423f-ba12-5d1119315d26,RC-231327,6232658281486,Flour Mills Services LLP,Manufacturing,LLP,2499974475.358493,1641617850.636868,395922935.6259665,492485355.19106036,65664714.02547472,781,67489649.5670358,29414974.365113445,30-Sep-2015,2015,30-May-2025,Abuja (FCT),Bwari,www.flourmillsservicesllp.com.ng,"CIT,VAT,WHT,CGT"
40315c74-097a-4207-a59f-5f64ee743485,RC-680411,4007442387347,Dangote Sugar Holdings NGO/Gte,Energy,NGO/Gte,1859983213.8972752,1252534919.8228087,363466785.7234684,375760475.9468426,50101396.79291235,519,175216422.2064389,69402020.31907347,06-Apr-2019,2019,04-Feb-2024,Anambra,Nnewi North,www.dangotesugarholdingsngo/gte.org.ng,"CIT,VAT,WHT,CGT"
8e19598d-4163-49c1-8cdb-bffa9db8eb24,RC-902434,5844720226324,Chi Systems LLP,Retail,LLP,1895304460.9079504,1613184267.77217,328039808.9640384,483955280.331651,64527370.710886806,580,33953703.24978751,109300018.40942305,30-Nov-2015,2015,08-Feb-2025,Delta,Warri South,www.chisystemsllp.com.ng,"CIT,VAT,WHT,CGT"
16d5b8b3-d27c-495d-b570-5d3a7aa32457,RC-629470,0534876435235,Genesis Group Nigeria NGO/Gte,Agro,NGO/Gte,2268090885.640535,2171734375.818074,421994470.0814969,651520312.7454222,86869375.03272296,871,342592234.3614611,73333474.25084414,16-Jul-2016,2016,20-Dec-2024,Lagos,Ikeja,www.genesisgroupnigeriango/gte.ng,"CIT,VAT,WHT,CGT"
b098b5aa-5517-48cf-8284-de0967d5a0b7,RC-408455,7540844712786,UBA Services NGO/Gte,Agro,NGO/Gte,3924943005.624705,2706495819.7458997,540788924.5104258,811948745.9237698,108259832.78983599,1198,524723821.1237987,46146883.87710928,15-Nov-2020,2020,28-Feb-2024,Rivers,Eleme,www.ubaservicesngo/gte.org.ng,"CIT,VAT,WHT,CGT"
e85fc594-d31c-423f-80f1-378212555d42,RC-962493,4470754826068,Union Bank Technologies LLP,Energy,LLP,635053461.0133086,343870889.1956766,74943169.8058795,103161266.75870298,13754835.567827065,490,141641411.7133922,14629155.007866815,04-Dec-2019,2019,09-Nov-2024,Akwa Ibom,Ikot Ekpene,www.unionbanktechnologiesllp.com.ng,"CIT,VAT,WHT,CGT"
028ac10b-60d8-4850-9ff9-4829c2f374ed,RC-791465,4823880535232,Slot Systems PLC,Manufacturing,PLC,3512153415.4105144,3317786173.764743,690880672.9249438,995335852.1294228,132711446.95058972,317,102918824.04780495,165299100.083119,25-Aug-2016,2016,29-Oct-2025,Ogun,Abeokuta South,www.slotsystemsplc.com.ng,"CIT,VAT,WHT,CGT"
2bb297eb-7551-441d-ba79-db7bce8bfb9b,RC-265875,1618428003572,Nestle Enterprises PLC,Tech,PLC,2168986359.0371566,1202212261.8755107,393146677.43242866,360663678.5626532,48088490.47502043,41,10248903.18546209,48552936.21279552,31-Mar-2025,2025,31-May-2025,Lagos,Ikeja,www.nestleenterprisesplc.com.ng,"CIT,VAT,WHT,CGT"
a1ec6e75-d8dc-48e6-994c-33ce6b034bcd,RC-255844,0425546501035,Access Logistics LLP,Manufacturing,LLP,3845058139.8504634,3214367708.724975,612396191.4575099,964310312.6174926,128574708.34899901,692,143379404.40963873,136712060.18504253,16-Jun-2013,2013,22-Dec-2025,Kwara,Ilorin East,www.accesslogisticsllp.com.ng,"CIT,VAT,WHT,CGT"
c7d6f732-d851-4094-aa03-99f18a2203de,RC-322303,1476873810181,Shoprite Ventures Ltd,Fintech,Ltd,3758728317.1921873,2101384877.2377498,621421385.4532579,630415463.171325,84055395.08951,395,138326777.83771214,146318369.4976703,12-Feb-2020,2020,15-Mar-2024,Ogun,Abeokuta South,www.shopriteventuresltd.com.ng,"CIT,VAT,WHT,CGT"
ce8bb1c6-7030-42a6-b4bf-ff8ed3e40b69,RC-100702,2277676721228,Dangote Group LLP,Retail,LLP,3477199315.361969,3437753870.899306,458799597.62823224,1031326161.2697917,137510154.83597225,1105,332364310.4575954,234769247.99344403,06-Apr-2022,2022,21-Jul-2024,Rivers,Eleme,www.dangotegroupllp.com.ng,"CIT,VAT,WHT,CGT"
facfb8ba-d160-43c8-b084-5b2582f5df4d,RC-803220,4156361227427,Peace Mass Enterprises Ltd,Manufacturing,Ltd,2607177360.7717795,1604083743.2512326,409617778.19069314,481225122.97536975,64163349.730049305,84,33986697.45513187,50758070.6949844,28-May-2025,2025,06-Jul-2025,Akwa Ibom,Eket,www.peacemassenterprisesltd.net.ng,"CIT,VAT,WHT,CGT"
4ee3ad08-0d12-4883-a509-a14cc336db06,RC-469771,6151221547806,Sterling Enterprises PLC,Tech,PLC,83648561.61840032,47528529.14924251,14225456.212215953,0.0,0.0,266,14859592.814238334,2206077.1950922175,04-Jan-2016,2016,15-Oct-2024,Edo,Egor,www.sterlingenterprisesplc.ng,"CIT,VAT,WHT,CGT"
2d44ef01-c0fe-4050-af6b-c71c64c8f523,RC-734303,3708143632160,Sterling Bank Ventures PLC,Retail,PLC,981414214.9936805,659195594.5910046,140882753.37053224,197758678.37730137,26367823.783640184,394,153187792.27794677,39760450.78080156,04-Nov-2014,2014,14-Nov-2025,Edo,Ikpoba-Okha,www.sterlingbankventuresplc.ng,"CIT,VAT,WHT,CGT"
938d2e19-d3f9-4d36-a38e-d4e00a6afcc6,RC-290568,4163608308773,Opay Nigeria Ltd,Energy,Ltd,2542733856.321833,2526264990.5958962,614421528.8794662,757879497.1787689,101050599.62383585,1109,298420886.63509053,115101576.40302564,17-Aug-2018,2018,29-Jan-2024,Ogun,Abeokuta North,www.opaynigerialtd.net.ng,"CIT,VAT,WHT,CGT"
a48359a7-0107-4cf2-99b6-4cf8d1fc88a5,RC-728942,6205114747020,Access West Africa PLC,Agro,PLC,2600857524.89148,2443907041.9637036,614525504.394679,733172112.5891111,97756281.67854814,913,153728599.78248668,141667444.41811392,18-Sep-2021,2021,08-May-2024,Lagos,Ifako-Ijaiye,www.accesswestafricaplc.com.ng,"CIT,VAT,WHT,CGT"
a8ef2cf9-547c-4f05-853b-99c8876c9f4c,RC-384696,6051313813862,Decagon Holdings PLC,Manufacturing,PLC,3571327873.093104,2617316612.225277,614867382.6491408,785194983.6675831,104692664.48901108,681,247956461.08393237,79572240.13587011,06-Nov-2021,2021,24-Jul-2024,Kaduna,Kafanchan,www.decagonholdingsplc.ng,"CIT,VAT,WHT,CGT"
0dad5f48-8bdd-410b-827f-71d367366d0a,RC-655323,5261400513326,Seplat Technologies NGO/Gte,Retail,NGO/Gte,840682915.0420122,522032223.2145785,94894969.48196076,156609666.96437356,20881288.92858314,913,376135231.98542315,1659560.0595989195,16-Aug-2022,2022,21-Apr-2025,Ogun,Abeokuta South,www.seplattechnologiesngo/gte.ng,"CIT,VAT,WHT,CGT"
2e8c06ce-c4fc-4313-9880-092b80e9d399,RC-939908,4532063246413,Flour Mills Technologies NGO/Gte,Tech,NGO/Gte,3048771067.1166024,2777018530.874134,493748302.4480903,833105559.2622402,111080741.23496537,55,7143897.797911799,40983918.91229711,13-Jan-2023,2023,08-Jul-2024,Lagos,Kosofe,www.flourmillstechnologiesngo/gte.org.ng,"CIT,VAT,WHT,CGT"
f66b04a2-e29e-43f6-be1f-a6e39fa19b96,RC-375264,6116302421122,OPay West Africa LLP,Manufacturing,LLP,1394418599.6660843,1165630579.6045718,159838409.03388605,349689173.88137156,46625223.184182875,489,222855886.51850167,40501190.50486992,04-Aug-2018,2018,27-Oct-2025,Delta,Ughelli North,www.opaywestafricallp.com.ng,"CIT,VAT,WHT,CGT"
54807c51-3499-4e8a-b10b-ededb04145be,RC-147109,7344836757325,TotalEnergies Ventures LLP,Retail,LLP,3539579705.713664,2560845589.411858,775836255.7117403,768253676.8235574,102433823.57647432,738,291198513.2648928,78133431.89607568,26-Nov-2011,2011,01-Aug-2025,Anambra,Nnewi North,www.totalenergiesventuresllp.com.ng,"CIT,VAT,WHT,CGT"
2e40fa01-aa4b-4fab-ad70-b066c6a17e83,RC-800930,0523243771468,AltSchool West Africa LLP,Tech,LLP,1529785225.312445,1293090488.6392078,140271463.66444412,387927146.59176236,51723619.54556832,975,354466801.8543401,16033533.762754604,12-Apr-2015,2015,31-Mar-2025,Oyo,Ibadan North,www.altschoolwestafricallp.com.ng,"CIT,VAT,WHT,CGT"
7ab89c7e-dfb3-4e62-aeb7-5c6becf5b8c4,RC-564842,4677731643825,Chi Group NGO/Gte,Fintech,NGO/Gte,3951012939.248016,2574529691.1466823,894473176.3115325,772358907.3440046,102981187.64586729,173,63295684.01304199,188113904.13412946,19-Oct-2023,2023,01-Mar-2025,Enugu,Nsukka,www.chigroupngo/gte.org.ng,"CIT,VAT,WHT,CGT"
15058fa3-6b39-4eda-82c5-984e9f34241d,RC-978068,2822362370737,Mikano Nigeria NGO/Gte,Tech,NGO/Gte,728851697.3319129,715875589.6191263,72395214.69214304,214762676.8857379,28635023.584765054,71,23551926.858753916,3680864.281929132,30-Nov-2020,2020,18-Jun-2024,Lagos,Lagos Island,www.mikanonigeriango/gte.ng,"CIT,VAT,WHT,CGT"
5a224695-172f-4512-bd31-e75bdca35967,RC-219086,4807055838216,Zenith West Africa Ltd,Tech,Ltd,1773079451.1837094,1243277155.5109713,192321444.19379565,372983146.6532914,49731086.22043885,867,190689903.19001576,6686004.391621186,19-Feb-2019,2019,11-Feb-2024,Abuja (FCT),Kuje,www.zenithwestafricaltd.com.ng,"CIT,VAT,WHT,CGT"
336ee28e-e53e-4ca7-aa1f-c9020d5be269,RC-929593,4186136011028,ABC Transport Global LLP,Fintech,LLP,3211575189.9016824,1673856601.4379768,673150994.0057532,502156980.431393,66954264.05751908,72,28297225.694536448,41941678.51038155,06-Sep-2022,2022,14-Dec-2025,Lagos,Eti-Osa,www.abctransportgloballlp.com.ng,"CIT,VAT,WHT,CGT"
e95d8010-e7e1-4ff4-872d-c0c3b437bada,RC-242485,7761522786564,Slot Logistics PLC,Tech,PLC,31385882.051794756,22738314.53498431,4993598.431111375,0.0,0.0,290,23538025.804471657,396230.4972151759,27-Feb-2019,2019,09-Oct-2025,Rivers,Obio-Akpor,www.slotlogisticsplc.com.ng,"CIT,VAT,WHT,CGT"
bb5b436b-069f-4075-92a2-4b21da207535,RC-776092,7718143527842,ABC Transport West Africa PLC,Fintech,PLC,2103293070.995211,1827577116.0260623,195939583.03607115,548273134.8078187,73103084.64104249,481,164636802.6755528,32623623.81012399,30-Oct-2012,2012,31-Jan-2024,Delta,Ughelli North,www.abctransportwestafricaplc.com.ng,"CIT,VAT,WHT,CGT"
7d1b38ef-e552-406f-aa1c-b7784e5d7ac8,RC-577317,6254567038681,Genesis Group Holdings LLP,Energy,LLP,4916495896.568389,4316366440.926648,1192989002.0369194,1294909932.2779944,172654657.63706592,393,63376643.31058431,296450902.7114097,31-Oct-2019,2019,26-Jul-2025,Edo,Egor,www.genesisgroupholdingsllp.com.ng,"CIT,VAT,WHT,CGT"
9bdfa68d-82e2-41d3-acf8-f5b84aa6030a,RC-517275,7827438285018,Decagon West Africa PLC,Manufacturing,PLC,642779076.7287369,321400825.21360224,77685155.76100437,96420247.56408067,12856033.00854409,737,322970600.26447374,15613986.113602761,01-Jun-2021,2021,05-Sep-2025,Anambra,Awka South,www.decagonwestafricaplc.com.ng,"CIT,VAT,WHT,CGT"
486b98b4-a92e-452e-8ac1-80e172fc70d3,RC-601160,2761135656071,SevenUp Global Ltd,Tech,Ltd,3260254363.574507,1825550874.1517284,496844293.8801826,547665262.2455184,73022034.96606913,1115,480773839.66906303,70473183.49211687,08-Apr-2025,2025,12-Jul-2024,Ogun,Abeokuta North,www.sevenupgloballtd.net.ng,"CIT,VAT,WHT,CGT"
4e6b3d5a-eb45-4adc-a062-4a2acd5f8d07,RC-758257,2565684513528,Opay Logistics LLP,Manufacturing,LLP,4885345033.507266,3661908035.6563435,1076395180.465175,1098572410.696903,146476321.42625374,978,379745609.5325705,50007262.64712084,11-Mar-2014,2014,28-Oct-2025,Kaduna,Kafanchan,www.opaylogisticsllp.com.ng,"CIT,VAT,WHT,CGT"
7d827cd9-6922-44b3-863b-0e8fb3dd5dbf,RC-566388,5725627832248,Pointek Services LLP,Agro,LLP,2975468621.37141,2366568304.9080677,684307638.6430621,709970491.4724203,94662732.19632271,670,219063138.05391985,117834067.02728987,18-Nov-2024,2024,25-Oct-2025,Rivers,Okrika,www.pointekservicesllp.com.ng,"CIT,VAT,WHT,CGT"
28375c2c-2184-454e-95c5-98190b5c74dd,RC-854636,1788448141061,Zenith Industries Ltd,Energy,Ltd,1227780476.6119082,1121335266.193877,257089474.29804257,336400579.85816306,44853410.64775508,83,7928252.618913501,66865295.42169232,22-Jun-2024,2024,28-Jan-2025,Kano,Tarauni,www.zenithindustriesltd.net.ng,"CIT,VAT,WHT,CGT"
d81a5436-ec7d-48e9-a998-dd594879dc61,RC-692778,7452350038616,NLNG Nigeria NGO/Gte,Agro,NGO/Gte,4800937331.530295,3496956346.559039,891231058.3602566,1049086903.9677117,139878253.86236158,530,225462235.9272694,33644626.09801609,03-Nov-2014,2014,05-Feb-2024,Delta,Uyo,www.nlngnigeriango/gte.org.ng,"CIT,VAT,WHT,CGT"
19872176-60ef-47c7-bf8f-1c0c07737aef,RC-494903,2456074742717,Glovo Industries LLP,Fintech,LLP,4516567101.21064,2906040703.1733665,891154179.188116,871812210.9520099,116241628.12693466,721,305627299.8286027,40892563.4585554,19-Jan-2026,2026,30-Apr-2024,Ogun,Ijebu Ode,www.glovoindustriesllp.com.ng,"CIT,VAT,WHT,CGT"
25b90d4a-399b-4bc2-9458-96caf8702e46,RC-568964,2643438048171,Dangote Sugar Enterprises LLP,Energy,LLP,2788512094.5768175,2117411620.541036,276564210.16175586,635223486.1623107,84696464.82164143,902,136002716.62056196,106050025.83751778,04-Jan-2023,2023,21-Sep-2024,Abuja (FCT),Abaji,www.dangotesugarenterprisesllp.com.ng,"CIT,VAT,WHT,CGT"
fd2beaed-e2b8-44e0-a030-439fef987e85,RC-614469,7047756560077,SevenUp Ventures NGO/Gte,Energy,NGO/Gte,1468142465.1671045,919068833.3697474,174794748.49803782,275720650.0109242,36762753.334789895,674,170774989.79693615,14053622.37602362,31-Oct-2018,2018,11-Oct-2024,Plateau,Jos South,www.sevenupventuresngo/gte.org.ng,"CIT,VAT,WHT,CGT"
1cacd2a0-09a2-48ae-be8a-70b1a11fcf02,RC-317591,2726386452048,GTBank Services Ltd,Energy,Ltd,1053321342.9672612,1047552474.2937245,173215550.2458252,314265742.28811735,41902098.971748985,1163,531204635.11496735,78321431.08851059,24-Nov-2021,2021,17-Jul-2024,Edo,Oredo,www.gtbankservicesltd.com.ng,"CIT,VAT,WHT,CGT"
0f6136ca-61e9-4b71-a10c-4b7890d2486b,RC-693941,2071567162311,Kuda Ventures PLC,Retail,PLC,3296647749.6417546,2841538601.112478,442338034.37849474,852461580.3337433,113661544.04449911,937,221915358.8152707,196166722.86556336,28-Jan-2024,2024,04-Dec-2025,Kwara,Ilorin West,www.kudaventuresplc.ng,"CIT,VAT,WHT,CGT"
3e6ee7dd-4d39-43d9-862d-606b3188b51b,RC-201191,3155710317718,First Bank Systems NGO/Gte,Agro,NGO/Gte,4680750169.023058,4450013818.566486,531102822.5824892,1335004145.5699458,178000552.74265945,738,64942749.32370683,212554873.55623654,18-May-2022,2022,07-Apr-2024,Kaduna,Kaduna North,www.firstbanksystemsngo/gte.ng,"CIT,VAT,WHT,CGT"
67f31be6-b7f8-441a-988c-ed5ac04c31b6,RC-421024,4522633566400,Flutterwave West Africa Ltd,Tech,Ltd,1170477735.2739954,1136851984.950707,250805885.98225695,341055595.4852121,45474079.39802828,774,210942557.99831045,45035382.66769335,12-Mar-2022,2022,29-May-2025,Abuja (FCT),Abaji,www.flutterwavewestafricaltd.net.ng,"CIT,VAT,WHT,CGT"
d012c44b-4449-4ab5-9070-b3f7b4d46d74,RC-693795,4536742221066,Palmpay Holdings PLC,Tech,PLC,1177460247.303023,630214536.8211889,126174649.49848008,189064361.04635668,25208581.47284756,1026,190386920.0367092,35936803.95706494,27-Mar-2013,2013,26-Sep-2025,Lagos,Agege,www.palmpayholdingsplc.com.ng,"CIT,VAT,WHT,CGT"
6d30c208-a907-4369-b4ac-80d0f4dcdeb6,RC-811551,6535345058408,TotalEnergies Logistics Ltd,Manufacturing,Ltd,920143316.8788377,507984893.7921961,205619964.50746652,152395468.13765883,20319395.751687843,722,161789849.3741246,8409248.83579757,22-Apr-2025,2025,15-Sep-2024,Edo,Oredo,www.totalenergieslogisticsltd.com.ng,"CIT,VAT,WHT,CGT"
79879540-2a72-4b58-a071-68ad464a594c,RC-198047,6363056777820,FBN Group Ltd,Tech,Ltd,3717657661.999055,2566290014.906025,406157829.14884055,769887004.4718075,102651600.596241,908,95737189.1121029,125141466.73543188,17-Jul-2017,2017,06-Oct-2025,Oyo,Ibadan South-West,www.fbngroupltd.net.ng,"CIT,VAT,WHT,CGT"
adcbd887-04ee-4f39-b306-a32aa1a740e8,RC-726663,1477248868378,Semicolon Africa Ventures LLP,Fintech,LLP,647063385.0343612,518657647.9460278,55973476.515837505,155597294.38380834,20746305.917841114,541,151870260.23604065,32716.417164849016,26-Dec-2019,2019,27-Jun-2025,Lagos,Lagos Island,www.semicolonafricaventuresllp.com.ng,"CIT,VAT,WHT,CGT"
68184e89-e137-4043-9da2-4c65bf38a27f,RC-204546,7513055028170,Mikano Solutions PLC,Manufacturing,PLC,4436067878.052693,3603226808.577592,1029842260.6316668,1080968042.5732775,144129072.34310368,97,38289274.659376,258760489.40964946,02-Aug-2020,2020,13-Feb-2024,Edo,Ikpoba-Okha,www.mikanosolutionsplc.com.ng,"CIT,VAT,WHT,CGT"
2f3a7d8b-fd43-49fb-8e0c-300c00e192da,RC-781252,0776070260085,Dangote Networks LLP,Manufacturing,LLP,4519812312.21474,4257949276.540913,528701466.77118826,1277384782.9622738,170317971.06163654,82,33772002.31450842,163288942.54819977,24-Oct-2022,2022,27-Jul-2024,Enugu,Udi,www.dangotenetworksllp.com.ng,"CIT,VAT,WHT,CGT"
5e7c96e0-8751-4e89-bf8b-c1a55e74d3a5,RC-870775,2825511327342,AltSchool Global LLP,Energy,LLP,4390758335.316249,3739036521.5118723,397257328.92992944,1121710956.4535615,149561460.86047488,465,84467408.84857887,137755806.76301005,30-Jun-2012,2012,14-Jul-2024,Delta,Ughelli North,www.altschoolgloballlp.com.ng,"CIT,VAT,WHT,CGT"
9016d39c-7edd-4728-b9c4-c59934ee88e9,RC-397192,0801225854378,Coscharis Networks PLC,Retail,PLC,1997530849.151922,1419873890.7584076,200454243.88299212,425962167.22752225,56794955.63033631,988,475310709.0749527,62425371.181132905,27-Jan-2026,2026,09-Mar-2025,Oyo,Ibadan North,www.coscharisnetworksplc.com.ng,"CIT,VAT,WHT,CGT"
3998afa0-f683-49b1-8280-98a268494b7e,RC-811683,3450363724457,Genesis Group Solutions PLC,Energy,PLC,3189388431.1289473,2366326721.168084,771951873.3237274,709898016.3504252,94653068.84672336,759,372379184.0092825,141837398.82549447,14-Jun-2014,2014,27-Jan-2026,Anambra,Idemili South,www.genesisgroupsolutionsplc.com.ng,"CIT,VAT,WHT,CGT"
97457881-894f-45db-9913-d9744018bc9b,RC-535134,3237177882871,Seplat Logistics PLC,Tech,PLC,1557980750.3344522,1083279950.100707,230927855.28543845,324983985.0302121,43331198.00402828,263,126212810.33786015,2907285.08028809,20-Dec-2020,2020,23-Feb-2024,Rivers,Ikwerre,www.seplatlogisticsplc.ng,"CIT,VAT,WHT,CGT"
b7b4f51d-9fdc-4edc-a3ae-80386858f88a,RC-472033,5720238428342,Ardova Group Ltd,Tech,Ltd,3700229195.923239,3148383461.2204456,401367754.03958786,944515038.3661337,125935338.44881783,154,41266585.52018004,107002847.52587625,02-Jan-2018,2018,07-Jun-2024,Akwa Ibom,Ikot Ekpene,www.ardovagroupltd.com.ng,"CIT,VAT,WHT,CGT"
2bbac220-0e5c-4a04-9993-cdd5beec5cf2,RC-163347,0657705102206,Silverbird Enterprises LLP,Manufacturing,LLP,921419621.1925062,905785891.5002844,160162299.39353073,271735767.45008534,36231435.66001138,183,69507444.4388849,42975033.09347217,28-Nov-2011,2011,20-Mar-2024,Kwara,Ilorin West,www.silverbirdenterprisesllp.com.ng,"CIT,VAT,WHT,CGT"
fdd8f014-4f02-4fdb-9178-b98f321155fc,RC-449329,7816850542456,NLNG Industries LLP,Agro,LLP,4952689421.916094,3919323012.539134,697117552.5579406,1175796903.7617402,156772920.50156537,204,24456190.9137765,120036966.3861647,15-Apr-2012,2012,05-May-2024,Rivers,Obio-Akpor,www.nlngindustriesllp.com.ng,"CIT,VAT,WHT,CGT"
b632178d-54b1-4b03-9b9b-40a919071b0b,RC-405926,5511683803585,Seplat Systems Ltd,Fintech,Ltd,1854486240.624176,990674725.0223516,346532810.6013114,297202417.50670546,39626989.00089406,863,242857678.91043568,64418400.21617218,23-Sep-2018,2018,09-Oct-2024,Rivers,Port Harcourt,www.seplatsystemsltd.net.ng,"CIT,VAT,WHT,CGT"
d2cf4e8e-4ae4-4f5e-971c-6c1aca353193,RC-214183,4638448622583,Silverbird Services Ltd,Manufacturing,Ltd,3868896803.6568136,3130123153.6519203,952881790.7694457,939036946.095576,125204926.14607681,671,170097929.1971365,32658166.68889134,29-Nov-2025,2025,03-May-2025,Rivers,Okrika,www.silverbirdservicesltd.com.ng,"CIT,VAT,WHT,CGT"
